Time [s],CMD,CLK,D0,D1,D2,D3
2026-09-09T22:54:24.446769625+00:00,1,1,1,1,1,1
2026-09-09T22:54:24.449218625+00:00,1,1,1,0,1,1
2026-09-09T22:54:24.449219500+00:00,1,1,1,0,0,1
2026-09-09T22:54:24.449220375+00:00,1,1,1,0,0,0
2026-09-09T22:54:24.449221250+00:00,1,0,1,0,0,0
2026-09-09T22:54:24.449223125+00:00,0,0,1,0,0,0
2026-09-09T22:54:24.449373000+00:00,1,0,1,0,0,0
2026-09-09T22:54:24.449380125+00:00,1,0,1,1,0,0
2026-09-09T22:54:24.449383250+00:00,1,0,1,1,1,0
2026-09-09T22:54:24.449386625+00:00,1,0,1,1,1,1
2026-09-09T22:54:24.449406000+00:00,0,0,1,1,1,1
2026-09-09T22:54:24.449406625+00:00,1,0,1,1,1,1
2026-09-09T22:54:24.449410625+00:00,1,1,1,1,1,1
2026-09-09T22:54:24.449413750+00:00,1,0,1,1,1,1
2026-09-09T22:54:24.449416500+00:00,1,1,1,1,1,1
2026-09-09T22:54:24.449419500+00:00,1,0,1,1,1,1
2026-09-09T22:54:24.449422250+00:00,1,1,1,1,1,1
2026-09-09T22:54:24.449424500+00:00,1,0,1,1,1,1
2026-09-09T22:54:24.449427375+00:00,1,1,1,1,1,1
2026-09-09T22:54:24.449430625+00:00,1,0,1,1,1,1
2026-09-09T22:54:24.449433375+00:00,1,1,1,1,1,1
2026-09-09T22:54:24.449436375+00:00,1,0,1,1,1,1
2026-09-09T22:54:24.449439125+00:00,1,1,1,1,1,1
2026-09-09T22:54:24.449442500+00:00,1,0,1,1,1,1
2026-09-09T22:54:24.449446250+00:00,1,1,1,1,1,1
2026-09-09T22:54:24.449449500+00:00,1,0,1,1,1,1
2026-09-09T22:54:24.449452250+00:00,1,1,1,1,1,1
2026-09-09T22:54:24.449455250+00:00,1,0,1,1,1,1
2026-09-09T22:54:24.449458375+00:00,1,1,1,1,1,1
2026-09-09T22:54:24.449461375+00:00,1,0,1,1,1,1
2026-09-09T22:54:24.449464125+00:00,1,1,1,1,1,1
2026-09-09T22:54:24.449467375+00:00,1,0,1,1,1,1
2026-09-09T22:54:24.449470125+00:00,1,1,1,1,1,1
2026-09-09T22:54:24.449473125+00:00,1,0,1,1,1,1
2026-09-09T22:54:24.449475875+00:00,1,1,1,1,1,1
2026-09-09T22:54:24.449478250+00:00,1,0,1,1,1,1
2026-09-09T22:54:24.449481000+00:00,1,1,1,1,1,1
2026-09-09T22:54:24.449484375+00:00,1,0,1,1,1,1
2026-09-09T22:54:24.449487125+00:00,1,1,1,1,1,1
2026-09-09T22:54:24.449490125+00:00,1,0,1,1,1,1
2026-09-09T22:54:24.449492875+00:00,1,1,1,1,1,1
2026-09-09T22:54:24.449496125+00:00,1,0,1,1,1,1
2026-09-09T22:54:24.449499000+00:00,1,1,1,1,1,1
2026-09-09T22:54:24.449502250+00:00,1,0,1,1,1,1
2026-09-09T22:54:24.449505000+00:00,1,1,1,1,1,1
2026-09-09T22:54:24.449508000+00:00,1,0,1,1,1,1
2026-09-09T22:54:24.449510750+00:00,1,1,1,1,1,1
2026-09-09T22:54:24.449514125+00:00,1,0,1,1,1,1
2026-09-09T22:54:24.449516875+00:00,1,1,1,1,1,1
2026-09-09T22:54:24.449520125+00:00,1,0,1,1,1,1
2026-09-09T22:54:24.449522875+00:00,1,1,1,1,1,1
2026-09-09T22:54:24.449525875+00:00,1,0,1,1,1,1
2026-09-09T22:54:24.449528625+00:00,1,1,1,1,1,1
2026-09-09T22:54:24.449533000+00:00,1,0,1,1,1,1
2026-09-09T22:54:24.449535875+00:00,1,1,1,1,1,1
2026-09-09T22:54:24.449538750+00:00,1,0,1,1,1,1
2026-09-09T22:54:24.449541625+00:00,1,1,1,1,1,1
2026-09-09T22:54:24.449543875+00:00,1,0,1,1,1,1
2026-09-09T22:54:24.449546625+00:00,1,1,1,1,1,1
2026-09-09T22:54:24.449550000+00:00,1,0,1,1,1,1
2026-09-09T22:54:24.449552750+00:00,1,1,1,1,1,1
2026-09-09T22:54:24.449555750+00:00,1,0,1,1,1,1
2026-09-09T22:54:24.449558500+00:00,1,1,1,1,1,1
2026-09-09T22:54:24.449561750+00:00,1,0,1,1,1,1
2026-09-09T22:54:24.449564625+00:00,1,1,1,1,1,1
2026-09-09T22:54:24.449567875+00:00,1,0,1,1,1,1
2026-09-09T22:54:24.449570625+00:00,1,1,1,1,1,1
2026-09-09T22:54:24.449573625+00:00,1,0,1,1,1,1
2026-09-09T22:54:24.449576375+00:00,1,1,1,1,1,1
2026-09-09T22:54:24.449579750+00:00,1,0,1,1,1,1
2026-09-09T22:54:24.449582500+00:00,1,1,1,1,1,1
2026-09-09T22:54:24.449585750+00:00,1,0,1,1,1,1
2026-09-09T22:54:24.449588625+00:00,1,1,1,1,1,1
2026-09-09T22:54:24.449591500+00:00,1,0,1,1,1,1
2026-09-09T22:54:24.449594375+00:00,1,1,1,1,1,1
2026-09-09T22:54:24.449597625+00:00,1,0,1,1,1,1
2026-09-09T22:54:24.449600375+00:00,1,1,1,1,1,1
2026-09-09T22:54:24.449603750+00:00,1,0,1,1,1,1
2026-09-09T22:54:24.449606500+00:00,1,1,1,1,1,1
2026-09-09T22:54:24.449609500+00:00,1,0,1,1,1,1
2026-09-09T22:54:24.449612250+00:00,1,1,1,1,1,1
2026-09-09T22:54:24.449616875+00:00,1,0,1,1,1,1
2026-09-09T22:54:24.449619375+00:00,1,1,1,1,1,1
2026-09-09T22:54:24.449622375+00:00,1,0,1,1,1,1
2026-09-09T22:54:24.449625125+00:00,1,1,1,1,1,1
2026-09-09T22:54:24.449628500+00:00,1,0,1,1,1,1
2026-09-09T22:54:24.449631250+00:00,1,1,1,1,1,1
2026-09-09T22:54:24.449634500+00:00,1,0,1,1,1,1
2026-09-09T22:54:24.449637250+00:00,1,1,1,1,1,1
2026-09-09T22:54:24.449640250+00:00,1,0,1,1,1,1
2026-09-09T22:54:24.449643125+00:00,1,1,1,1,1,1
2026-09-09T22:54:24.449646375+00:00,1,0,1,1,1,1
2026-09-09T22:54:24.449649125+00:00,1,1,1,1,1,1
2026-09-09T22:54:24.449652375+00:00,1,0,1,1,1,1
2026-09-09T22:54:24.449655250+00:00,1,1,1,1,1,1
2026-09-09T22:54:24.449658125+00:00,1,0,1,1,1,1
2026-09-09T22:54:24.449661000+00:00,1,1,1,1,1,1
2026-09-09T22:54:24.449664250+00:00,1,0,1,1,1,1
2026-09-09T22:54:24.449667000+00:00,1,1,1,1,1,1
2026-09-09T22:54:24.449670375+00:00,1,0,1,1,1,1
2026-09-09T22:54:24.449673125+00:00,1,1,1,1,1,1
2026-09-09T22:54:24.449676125+00:00,1,0,1,1,1,1
2026-09-09T22:54:24.449678875+00:00,1,1,1,1,1,1
2026-09-09T22:54:24.449682125+00:00,1,0,1,1,1,1
2026-09-09T22:54:24.449685000+00:00,1,1,1,1,1,1
2026-09-09T22:54:24.449688250+00:00,1,0,1,1,1,1
2026-09-09T22:54:24.449691000+00:00,1,1,1,1,1,1
2026-09-09T22:54:24.449694000+00:00,1,0,1,1,1,1
2026-09-09T22:54:24.449696750+00:00,1,1,1,1,1,1
2026-09-09T22:54:24.449700125+00:00,1,0,1,1,1,1
2026-09-09T22:54:24.449703750+00:00,1,1,1,1,1,1
2026-09-09T22:54:24.449707000+00:00,1,0,1,1,1,1
2026-09-09T22:54:24.449709750+00:00,1,1,1,1,1,1
2026-09-09T22:54:24.449713125+00:00,1,0,1,1,1,1
2026-09-09T22:54:24.449715875+00:00,1,1,1,1,1,1
2026-09-09T22:54:24.449718875+00:00,1,0,1,1,1,1
2026-09-09T22:54:24.449721625+00:00,1,1,1,1,1,1
2026-09-09T22:54:24.449724875+00:00,1,0,1,1,1,1
2026-09-09T22:54:24.449727750+00:00,1,1,1,1,1,1
2026-09-09T22:54:24.449731000+00:00,1,0,1,1,1,1
2026-09-09T22:54:24.449733750+00:00,1,1,1,1,1,1
2026-09-09T22:54:24.449736750+00:00,1,0,1,1,1,1
2026-09-09T22:54:24.449739500+00:00,1,1,1,1,1,1
2026-09-09T22:54:24.449742875+00:00,1,0,1,1,1,1
2026-09-09T22:54:24.449745625+00:00,1,1,1,1,1,1
2026-09-09T22:54:24.449748875+00:00,1,0,1,1,1,1
2026-09-09T22:54:24.449751750+00:00,1,1,1,1,1,1
2026-09-09T22:54:24.449754625+00:00,1,0,1,1,1,1
2026-09-09T22:54:24.449757500+00:00,1,1,1,1,1,1
2026-09-09T22:54:24.449760750+00:00,1,0,1,1,1,1
2026-09-09T22:54:24.449763500+00:00,1,1,1,1,1,1
2026-09-09T22:54:24.449766750+00:00,1,0,1,1,1,1
2026-09-09T22:54:24.449769625+00:00,1,1,1,1,1,1
2026-09-09T22:54:24.449772625+00:00,1,0,1,1,1,1
2026-09-09T22:54:24.449775375+00:00,1,1,1,1,1,1
2026-09-09T22:54:24.449778625+00:00,1,0,1,1,1,1
2026-09-09T22:54:24.449781375+00:00,1,1,1,1,1,1
2026-09-09T22:54:24.449784750+00:00,1,0,1,1,1,1
2026-09-09T22:54:24.449787500+00:00,1,1,1,1,1,1
2026-09-09T22:54:24.449791500+00:00,1,0,1,1,1,1
2026-09-09T22:54:24.449794375+00:00,1,1,1,1,1,1
2026-09-09T22:54:24.449797625+00:00,1,0,1,1,1,1
2026-09-09T22:54:24.449800375+00:00,1,1,1,1,1,1
2026-09-09T22:54:24.449803375+00:00,1,0,1,1,1,1
2026-09-09T22:54:24.449806125+00:00,1,1,1,1,1,1
2026-09-09T22:54:24.449809375+00:00,1,0,1,1,1,1
2026-09-09T22:54:24.449812250+00:00,1,1,1,1,1,1
2026-09-09T22:54:24.449815500+00:00,1,0,1,1,1,1
2026-09-09T22:54:24.449818250+00:00,1,1,1,1,1,1
2026-09-09T22:54:24.449821250+00:00,1,0,1,1,1,1
2026-09-09T22:54:24.449824000+00:00,1,1,1,1,1,1
2026-09-09T22:54:24.449827375+00:00,1,0,1,1,1,1
2026-09-09T22:54:24.449830125+00:00,1,1,1,1,1,1
2026-09-09T22:54:24.449833375+00:00,1,0,1,1,1,1
2026-09-09T22:54:24.449836250+00:00,1,1,1,1,1,1
2026-09-09T22:54:24.449839125+00:00,1,0,1,1,1,1
2026-09-09T22:54:24.449842000+00:00,1,1,1,1,1,1
2026-09-09T22:54:24.449845250+00:00,1,0,1,1,1,1
2026-09-09T22:54:24.449848000+00:00,1,1,1,1,1,1
2026-09-09T22:54:24.449851375+00:00,1,0,1,1,1,1
2026-09-09T22:54:24.449854125+00:00,1,1,1,1,1,1
2026-09-09T22:54:24.449857125+00:00,1,0,1,1,1,1
2026-09-09T22:54:24.449859875+00:00,1,1,1,1,1,1
2026-09-09T22:54:24.449863125+00:00,1,0,1,1,1,1
2026-09-09T22:54:24.449866000+00:00,1,1,1,1,1,1
2026-09-09T22:54:24.449869250+00:00,1,0,1,1,1,1
2026-09-09T22:54:24.449872000+00:00,1,1,1,1,1,1
2026-09-09T22:54:24.449876500+00:00,1,0,1,1,1,1
2026-09-09T22:54:24.449879000+00:00,1,1,1,1,1,1
2026-09-09T22:54:24.449882000+00:00,1,0,1,1,1,1
2026-09-09T22:54:24.449884750+00:00,1,1,1,1,1,1
2026-09-09T22:54:24.449909125+00:00,1,0,1,1,1,1
2026-09-09T22:54:24.449909500+00:00,0,0,1,1,1,1
2026-09-09T22:54:24.449911875+00:00,0,1,1,1,1,1
2026-09-09T22:54:24.449915250+00:00,0,0,1,1,1,1
2026-09-09T22:54:24.449915750+00:00,1,0,1,1,1,1
2026-09-09T22:54:24.449918875+00:00,1,1,1,1,1,1
2026-09-09T22:54:24.449922125+00:00,1,0,1,1,1,1
2026-09-09T22:54:24.449922500+00:00,0,0,1,1,1,1
2026-09-09T22:54:24.449924750+00:00,0,1,1,1,1,1
2026-09-09T22:54:24.449927875+00:00,0,0,1,1,1,1
2026-09-09T22:54:24.449930625+00:00,0,1,1,1,1,1
2026-09-09T22:54:24.449934000+00:00,0,0,1,1,1,1
2026-09-09T22:54:24.449936625+00:00,0,1,1,1,1,1
2026-09-09T22:54:24.449939875+00:00,0,0,1,1,1,1
2026-09-09T22:54:24.449942750+00:00,0,1,1,1,1,1
2026-09-09T22:54:24.449946000+00:00,0,0,1,1,1,1
2026-09-09T22:54:24.449948625+00:00,0,1,1,1,1,1
2026-09-09T22:54:24.449951750+00:00,0,0,1,1,1,1
2026-09-09T22:54:24.449954750+00:00,0,1,1,1,1,1
2026-09-09T22:54:24.449957875+00:00,0,0,1,1,1,1
2026-09-09T22:54:24.449962000+00:00,0,1,1,1,1,1
2026-09-09T22:54:24.449964875+00:00,0,0,1,1,1,1
2026-09-09T22:54:24.449967500+00:00,0,1,1,1,1,1
2026-09-09T22:54:24.449970625+00:00,0,0,1,1,1,1
2026-09-09T22:54:24.449973625+00:00,0,1,1,1,1,1
2026-09-09T22:54:24.449976750+00:00,0,0,1,1,1,1
2026-09-09T22:54:24.449979375+00:00,0,1,1,1,1,1
2026-09-09T22:54:24.449982500+00:00,0,0,1,1,1,1
2026-09-09T22:54:24.449985500+00:00,0,1,1,1,1,1
2026-09-09T22:54:24.449988625+00:00,0,0,1,1,1,1
2026-09-09T22:54:24.449991250+00:00,0,1,1,1,1,1
2026-09-09T22:54:24.449994500+00:00,0,0,1,1,1,1
2026-09-09T22:54:24.449997375+00:00,0,1,1,1,1,1
2026-09-09T22:54:24.450000625+00:00,0,0,1,1,1,1
2026-09-09T22:54:24.450003250+00:00,0,1,1,1,1,1
2026-09-09T22:54:24.450006750+00:00,0,0,1,1,1,1
2026-09-09T22:54:24.450010250+00:00,0,1,1,1,1,1
2026-09-09T22:54:24.450013500+00:00,0,0,1,1,1,1
2026-09-09T22:54:24.450016125+00:00,0,1,1,1,1,1
2026-09-09T22:54:24.450019625+00:00,0,0,1,1,1,1
2026-09-09T22:54:24.450023250+00:00,0,1,1,1,1,1
2026-09-09T22:54:24.450026375+00:00,0,0,1,1,1,1
2026-09-09T22:54:24.450029375+00:00,0,1,1,1,1,1
2026-09-09T22:54:24.450032500+00:00,0,0,1,1,1,1
2026-09-09T22:54:24.450035125+00:00,0,1,1,1,1,1
2026-09-09T22:54:24.450038250+00:00,0,0,1,1,1,1
2026-09-09T22:54:24.450041250+00:00,0,1,1,1,1,1
2026-09-09T22:54:24.450044375+00:00,0,0,1,1,1,1
2026-09-09T22:54:24.450048375+00:00,0,1,1,1,1,1
2026-09-09T22:54:24.450051250+00:00,0,0,1,1,1,1
2026-09-09T22:54:24.450053875+00:00,0,1,1,1,1,1
2026-09-09T22:54:24.450057375+00:00,0,0,1,1,1,1
2026-09-09T22:54:24.450060000+00:00,0,1,1,1,1,1
2026-09-09T22:54:24.450063125+00:00,0,0,1,1,1,1
2026-09-09T22:54:24.450066125+00:00,0,1,1,1,1,1
2026-09-09T22:54:24.450069250+00:00,0,0,1,1,1,1
2026-09-09T22:54:24.450071875+00:00,0,1,1,1,1,1
2026-09-09T22:54:24.450075125+00:00,0,0,1,1,1,1
2026-09-09T22:54:24.450078000+00:00,0,1,1,1,1,1
2026-09-09T22:54:24.450081250+00:00,0,0,1,1,1,1
2026-09-09T22:54:24.450083875+00:00,0,1,1,1,1,1
2026-09-09T22:54:24.450087000+00:00,0,0,1,1,1,1
2026-09-09T22:54:24.450090000+00:00,0,1,1,1,1,1
2026-09-09T22:54:24.450093125+00:00,0,0,1,1,1,1
2026-09-09T22:54:24.450095750+00:00,0,1,1,1,1,1
2026-09-09T22:54:24.450098875+00:00,0,0,1,1,1,1
2026-09-09T22:54:24.450101875+00:00,0,1,1,1,1,1
2026-09-09T22:54:24.450105000+00:00,0,0,1,1,1,1
2026-09-09T22:54:24.450107750+00:00,0,1,1,1,1,1
2026-09-09T22:54:24.450110875+00:00,0,0,1,1,1,1
2026-09-09T22:54:24.450113750+00:00,0,1,1,1,1,1
2026-09-09T22:54:24.450117000+00:00,0,0,1,1,1,1
2026-09-09T22:54:24.450119625+00:00,0,1,1,1,1,1
2026-09-09T22:54:24.450123125+00:00,0,0,1,1,1,1
2026-09-09T22:54:24.450126750+00:00,0,1,1,1,1,1
2026-09-09T22:54:24.450130250+00:00,0,0,1,1,1,1
2026-09-09T22:54:24.450135000+00:00,0,1,1,1,1,1
2026-09-09T22:54:24.450137875+00:00,0,0,1,1,1,1
2026-09-09T22:54:24.450140500+00:00,0,1,1,1,1,1
2026-09-09T22:54:24.450144000+00:00,0,0,1,1,1,1
2026-09-09T22:54:24.450147500+00:00,0,1,1,1,1,1
2026-09-09T22:54:24.450150750+00:00,0,0,1,1,1,1
2026-09-09T22:54:24.450153375+00:00,0,1,1,1,1,1
2026-09-09T22:54:24.450156875+00:00,0,0,1,1,1,1
2026-09-09T22:54:24.450157375+00:00,1,0,1,1,1,1
2026-09-09T22:54:24.450160500+00:00,1,1,1,1,1,1
2026-09-09T22:54:24.450163750+00:00,1,0,1,1,1,1
2026-09-09T22:54:24.450164125+00:00,0,0,1,1,1,1
2026-09-09T22:54:24.450166375+00:00,0,1,1,1,1,1
2026-09-09T22:54:24.450169500+00:00,0,0,1,1,1,1
2026-09-09T22:54:24.450172500+00:00,0,1,1,1,1,1
2026-09-09T22:54:24.450175625+00:00,0,0,1,1,1,1
2026-09-09T22:54:24.450176125+00:00,1,0,1,1,1,1
2026-09-09T22:54:24.450179375+00:00,1,1,1,1,1,1
2026-09-09T22:54:24.450182625+00:00,1,0,1,1,1,1
2026-09-09T22:54:24.450183000+00:00,0,0,1,1,1,1
2026-09-09T22:54:24.450185250+00:00,0,1,1,1,1,1
2026-09-09T22:54:24.450188750+00:00,0,0,1,1,1,1
2026-09-09T22:54:24.450189250+00:00,1,0,1,1,1,1
2026-09-09T22:54:24.450192375+00:00,1,1,1,1,1,1
2026-09-09T22:54:24.450195625+00:00,1,0,1,1,1,1
2026-09-09T22:54:24.450196000+00:00,0,0,1,1,1,1
2026-09-09T22:54:24.450198250+00:00,0,1,1,1,1,1
2026-09-09T22:54:24.450201375+00:00,0,0,1,1,1,1
2026-09-09T22:54:24.450201875+00:00,1,0,1,1,1,1
2026-09-09T22:54:24.450204125+00:00,1,1,1,1,1,1
2026-09-09T22:54:24.450209375+00:00,1,0,1,1,1,1
2026-09-09T22:54:24.450212250+00:00,1,1,1,1,1,1
2026-09-09T22:54:24.450215375+00:00,1,0,1,1,1,1
2026-09-09T22:54:24.450217875+00:00,1,1,1,1,1,1
2026-09-09T22:54:24.450221625+00:00,1,0,1,1,1,1
2026-09-09T22:54:24.450224125+00:00,1,1,1,1,1,1
2026-09-09T22:54:24.450227125+00:00,1,0,1,1,1,1
2026-09-09T22:54:24.450229875+00:00,1,1,1,1,1,1
2026-09-09T22:54:24.450233125+00:00,1,0,1,1,1,1
2026-09-09T22:54:24.450236000+00:00,1,1,1,1,1,1
2026-09-09T22:54:24.450238875+00:00,1,0,1,1,1,1
2026-09-09T22:54:24.450241750+00:00,1,1,1,1,1,1
2026-09-09T22:54:24.450244000+00:00,1,0,1,1,1,1
2026-09-09T22:54:24.450246875+00:00,1,1,1,1,1,1
2026-09-09T22:54:24.450250125+00:00,1,0,1,1,1,1
2026-09-09T22:54:24.450252875+00:00,1,1,1,1,1,1
2026-09-09T22:54:24.452140875+00:00,1,0,1,1,1,1
2026-09-09T22:54:24.452141375+00:00,0,0,1,1,1,1
2026-09-09T22:54:24.452144625+00:00,0,1,1,1,1,1
2026-09-09T22:54:24.452147625+00:00,0,0,1,1,1,1
2026-09-09T22:54:24.452148125+00:00,1,0,1,1,1,1
2026-09-09T22:54:24.452150375+00:00,1,1,1,1,1,1
2026-09-09T22:54:24.452153625+00:00,1,0,1,1,1,1
2026-09-09T22:54:24.452154000+00:00,0,0,1,1,1,1
2026-09-09T22:54:24.452156250+00:00,0,1,1,1,1,1
2026-09-09T22:54:24.452159750+00:00,0,0,1,1,1,1
2026-09-09T22:54:24.452162375+00:00,0,1,1,1,1,1
2026-09-09T22:54:24.452165500+00:00,0,0,1,1,1,1
2026-09-09T22:54:24.452166000+00:00,1,0,1,1,1,1
2026-09-09T22:54:24.452168250+00:00,1,1,1,1,1,1
2026-09-09T22:54:24.452171375+00:00,1,0,1,1,1,1
2026-09-09T22:54:24.452171875+00:00,0,0,1,1,1,1
2026-09-09T22:54:24.452174375+00:00,0,1,1,1,1,1
2026-09-09T22:54:24.452177625+00:00,0,0,1,1,1,1
2026-09-09T22:54:24.452180250+00:00,0,1,1,1,1,1
2026-09-09T22:54:24.452183375+00:00,0,0,1,1,1,1
2026-09-09T22:54:24.452186375+00:00,0,1,1,1,1,1
2026-09-09T22:54:24.452189500+00:00,0,0,1,1,1,1
2026-09-09T22:54:24.452192125+00:00,0,1,1,1,1,1
2026-09-09T22:54:24.452195250+00:00,0,0,1,1,1,1
2026-09-09T22:54:24.452198250+00:00,0,1,1,1,1,1
2026-09-09T22:54:24.452201375+00:00,0,0,1,1,1,1
2026-09-09T22:54:24.452204000+00:00,0,1,1,1,1,1
2026-09-09T22:54:24.452208500+00:00,0,0,1,1,1,1
2026-09-09T22:54:24.452212125+00:00,0,1,1,1,1,1
2026-09-09T22:54:24.452215250+00:00,0,0,1,1,1,1
2026-09-09T22:54:24.452217875+00:00,0,1,1,1,1,1
2026-09-09T22:54:24.452221375+00:00,0,0,1,1,1,1
2026-09-09T22:54:24.452224000+00:00,0,1,1,1,1,1
2026-09-09T22:54:24.452227125+00:00,0,0,1,1,1,1
2026-09-09T22:54:24.452229750+00:00,0,1,1,1,1,1
2026-09-09T22:54:24.452233250+00:00,0,0,1,1,1,1
2026-09-09T22:54:24.452235875+00:00,0,1,1,1,1,1
2026-09-09T22:54:24.452239125+00:00,0,0,1,1,1,1
2026-09-09T22:54:24.452242000+00:00,0,1,1,1,1,1
2026-09-09T22:54:24.452245250+00:00,0,0,1,1,1,1
2026-09-09T22:54:24.452247875+00:00,0,1,1,1,1,1
2026-09-09T22:54:24.452251000+00:00,0,0,1,1,1,1
2026-09-09T22:54:24.452254000+00:00,0,1,1,1,1,1
2026-09-09T22:54:24.452257125+00:00,0,0,1,1,1,1
2026-09-09T22:54:24.452259750+00:00,0,1,1,1,1,1
2026-09-09T22:54:24.452262875+00:00,0,0,1,1,1,1
2026-09-09T22:54:24.452265875+00:00,0,1,1,1,1,1
2026-09-09T22:54:24.452269000+00:00,0,0,1,1,1,1
2026-09-09T22:54:24.452271625+00:00,0,1,1,1,1,1
2026-09-09T22:54:24.452274875+00:00,0,0,1,1,1,1
2026-09-09T22:54:24.452277750+00:00,0,1,1,1,1,1
2026-09-09T22:54:24.452281000+00:00,0,0,1,1,1,1
2026-09-09T22:54:24.452283625+00:00,0,1,1,1,1,1
2026-09-09T22:54:24.452286750+00:00,0,0,1,1,1,1
2026-09-09T22:54:24.452289750+00:00,0,1,1,1,1,1
2026-09-09T22:54:24.452293250+00:00,0,0,1,1,1,1
2026-09-09T22:54:24.452296500+00:00,0,1,1,1,1,1
2026-09-09T22:54:24.452299750+00:00,0,0,1,1,1,1
2026-09-09T22:54:24.452302625+00:00,0,1,1,1,1,1
2026-09-09T22:54:24.452305875+00:00,0,0,1,1,1,1
2026-09-09T22:54:24.452308500+00:00,0,1,1,1,1,1
2026-09-09T22:54:24.452311625+00:00,0,0,1,1,1,1
2026-09-09T22:54:24.452314625+00:00,0,1,1,1,1,1
2026-09-09T22:54:24.452317750+00:00,0,0,1,1,1,1
2026-09-09T22:54:24.452320375+00:00,0,1,1,1,1,1
2026-09-09T22:54:24.452323500+00:00,0,0,1,1,1,1
2026-09-09T22:54:24.452326500+00:00,0,1,1,1,1,1
2026-09-09T22:54:24.452329625+00:00,0,0,1,1,1,1
2026-09-09T22:54:24.452330125+00:00,1,0,1,1,1,1
2026-09-09T22:54:24.452333375+00:00,1,1,1,1,1,1
2026-09-09T22:54:24.452336500+00:00,1,0,1,1,1,1
2026-09-09T22:54:24.452339125+00:00,1,1,1,1,1,1
2026-09-09T22:54:24.452341625+00:00,1,0,1,1,1,1
2026-09-09T22:54:24.452342125+00:00,0,0,1,1,1,1
2026-09-09T22:54:24.452344250+00:00,0,1,1,1,1,1
2026-09-09T22:54:24.452347500+00:00,0,0,1,1,1,1
2026-09-09T22:54:24.452348000+00:00,1,0,1,1,1,1
2026-09-09T22:54:24.452350250+00:00,1,1,1,1,1,1
2026-09-09T22:54:24.452353750+00:00,1,0,1,1,1,1
2026-09-09T22:54:24.452354125+00:00,0,0,1,1,1,1
2026-09-09T22:54:24.452357375+00:00,0,1,1,1,1,1
2026-09-09T22:54:24.452360500+00:00,0,0,1,1,1,1
2026-09-09T22:54:24.452361000+00:00,1,0,1,1,1,1
2026-09-09T22:54:24.452364250+00:00,1,1,1,1,1,1
2026-09-09T22:54:24.452367375+00:00,1,0,1,1,1,1
2026-09-09T22:54:24.452367875+00:00,0,0,1,1,1,1
2026-09-09T22:54:24.452370000+00:00,0,1,1,1,1,1
2026-09-09T22:54:24.452373500+00:00,0,0,1,1,1,1
2026-09-09T22:54:24.452374000+00:00,1,0,1,1,1,1
2026-09-09T22:54:24.452378625+00:00,1,1,1,1,1,1
2026-09-09T22:54:24.452381500+00:00,1,0,1,1,1,1
2026-09-09T22:54:24.452381875+00:00,0,0,1,1,1,1
2026-09-09T22:54:24.452385125+00:00,0,1,1,1,1,1
2026-09-09T22:54:24.452388250+00:00,0,0,1,1,1,1
2026-09-09T22:54:24.452388750+00:00,1,0,1,1,1,1
2026-09-09T22:54:24.452391000+00:00,1,1,1,1,1,1
2026-09-09T22:54:24.452394250+00:00,1,0,1,1,1,1
2026-09-09T22:54:24.452394625+00:00,0,0,1,1,1,1
2026-09-09T22:54:24.452396875+00:00,0,1,1,1,1,1
2026-09-09T22:54:24.452400375+00:00,0,0,1,1,1,1
2026-09-09T22:54:24.452403000+00:00,0,1,1,1,1,1
2026-09-09T22:54:24.452406125+00:00,0,0,1,1,1,1
2026-09-09T22:54:24.452409125+00:00,0,1,1,1,1,1
2026-09-09T22:54:24.452412250+00:00,0,0,1,1,1,1
2026-09-09T22:54:24.452414875+00:00,0,1,1,1,1,1
2026-09-09T22:54:24.452418000+00:00,0,0,1,1,1,1
2026-09-09T22:54:24.452418500+00:00,1,0,1,1,1,1
2026-09-09T22:54:24.452420750+00:00,1,1,1,1,1,1
2026-09-09T22:54:24.452424000+00:00,1,0,1,1,1,1
2026-09-09T22:54:24.452426875+00:00,1,1,1,1,1,1
2026-09-09T22:54:24.452430000+00:00,1,0,1,1,1,1
2026-09-09T22:54:24.452432625+00:00,1,1,1,1,1,1
2026-09-09T22:54:24.452437500+00:00,1,0,1,1,1,1
2026-09-09T22:54:24.452439625+00:00,1,1,1,1,1,1
2026-09-09T22:54:24.452443625+00:00,1,0,1,1,1,1
2026-09-09T22:54:24.452446750+00:00,1,1,1,1,1,1
2026-09-09T22:54:24.452450250+00:00,1,0,1,1,1,1
2026-09-09T22:54:24.452452750+00:00,1,1,1,1,1,1
2026-09-09T22:54:24.452456125+00:00,1,0,1,1,1,1
2026-09-09T22:54:24.452458625+00:00,1,1,1,1,1,1
2026-09-09T22:54:24.452462125+00:00,1,0,1,1,1,1
2026-09-09T22:54:24.452465500+00:00,1,1,1,1,1,1
2026-09-09T22:54:24.452469250+00:00,0,0,1,1,1,1
2026-09-09T22:54:24.452471375+00:00,0,1,1,1,1,1
2026-09-09T22:54:24.452475500+00:00,0,0,1,1,1,1
2026-09-09T22:54:24.452478375+00:00,0,1,1,1,1,1
2026-09-09T22:54:24.452482250+00:00,0,0,1,1,1,1
2026-09-09T22:54:24.452484375+00:00,0,1,1,1,1,1
2026-09-09T22:54:24.452488125+00:00,0,0,1,1,1,1
2026-09-09T22:54:24.452490375+00:00,0,1,1,1,1,1
2026-09-09T22:54:24.452494125+00:00,1,0,1,1,1,1
2026-09-09T22:54:24.452496250+00:00,1,1,1,1,1,1
2026-09-09T22:54:24.452500125+00:00,0,0,1,1,1,1
2026-09-09T22:54:24.452502250+00:00,0,1,1,1,1,1
2026-09-09T22:54:24.452506000+00:00,0,0,1,1,1,1
2026-09-09T22:54:24.452508125+00:00,0,1,1,1,1,1
2026-09-09T22:54:24.452512000+00:00,0,0,1,1,1,1
2026-09-09T22:54:24.452514125+00:00,0,1,1,1,1,1
2026-09-09T22:54:24.452517875+00:00,0,0,1,1,1,1
2026-09-09T22:54:24.452520375+00:00,0,1,1,1,1,1
2026-09-09T22:54:24.452523875+00:00,0,0,1,1,1,1
2026-09-09T22:54:24.452526375+00:00,0,1,1,1,1,1
2026-09-09T22:54:24.452529750+00:00,0,0,1,1,1,1
2026-09-09T22:54:24.452532250+00:00,0,1,1,1,1,1
2026-09-09T22:54:24.452535750+00:00,0,0,1,1,1,1
2026-09-09T22:54:24.452538125+00:00,0,1,1,1,1,1
2026-09-09T22:54:24.452541625+00:00,0,0,1,1,1,1
2026-09-09T22:54:24.452544125+00:00,0,1,1,1,1,1
2026-09-09T22:54:24.452547500+00:00,0,0,1,1,1,1
2026-09-09T22:54:24.452551375+00:00,0,1,1,1,1,1
2026-09-09T22:54:24.452554500+00:00,0,0,1,1,1,1
2026-09-09T22:54:24.452557000+00:00,0,1,1,1,1,1
2026-09-09T22:54:24.452560500+00:00,0,0,1,1,1,1
2026-09-09T22:54:24.452563000+00:00,0,1,1,1,1,1
2026-09-09T22:54:24.452566750+00:00,0,0,1,1,1,1
2026-09-09T22:54:24.452568875+00:00,0,1,1,1,1,1
2026-09-09T22:54:24.452572625+00:00,0,0,1,1,1,1
2026-09-09T22:54:24.452574875+00:00,0,1,1,1,1,1
2026-09-09T22:54:24.452578625+00:00,0,0,1,1,1,1
2026-09-09T22:54:24.452580750+00:00,0,1,1,1,1,1
2026-09-09T22:54:24.452584500+00:00,0,0,1,1,1,1
2026-09-09T22:54:24.452586750+00:00,0,1,1,1,1,1
2026-09-09T22:54:24.452590500+00:00,0,0,1,1,1,1
2026-09-09T22:54:24.452593000+00:00,0,1,1,1,1,1
2026-09-09T22:54:24.452596375+00:00,0,0,1,1,1,1
2026-09-09T22:54:24.452598875+00:00,0,1,1,1,1,1
2026-09-09T22:54:24.452602375+00:00,0,0,1,1,1,1
2026-09-09T22:54:24.452604875+00:00,0,1,1,1,1,1
2026-09-09T22:54:24.452608250+00:00,0,0,1,1,1,1
2026-09-09T22:54:24.452610750+00:00,0,1,1,1,1,1
2026-09-09T22:54:24.452614250+00:00,0,0,1,1,1,1
2026-09-09T22:54:24.452616750+00:00,0,1,1,1,1,1
2026-09-09T22:54:24.452620125+00:00,0,0,1,1,1,1
2026-09-09T22:54:24.452622625+00:00,0,1,1,1,1,1
2026-09-09T22:54:24.452626375+00:00,0,0,1,1,1,1
2026-09-09T22:54:24.452628625+00:00,0,1,1,1,1,1
2026-09-09T22:54:24.452632375+00:00,0,0,1,1,1,1
2026-09-09T22:54:24.452634500+00:00,0,1,1,1,1,1
2026-09-09T22:54:24.452638750+00:00,0,0,1,1,1,1
2026-09-09T22:54:24.452641625+00:00,0,1,1,1,1,1
2026-09-09T22:54:24.452645000+00:00,0,0,1,1,1,1
2026-09-09T22:54:24.452647500+00:00,0,1,1,1,1,1
2026-09-09T22:54:24.452651000+00:00,0,0,1,1,1,1
2026-09-09T22:54:24.452653500+00:00,0,1,1,1,1,1
2026-09-09T22:54:24.452657250+00:00,1,0,1,1,1,1
2026-09-09T22:54:24.452659375+00:00,1,1,1,1,1,1
2026-09-09T22:54:24.452663250+00:00,1,0,1,1,1,1
2026-09-09T22:54:24.452665375+00:00,1,1,1,1,1,1
2026-09-09T22:54:24.452669250+00:00,0,0,1,1,1,1
2026-09-09T22:54:24.452671375+00:00,0,1,1,1,1,1
2026-09-09T22:54:24.452675250+00:00,1,0,1,1,1,1
2026-09-09T22:54:24.452677375+00:00,1,1,1,1,1,1
2026-09-09T22:54:24.452681125+00:00,0,0,1,1,1,1
2026-09-09T22:54:24.452683250+00:00,0,1,1,1,1,1
2026-09-09T22:54:24.452687125+00:00,1,0,1,1,1,1
2026-09-09T22:54:24.452689250+00:00,1,1,1,1,1,1
2026-09-09T22:54:24.452693000+00:00,0,0,1,1,1,1
2026-09-09T22:54:24.452695250+00:00,0,1,1,1,1,1
2026-09-09T22:54:24.452699000+00:00,1,0,1,1,1,1
2026-09-09T22:54:24.452701125+00:00,1,1,1,1,1,1
2026-09-09T22:54:24.452705000+00:00,0,0,1,1,1,1
2026-09-09T22:54:24.452707125+00:00,0,1,1,1,1,1
2026-09-09T22:54:24.452710875+00:00,0,0,1,1,1,1
2026-09-09T22:54:24.452713125+00:00,0,1,1,1,1,1
2026-09-09T22:54:24.452716875+00:00,0,0,1,1,1,1
2026-09-09T22:54:24.452719000+00:00,0,1,1,1,1,1
2026-09-09T22:54:24.452724125+00:00,0,0,1,1,1,1
2026-09-09T22:54:24.452727000+00:00,0,1,1,1,1,1
2026-09-09T22:54:24.452730750+00:00,1,0,1,1,1,1
2026-09-09T22:54:24.452732875+00:00,1,1,1,1,1,1
2026-09-09T22:54:24.452736750+00:00,0,0,1,1,1,1
2026-09-09T22:54:24.452738875+00:00,0,1,1,1,1,1
2026-09-09T22:54:24.452742625+00:00,0,0,1,1,1,1
2026-09-09T22:54:24.452744875+00:00,0,1,1,1,1,1
2026-09-09T22:54:24.452748625+00:00,1,0,1,1,1,1
2026-09-09T22:54:24.452751125+00:00,1,1,1,1,1,1
2026-09-09T22:54:24.452754625+00:00,1,0,1,1,1,1
2026-09-09T22:54:24.452757000+00:00,1,1,1,1,1,1
2026-09-09T22:54:24.452772625+00:00,1,0,1,1,1,1
2026-09-09T22:54:24.452776000+00:00,1,1,1,1,1,1
2026-09-09T22:54:24.452778875+00:00,1,0,1,1,1,1
2026-09-09T22:54:24.452781625+00:00,1,1,1,1,1,1
2026-09-09T22:54:24.452785000+00:00,1,0,1,1,1,1
2026-09-09T22:54:24.452787750+00:00,1,1,1,1,1,1
2026-09-09T22:54:24.452790750+00:00,1,0,1,1,1,1
2026-09-09T22:54:24.452793625+00:00,1,1,1,1,1,1
2026-09-09T22:54:24.452796875+00:00,1,0,1,1,1,1
2026-09-09T22:54:24.452799750+00:00,1,1,1,1,1,1
2026-09-09T22:54:24.452802750+00:00,1,0,1,1,1,1
2026-09-09T22:54:24.452805500+00:00,1,1,1,1,1,1
2026-09-09T22:54:24.452810250+00:00,1,0,1,1,1,1
2026-09-09T22:54:24.452812375+00:00,1,1,1,1,1,1
2026-09-09T22:54:24.452814750+00:00,1,0,1,1,1,1
2026-09-09T22:54:24.452817500+00:00,1,1,1,1,1,1
2026-09-09T22:54:24.452842375+00:00,1,0,1,1,1,1
2026-09-09T22:54:24.452842750+00:00,0,0,1,1,1,1
2026-09-09T22:54:24.452845375+00:00,0,1,1,1,1,1
2026-09-09T22:54:24.452848625+00:00,0,0,1,1,1,1
2026-09-09T22:54:24.452849125+00:00,1,0,1,1,1,1
2026-09-09T22:54:24.452851375+00:00,1,1,1,1,1,1
2026-09-09T22:54:24.452854625+00:00,1,0,1,1,1,1
2026-09-09T22:54:24.452857250+00:00,1,1,1,1,1,1
2026-09-09T22:54:24.452860750+00:00,1,0,1,1,1,1
2026-09-09T22:54:24.452863250+00:00,1,1,1,1,1,1
2026-09-09T22:54:24.452866750+00:00,1,0,1,1,1,1
2026-09-09T22:54:24.452867250+00:00,0,0,1,1,1,1
2026-09-09T22:54:24.452870375+00:00,0,1,1,1,1,1
2026-09-09T22:54:24.452873500+00:00,0,0,1,1,1,1
2026-09-09T22:54:24.452874000+00:00,1,0,1,1,1,1
2026-09-09T22:54:24.452876250+00:00,1,1,1,1,1,1
2026-09-09T22:54:24.452879500+00:00,1,0,1,1,1,1
2026-09-09T22:54:24.452882375+00:00,1,1,1,1,1,1
2026-09-09T22:54:24.452885500+00:00,1,0,1,1,1,1
2026-09-09T22:54:24.452888000+00:00,1,1,1,1,1,1
2026-09-09T22:54:24.452891500+00:00,1,0,1,1,1,1
2026-09-09T22:54:24.452892000+00:00,0,0,1,1,1,1
2026-09-09T22:54:24.452894250+00:00,0,1,1,1,1,1
2026-09-09T22:54:24.452897625+00:00,0,0,1,1,1,1
2026-09-09T22:54:24.452901375+00:00,0,1,1,1,1,1
2026-09-09T22:54:24.452904500+00:00,0,0,1,1,1,1
2026-09-09T22:54:24.452907125+00:00,0,1,1,1,1,1
2026-09-09T22:54:24.452910375+00:00,0,0,1,1,1,1
2026-09-09T22:54:24.452913250+00:00,0,1,1,1,1,1
2026-09-09T22:54:24.452916500+00:00,0,0,1,1,1,1
2026-09-09T22:54:24.452919125+00:00,0,1,1,1,1,1
2026-09-09T22:54:24.452922250+00:00,0,0,1,1,1,1
2026-09-09T22:54:24.452925250+00:00,0,1,1,1,1,1
2026-09-09T22:54:24.452928375+00:00,0,0,1,1,1,1
2026-09-09T22:54:24.452931000+00:00,0,1,1,1,1,1
2026-09-09T22:54:24.452934125+00:00,0,0,1,1,1,1
2026-09-09T22:54:24.452937125+00:00,0,1,1,1,1,1
2026-09-09T22:54:24.452940250+00:00,0,0,1,1,1,1
2026-09-09T22:54:24.452942875+00:00,0,1,1,1,1,1
2026-09-09T22:54:24.452946125+00:00,0,0,1,1,1,1
2026-09-09T22:54:24.452949000+00:00,0,1,1,1,1,1
2026-09-09T22:54:24.452952250+00:00,0,0,1,1,1,1
2026-09-09T22:54:24.452954875+00:00,0,1,1,1,1,1
2026-09-09T22:54:24.452958375+00:00,0,0,1,1,1,1
2026-09-09T22:54:24.452961875+00:00,0,1,1,1,1,1
2026-09-09T22:54:24.452965125+00:00,0,0,1,1,1,1
2026-09-09T22:54:24.452967750+00:00,0,1,1,1,1,1
2026-09-09T22:54:24.452971250+00:00,0,0,1,1,1,1
2026-09-09T22:54:24.452974750+00:00,0,1,1,1,1,1
2026-09-09T22:54:24.452978000+00:00,0,0,1,1,1,1
2026-09-09T22:54:24.452980875+00:00,0,1,1,1,1,1
2026-09-09T22:54:24.452985125+00:00,0,0,1,1,1,1
2026-09-09T22:54:24.452988750+00:00,0,1,1,1,1,1
2026-09-09T22:54:24.452991875+00:00,0,0,1,1,1,1
2026-09-09T22:54:24.452994500+00:00,0,1,1,1,1,1
2026-09-09T22:54:24.452998000+00:00,0,0,1,1,1,1
2026-09-09T22:54:24.453000625+00:00,0,1,1,1,1,1
2026-09-09T22:54:24.453003875+00:00,0,0,1,1,1,1
2026-09-09T22:54:24.453006750+00:00,0,1,1,1,1,1
2026-09-09T22:54:24.453010000+00:00,0,0,1,1,1,1
2026-09-09T22:54:24.453012625+00:00,0,1,1,1,1,1
2026-09-09T22:54:24.453015750+00:00,0,0,1,1,1,1
2026-09-09T22:54:24.453018750+00:00,0,1,1,1,1,1
2026-09-09T22:54:24.453021875+00:00,0,0,1,1,1,1
2026-09-09T22:54:24.453024500+00:00,0,1,1,1,1,1
2026-09-09T22:54:24.453027625+00:00,0,0,1,1,1,1
2026-09-09T22:54:24.453030625+00:00,0,1,1,1,1,1
2026-09-09T22:54:24.453033750+00:00,0,0,1,1,1,1
2026-09-09T22:54:24.453036375+00:00,0,1,1,1,1,1
2026-09-09T22:54:24.453039625+00:00,0,0,1,1,1,1
2026-09-09T22:54:24.453042500+00:00,0,1,1,1,1,1
2026-09-09T22:54:24.453045750+00:00,0,0,1,1,1,1
2026-09-09T22:54:24.453048375+00:00,0,1,1,1,1,1
2026-09-09T22:54:24.453051500+00:00,0,0,1,1,1,1
2026-09-09T22:54:24.453054500+00:00,0,1,1,1,1,1
2026-09-09T22:54:24.453057625+00:00,0,0,1,1,1,1
2026-09-09T22:54:24.453060250+00:00,0,1,1,1,1,1
2026-09-09T22:54:24.453063750+00:00,0,0,1,1,1,1
2026-09-09T22:54:24.453067375+00:00,0,1,1,1,1,1
2026-09-09T22:54:24.453071625+00:00,0,0,1,1,1,1
2026-09-09T22:54:24.453074250+00:00,0,1,1,1,1,1
2026-09-09T22:54:24.453077375+00:00,0,0,1,1,1,1
2026-09-09T22:54:24.453080375+00:00,0,1,1,1,1,1
2026-09-09T22:54:24.453083500+00:00,0,0,1,1,1,1
2026-09-09T22:54:24.453086125+00:00,0,1,1,1,1,1
2026-09-09T22:54:24.453089375+00:00,0,0,1,1,1,1
2026-09-09T22:54:24.453092250+00:00,0,1,1,1,1,1
2026-09-09T22:54:24.453095500+00:00,0,0,1,1,1,1
2026-09-09T22:54:24.453096000+00:00,1,0,1,1,1,1
2026-09-09T22:54:24.453099125+00:00,1,1,1,1,1,1
2026-09-09T22:54:24.453102375+00:00,1,0,1,1,1,1
2026-09-09T22:54:24.453104875+00:00,1,1,1,1,1,1
2026-09-09T22:54:24.453108375+00:00,1,0,1,1,1,1
2026-09-09T22:54:24.453108875+00:00,0,0,1,1,1,1
2026-09-09T22:54:24.453111000+00:00,0,1,1,1,1,1
2026-09-09T22:54:24.453114250+00:00,0,0,1,1,1,1
2026-09-09T22:54:24.453116875+00:00,0,1,1,1,1,1
2026-09-09T22:54:24.453120375+00:00,0,0,1,1,1,1
2026-09-09T22:54:24.453120875+00:00,1,0,1,1,1,1
2026-09-09T22:54:24.453124125+00:00,1,1,1,1,1,1
2026-09-09T22:54:24.453127250+00:00,1,0,1,1,1,1
2026-09-09T22:54:24.453127750+00:00,0,0,1,1,1,1
2026-09-09T22:54:24.453129875+00:00,0,1,1,1,1,1
2026-09-09T22:54:24.453133125+00:00,0,0,1,1,1,1
2026-09-09T22:54:24.453133625+00:00,1,0,1,1,1,1
2026-09-09T22:54:24.453135875+00:00,1,1,1,1,1,1
2026-09-09T22:54:24.453141750+00:00,1,0,1,1,1,1
2026-09-09T22:54:24.453144625+00:00,1,1,1,1,1,1
2026-09-09T22:54:24.453148875+00:00,1,0,1,1,1,1
2026-09-09T22:54:24.453151750+00:00,1,1,1,1,1,1
2026-09-09T22:54:24.453156750+00:00,1,0,1,1,1,1
2026-09-09T22:54:24.453159875+00:00,1,1,1,1,1,1
2026-09-09T22:54:24.453163375+00:00,1,0,1,1,1,1
2026-09-09T22:54:24.453165500+00:00,1,1,1,1,1,1
2026-09-09T22:54:24.453169250+00:00,1,0,1,1,1,1
2026-09-09T22:54:24.453171500+00:00,1,1,1,1,1,1
2026-09-09T22:54:24.453175250+00:00,0,0,1,1,1,1
2026-09-09T22:54:24.453177500+00:00,0,1,1,1,1,1
2026-09-09T22:54:24.453181625+00:00,0,0,1,1,1,1
2026-09-09T22:54:24.453184750+00:00,0,1,1,1,1,1
2026-09-09T22:54:24.453188250+00:00,1,0,1,1,1,1
2026-09-09T22:54:24.453190375+00:00,1,1,1,1,1,1
2026-09-09T22:54:24.453194250+00:00,1,0,1,1,1,1
2026-09-09T22:54:24.453196375+00:00,1,1,1,1,1,1
2026-09-09T22:54:24.453200250+00:00,0,0,1,1,1,1
2026-09-09T22:54:24.453202375+00:00,0,1,1,1,1,1
2026-09-09T22:54:24.453206250+00:00,1,0,1,1,1,1
2026-09-09T22:54:24.453208375+00:00,1,1,1,1,1,1
2026-09-09T22:54:24.453212125+00:00,1,0,1,1,1,1
2026-09-09T22:54:24.453214250+00:00,1,1,1,1,1,1
2026-09-09T22:54:24.453218125+00:00,1,0,1,1,1,1
2026-09-09T22:54:24.453220250+00:00,1,1,1,1,1,1
2026-09-09T22:54:24.453224000+00:00,0,0,1,1,1,1
2026-09-09T22:54:24.453226125+00:00,0,1,1,1,1,1
2026-09-09T22:54:24.453230000+00:00,0,0,1,1,1,1
2026-09-09T22:54:24.453232125+00:00,0,1,1,1,1,1
2026-09-09T22:54:24.453236000+00:00,0,0,1,1,1,1
2026-09-09T22:54:24.453238125+00:00,0,1,1,1,1,1
2026-09-09T22:54:24.453243125+00:00,0,0,1,1,1,1
2026-09-09T22:54:24.453245250+00:00,0,1,1,1,1,1
2026-09-09T22:54:24.453248625+00:00,0,0,1,1,1,1
2026-09-09T22:54:24.453251125+00:00,0,1,1,1,1,1
2026-09-09T22:54:24.453255000+00:00,0,0,1,1,1,1
2026-09-09T22:54:24.453257125+00:00,0,1,1,1,1,1
2026-09-09T22:54:24.453260875+00:00,0,0,1,1,1,1
2026-09-09T22:54:24.453263000+00:00,0,1,1,1,1,1
2026-09-09T22:54:24.453266750+00:00,0,0,1,1,1,1
2026-09-09T22:54:24.453269000+00:00,0,1,1,1,1,1
2026-09-09T22:54:24.453272750+00:00,0,0,1,1,1,1
2026-09-09T22:54:24.453274875+00:00,0,1,1,1,1,1
2026-09-09T22:54:24.453278625+00:00,0,0,1,1,1,1
2026-09-09T22:54:24.453281125+00:00,0,1,1,1,1,1
2026-09-09T22:54:24.453284625+00:00,0,0,1,1,1,1
2026-09-09T22:54:24.453287125+00:00,0,1,1,1,1,1
2026-09-09T22:54:24.453290500+00:00,0,0,1,1,1,1
2026-09-09T22:54:24.453293000+00:00,0,1,1,1,1,1
2026-09-09T22:54:24.453296500+00:00,0,0,1,1,1,1
2026-09-09T22:54:24.453299000+00:00,0,1,1,1,1,1
2026-09-09T22:54:24.453302375+00:00,0,0,1,1,1,1
2026-09-09T22:54:24.453304875+00:00,0,1,1,1,1,1
2026-09-09T22:54:24.453308375+00:00,0,0,1,1,1,1
2026-09-09T22:54:24.453310875+00:00,0,1,1,1,1,1
2026-09-09T22:54:24.453314625+00:00,0,0,1,1,1,1
2026-09-09T22:54:24.453316750+00:00,0,1,1,1,1,1
2026-09-09T22:54:24.453320500+00:00,0,0,1,1,1,1
2026-09-09T22:54:24.453322750+00:00,0,1,1,1,1,1
2026-09-09T22:54:24.453327875+00:00,0,0,1,1,1,1
2026-09-09T22:54:24.453330625+00:00,0,1,1,1,1,1
2026-09-09T22:54:24.453334375+00:00,0,0,1,1,1,1
2026-09-09T22:54:24.453336625+00:00,0,1,1,1,1,1
2026-09-09T22:54:24.453340375+00:00,0,0,1,1,1,1
2026-09-09T22:54:24.453342875+00:00,0,1,1,1,1,1
2026-09-09T22:54:24.453346250+00:00,0,0,1,1,1,1
2026-09-09T22:54:24.453348750+00:00,0,1,1,1,1,1
2026-09-09T22:54:24.453352250+00:00,0,0,1,1,1,1
2026-09-09T22:54:24.453354750+00:00,0,1,1,1,1,1
2026-09-09T22:54:24.453358125+00:00,0,0,1,1,1,1
2026-09-09T22:54:24.453360625+00:00,0,1,1,1,1,1
2026-09-09T22:54:24.453364125+00:00,1,0,1,1,1,1
2026-09-09T22:54:24.453366625+00:00,1,1,1,1,1,1
2026-09-09T22:54:24.453370125+00:00,0,0,1,1,1,1
2026-09-09T22:54:24.453372625+00:00,0,1,1,1,1,1
2026-09-09T22:54:24.453376000+00:00,0,0,1,1,1,1
2026-09-09T22:54:24.453378500+00:00,0,1,1,1,1,1
2026-09-09T22:54:24.453382000+00:00,1,0,1,1,1,1
2026-09-09T22:54:24.453384500+00:00,1,1,1,1,1,1
2026-09-09T22:54:24.453388250+00:00,0,0,1,1,1,1
2026-09-09T22:54:24.453390375+00:00,0,1,1,1,1,1
2026-09-09T22:54:24.453394250+00:00,0,0,1,1,1,1
2026-09-09T22:54:24.453396375+00:00,0,1,1,1,1,1
2026-09-09T22:54:24.453400125+00:00,0,0,1,1,1,1
2026-09-09T22:54:24.453402250+00:00,0,1,1,1,1,1
2026-09-09T22:54:24.453406125+00:00,0,0,1,1,1,1
2026-09-09T22:54:24.453408250+00:00,0,1,1,1,1,1
2026-09-09T22:54:24.453412000+00:00,0,0,1,1,1,1
2026-09-09T22:54:24.453414875+00:00,0,1,1,1,1,1
2026-09-09T22:54:24.453418000+00:00,1,0,1,1,1,1
2026-09-09T22:54:24.453420250+00:00,1,1,1,1,1,1
2026-09-09T22:54:24.453424000+00:00,0,0,1,1,1,1
2026-09-09T22:54:24.453426125+00:00,0,1,1,1,1,1
2026-09-09T22:54:24.453430000+00:00,0,0,1,1,1,1
2026-09-09T22:54:24.453432125+00:00,0,1,1,1,1,1
2026-09-09T22:54:24.453435875+00:00,0,0,1,1,1,1
2026-09-09T22:54:24.453438000+00:00,0,1,1,1,1,1
2026-09-09T22:54:24.453441875+00:00,0,0,1,1,1,1
2026-09-09T22:54:24.453444000+00:00,0,1,1,1,1,1
2026-09-09T22:54:24.453447750+00:00,0,0,1,1,1,1
2026-09-09T22:54:24.453450250+00:00,0,1,1,1,1,1
2026-09-09T22:54:24.453453750+00:00,1,0,1,1,1,1
2026-09-09T22:54:24.453456250+00:00,1,1,1,1,1,1
2026-09-09T22:54:24.453459625+00:00,1,0,1,1,1,1
2026-09-09T22:54:24.453462125+00:00,1,1,1,1,1,1
2026-09-09T22:54:24.453477750+00:00,1,0,1,1,1,1
2026-09-09T22:54:24.453481125+00:00,1,1,1,1,1,1
2026-09-09T22:54:24.453484250+00:00,1,0,1,1,1,1
2026-09-09T22:54:24.453486750+00:00,1,1,1,1,1,1
2026-09-09T22:54:24.453490125+00:00,1,0,1,1,1,1
2026-09-09T22:54:24.453492875+00:00,1,1,1,1,1,1
2026-09-09T22:54:24.453495875+00:00,1,0,1,1,1,1
2026-09-09T22:54:24.453498750+00:00,1,1,1,1,1,1
2026-09-09T22:54:24.453503125+00:00,1,0,1,1,1,1
2026-09-09T22:54:24.453505875+00:00,1,1,1,1,1,1
2026-09-09T22:54:24.453508875+00:00,1,0,1,1,1,1
2026-09-09T22:54:24.453511625+00:00,1,1,1,1,1,1
2026-09-09T22:54:24.453515000+00:00,1,0,1,1,1,1
2026-09-09T22:54:24.453517750+00:00,1,1,1,1,1,1
2026-09-09T22:54:24.453520750+00:00,1,0,1,1,1,1
2026-09-09T22:54:24.453523625+00:00,1,1,1,1,1,1
2026-09-09T22:54:24.453548000+00:00,1,0,1,1,1,1
2026-09-09T22:54:24.453548375+00:00,0,0,1,1,1,1
2026-09-09T22:54:24.453550750+00:00,0,1,1,1,1,1
2026-09-09T22:54:24.453554000+00:00,0,0,1,1,1,1
2026-09-09T22:54:24.453554500+00:00,1,0,1,1,1,1
2026-09-09T22:54:24.453557500+00:00,1,1,1,1,1,1
2026-09-09T22:54:24.453561000+00:00,1,0,1,1,1,1
2026-09-09T22:54:24.453564500+00:00,1,1,1,1,1,1
2026-09-09T22:54:24.453568000+00:00,1,0,1,1,1,1
2026-09-09T22:54:24.453568375+00:00,0,0,1,1,1,1
2026-09-09T22:54:24.453571625+00:00,0,1,1,1,1,1
2026-09-09T22:54:24.453574750+00:00,0,0,1,1,1,1
2026-09-09T22:54:24.453575250+00:00,1,0,1,1,1,1
2026-09-09T22:54:24.453577500+00:00,1,1,1,1,1,1
2026-09-09T22:54:24.453580625+00:00,1,0,1,1,1,1
2026-09-09T22:54:24.453581125+00:00,0,0,1,1,1,1
2026-09-09T22:54:24.453583375+00:00,0,1,1,1,1,1
2026-09-09T22:54:24.453588125+00:00,0,0,1,1,1,1
2026-09-09T22:54:24.453591375+00:00,0,1,1,1,1,1
2026-09-09T22:54:24.453594500+00:00,0,0,1,1,1,1
2026-09-09T22:54:24.453595000+00:00,1,0,1,1,1,1
2026-09-09T22:54:24.453597250+00:00,1,1,1,1,1,1
2026-09-09T22:54:24.453600750+00:00,1,0,1,1,1,1
2026-09-09T22:54:24.453601250+00:00,0,0,1,1,1,1
2026-09-09T22:54:24.453604375+00:00,0,1,1,1,1,1
2026-09-09T22:54:24.453607625+00:00,0,0,1,1,1,1
2026-09-09T22:54:24.453608125+00:00,1,0,1,1,1,1
2026-09-09T22:54:24.453610375+00:00,1,1,1,1,1,1
2026-09-09T22:54:24.453613500+00:00,1,0,1,1,1,1
2026-09-09T22:54:24.453613875+00:00,0,0,1,1,1,1
2026-09-09T22:54:24.453616125+00:00,0,1,1,1,1,1
2026-09-09T22:54:24.453619625+00:00,0,0,1,1,1,1
2026-09-09T22:54:24.453623250+00:00,0,1,1,1,1,1
2026-09-09T22:54:24.453626375+00:00,0,0,1,1,1,1
2026-09-09T22:54:24.453629375+00:00,0,1,1,1,1,1
2026-09-09T22:54:24.453632500+00:00,0,0,1,1,1,1
2026-09-09T22:54:24.453635125+00:00,0,1,1,1,1,1
2026-09-09T22:54:24.453638375+00:00,0,0,1,1,1,1
2026-09-09T22:54:24.453641250+00:00,0,1,1,1,1,1
2026-09-09T22:54:24.453644375+00:00,0,0,1,1,1,1
2026-09-09T22:54:24.453647125+00:00,0,1,1,1,1,1
2026-09-09T22:54:24.453650250+00:00,0,0,1,1,1,1
2026-09-09T22:54:24.453653250+00:00,0,1,1,1,1,1
2026-09-09T22:54:24.453656375+00:00,0,0,1,1,1,1
2026-09-09T22:54:24.453659000+00:00,0,1,1,1,1,1
2026-09-09T22:54:24.453662125+00:00,0,0,1,1,1,1
2026-09-09T22:54:24.453665125+00:00,0,1,1,1,1,1
2026-09-09T22:54:24.453668250+00:00,0,0,1,1,1,1
2026-09-09T22:54:24.453668750+00:00,1,0,1,1,1,1
2026-09-09T22:54:24.453673375+00:00,1,1,1,1,1,1
2026-09-09T22:54:24.453676125+00:00,1,0,1,1,1,1
2026-09-09T22:54:24.453676625+00:00,0,0,1,1,1,1
2026-09-09T22:54:24.453678875+00:00,0,1,1,1,1,1
2026-09-09T22:54:24.453682375+00:00,0,0,1,1,1,1
2026-09-09T22:54:24.453685875+00:00,0,1,1,1,1,1
2026-09-09T22:54:24.453689125+00:00,0,0,1,1,1,1
2026-09-09T22:54:24.453691750+00:00,0,1,1,1,1,1
2026-09-09T22:54:24.453695250+00:00,0,0,1,1,1,1
2026-09-09T22:54:24.453698875+00:00,0,1,1,1,1,1
2026-09-09T22:54:24.453702000+00:00,0,0,1,1,1,1
2026-09-09T22:54:24.453704875+00:00,0,1,1,1,1,1
2026-09-09T22:54:24.453708125+00:00,0,0,1,1,1,1
2026-09-09T22:54:24.453710750+00:00,0,1,1,1,1,1
2026-09-09T22:54:24.453713875+00:00,0,0,1,1,1,1
2026-09-09T22:54:24.453716875+00:00,0,1,1,1,1,1
2026-09-09T22:54:24.453720000+00:00,0,0,1,1,1,1
2026-09-09T22:54:24.453722625+00:00,0,1,1,1,1,1
2026-09-09T22:54:24.453725750+00:00,0,0,1,1,1,1
2026-09-09T22:54:24.453728750+00:00,0,1,1,1,1,1
2026-09-09T22:54:24.453731875+00:00,0,0,1,1,1,1
2026-09-09T22:54:24.453734625+00:00,0,1,1,1,1,1
2026-09-09T22:54:24.453737750+00:00,0,0,1,1,1,1
2026-09-09T22:54:24.453740625+00:00,0,1,1,1,1,1
2026-09-09T22:54:24.453743875+00:00,0,0,1,1,1,1
2026-09-09T22:54:24.453746500+00:00,0,1,1,1,1,1
2026-09-09T22:54:24.453749625+00:00,0,0,1,1,1,1
2026-09-09T22:54:24.453752625+00:00,0,1,1,1,1,1
2026-09-09T22:54:24.453755750+00:00,0,0,1,1,1,1
2026-09-09T22:54:24.453759750+00:00,0,1,1,1,1,1
2026-09-09T22:54:24.453762625+00:00,0,0,1,1,1,1
2026-09-09T22:54:24.453765500+00:00,0,1,1,1,1,1
2026-09-09T22:54:24.453768750+00:00,0,0,1,1,1,1
2026-09-09T22:54:24.453771375+00:00,0,1,1,1,1,1
2026-09-09T22:54:24.453774875+00:00,0,0,1,1,1,1
2026-09-09T22:54:24.453778375+00:00,0,1,1,1,1,1
2026-09-09T22:54:24.453781625+00:00,0,0,1,1,1,1
2026-09-09T22:54:24.453784250+00:00,0,1,1,1,1,1
2026-09-09T22:54:24.453787750+00:00,0,0,1,1,1,1
2026-09-09T22:54:24.453791375+00:00,0,1,1,1,1,1
2026-09-09T22:54:24.453794500+00:00,0,0,1,1,1,1
2026-09-09T22:54:24.453797500+00:00,0,1,1,1,1,1
2026-09-09T22:54:24.453800625+00:00,0,0,1,1,1,1
2026-09-09T22:54:24.453801125+00:00,1,0,1,1,1,1
2026-09-09T22:54:24.453804375+00:00,1,1,1,1,1,1
2026-09-09T22:54:24.453807500+00:00,1,0,1,1,1,1
2026-09-09T22:54:24.453810000+00:00,1,1,1,1,1,1
2026-09-09T22:54:24.453813500+00:00,1,0,1,1,1,1
2026-09-09T22:54:24.453814000+00:00,0,0,1,1,1,1
2026-09-09T22:54:24.453816250+00:00,0,1,1,1,1,1
2026-09-09T22:54:24.453819375+00:00,0,0,1,1,1,1
2026-09-09T22:54:24.453822000+00:00,0,1,1,1,1,1
2026-09-09T22:54:24.453825500+00:00,0,0,1,1,1,1
2026-09-09T22:54:24.453826000+00:00,1,0,1,1,1,1
2026-09-09T22:54:24.453829250+00:00,1,1,1,1,1,1
2026-09-09T22:54:24.453832375+00:00,1,0,1,1,1,1
2026-09-09T22:54:24.453834875+00:00,1,1,1,1,1,1
2026-09-09T22:54:24.453838375+00:00,1,0,1,1,1,1
2026-09-09T22:54:24.453838875+00:00,0,0,1,1,1,1
2026-09-09T22:54:24.453842000+00:00,0,1,1,1,1,1
2026-09-09T22:54:24.453846625+00:00,0,0,1,1,1,1
2026-09-09T22:54:24.453847125+00:00,1,0,1,1,1,1
2026-09-09T22:54:24.453850000+00:00,1,1,1,1,1,1
2026-09-09T22:54:24.453855625+00:00,1,0,1,1,1,1
2026-09-09T22:54:24.453857875+00:00,1,1,1,1,1,1
2026-09-09T22:54:24.453861750+00:00,1,0,1,1,1,1
2026-09-09T22:54:24.453864875+00:00,1,1,1,1,1,1
2026-09-09T22:54:24.453868375+00:00,1,0,1,1,1,1
2026-09-09T22:54:24.453870875+00:00,1,1,1,1,1,1
2026-09-09T22:54:24.453874375+00:00,1,0,1,1,1,1
2026-09-09T22:54:24.453876875+00:00,1,1,1,1,1,1
2026-09-09T22:54:24.453880250+00:00,1,0,1,1,1,1
2026-09-09T22:54:24.453882750+00:00,1,1,1,1,1,1
2026-09-09T22:54:24.453886250+00:00,0,0,1,1,1,1
2026-09-09T22:54:24.453888750+00:00,0,1,1,1,1,1
2026-09-09T22:54:24.453892625+00:00,0,0,1,1,1,1
2026-09-09T22:54:24.453895625+00:00,0,1,1,1,1,1
2026-09-09T22:54:24.453899500+00:00,1,0,1,1,1,1
2026-09-09T22:54:24.453902625+00:00,1,1,1,1,1,1
2026-09-09T22:54:24.453906125+00:00,1,0,1,1,1,1
2026-09-09T22:54:24.453908625+00:00,1,1,1,1,1,1
2026-09-09T22:54:24.453912125+00:00,1,0,1,1,1,1
2026-09-09T22:54:24.453914625+00:00,1,1,1,1,1,1
2026-09-09T22:54:24.453918125+00:00,1,0,1,1,1,1
2026-09-09T22:54:24.453920625+00:00,1,1,1,1,1,1
2026-09-09T22:54:24.453924000+00:00,1,0,1,1,1,1
2026-09-09T22:54:24.453926500+00:00,1,1,1,1,1,1
2026-09-09T22:54:24.453930250+00:00,1,0,1,1,1,1
2026-09-09T22:54:24.453934375+00:00,1,1,1,1,1,1
2026-09-09T22:54:24.453938125+00:00,0,0,1,1,1,1
2026-09-09T22:54:24.453940625+00:00,0,1,1,1,1,1
2026-09-09T22:54:24.453944125+00:00,1,0,1,1,1,1
2026-09-09T22:54:24.453946500+00:00,1,1,1,1,1,1
2026-09-09T22:54:24.453950000+00:00,0,0,1,1,1,1
2026-09-09T22:54:24.453952500+00:00,0,1,1,1,1,1
2026-09-09T22:54:24.453956000+00:00,0,0,1,1,1,1
2026-09-09T22:54:24.453958500+00:00,0,1,1,1,1,1
2026-09-09T22:54:24.453962000+00:00,0,0,1,1,1,1
2026-09-09T22:54:24.453964500+00:00,0,1,1,1,1,1
2026-09-09T22:54:24.453967875+00:00,0,0,1,1,1,1
2026-09-09T22:54:24.453970375+00:00,0,1,1,1,1,1
2026-09-09T22:54:24.453973875+00:00,0,0,1,1,1,1
2026-09-09T22:54:24.453976375+00:00,0,1,1,1,1,1
2026-09-09T22:54:24.453979750+00:00,0,0,1,1,1,1
2026-09-09T22:54:24.453982250+00:00,0,1,1,1,1,1
2026-09-09T22:54:24.453985750+00:00,1,0,1,1,1,1
2026-09-09T22:54:24.453988250+00:00,1,1,1,1,1,1
2026-09-09T22:54:24.453992000+00:00,1,0,1,1,1,1
2026-09-09T22:54:24.453994125+00:00,1,1,1,1,1,1
2026-09-09T22:54:24.453997625+00:00,1,0,1,1,1,1
2026-09-09T22:54:24.454000125+00:00,1,1,1,1,1,1
2026-09-09T22:54:24.454003625+00:00,1,0,1,1,1,1
2026-09-09T22:54:24.454006125+00:00,1,1,1,1,1,1
2026-09-09T22:54:24.454009875+00:00,1,0,1,1,1,1
2026-09-09T22:54:24.454012000+00:00,1,1,1,1,1,1
2026-09-09T22:54:24.454015750+00:00,1,0,1,1,1,1
2026-09-09T22:54:24.454019125+00:00,1,1,1,1,1,1
2026-09-09T22:54:24.454022500+00:00,1,0,1,1,1,1
2026-09-09T22:54:24.454025000+00:00,1,1,1,1,1,1
2026-09-09T22:54:24.454028750+00:00,1,0,1,1,1,1
2026-09-09T22:54:24.454030875+00:00,1,1,1,1,1,1
2026-09-09T22:54:24.454034750+00:00,1,0,1,1,1,1
2026-09-09T22:54:24.454036875+00:00,1,1,1,1,1,1
2026-09-09T22:54:24.454040625+00:00,0,0,1,1,1,1
2026-09-09T22:54:24.454042750+00:00,0,1,1,1,1,1
2026-09-09T22:54:24.454046625+00:00,0,0,1,1,1,1
2026-09-09T22:54:24.454048750+00:00,0,1,1,1,1,1
2026-09-09T22:54:24.454052625+00:00,0,0,1,1,1,1
2026-09-09T22:54:24.454054750+00:00,0,1,1,1,1,1
2026-09-09T22:54:24.454058500+00:00,0,0,1,1,1,1
2026-09-09T22:54:24.454060750+00:00,0,1,1,1,1,1
2026-09-09T22:54:24.454064500+00:00,0,0,1,1,1,1
2026-09-09T22:54:24.454066625+00:00,0,1,1,1,1,1
2026-09-09T22:54:24.454070375+00:00,0,0,1,1,1,1
2026-09-09T22:54:24.454072875+00:00,0,1,1,1,1,1
2026-09-09T22:54:24.454076375+00:00,0,0,1,1,1,1
2026-09-09T22:54:24.454078875+00:00,0,1,1,1,1,1
2026-09-09T22:54:24.454082250+00:00,0,0,1,1,1,1
2026-09-09T22:54:24.454084750+00:00,0,1,1,1,1,1
2026-09-09T22:54:24.454088250+00:00,0,0,1,1,1,1
2026-09-09T22:54:24.454090625+00:00,0,1,1,1,1,1
2026-09-09T22:54:24.454094125+00:00,0,0,1,1,1,1
2026-09-09T22:54:24.454096625+00:00,0,1,1,1,1,1
2026-09-09T22:54:24.454100125+00:00,0,0,1,1,1,1
2026-09-09T22:54:24.454102500+00:00,0,1,1,1,1,1
2026-09-09T22:54:24.454107125+00:00,0,0,1,1,1,1
2026-09-09T22:54:24.454109500+00:00,0,1,1,1,1,1
2026-09-09T22:54:24.454113125+00:00,0,0,1,1,1,1
2026-09-09T22:54:24.454115500+00:00,0,1,1,1,1,1
2026-09-09T22:54:24.454119000+00:00,0,0,1,1,1,1
2026-09-09T22:54:24.454121500+00:00,0,1,1,1,1,1
2026-09-09T22:54:24.454124875+00:00,0,0,1,1,1,1
2026-09-09T22:54:24.454127375+00:00,0,1,1,1,1,1
2026-09-09T22:54:24.454131125+00:00,0,0,1,1,1,1
2026-09-09T22:54:24.454131250+00:00,1,0,1,1,1,1
2026-09-09T22:54:24.454133375+00:00,1,1,1,1,1,1
2026-09-09T22:54:24.454137125+00:00,1,0,1,1,1,1
2026-09-09T22:54:24.454139375+00:00,1,1,1,1,1,1
2026-09-09T22:54:24.454143125+00:00,1,0,1,1,1,1
2026-09-09T22:54:24.454145375+00:00,1,1,1,1,1,1
2026-09-09T22:54:24.454149125+00:00,1,0,1,1,1,1
2026-09-09T22:54:24.454151250+00:00,1,1,1,1,1,1
2026-09-09T22:54:24.454155000+00:00,1,0,1,1,1,1
2026-09-09T22:54:24.454157125+00:00,1,1,1,1,1,1
2026-09-09T22:54:24.454161000+00:00,1,0,1,1,1,1
2026-09-09T22:54:24.454163125+00:00,1,1,1,1,1,1
2026-09-09T22:54:24.454166875+00:00,1,0,1,1,1,1
2026-09-09T22:54:24.454169000+00:00,1,1,1,1,1,1
2026-09-09T22:54:24.454172875+00:00,1,0,1,1,1,1
2026-09-09T22:54:24.454175250+00:00,1,1,1,1,1,1
2026-09-09T22:54:24.454193250+00:00,1,0,1,1,1,1
2026-09-09T22:54:24.454196375+00:00,1,1,1,1,1,1
2026-09-09T22:54:24.454199250+00:00,1,0,1,1,1,1
2026-09-09T22:54:24.454202000+00:00,1,1,1,1,1,1
2026-09-09T22:54:24.454205250+00:00,1,0,1,1,1,1
2026-09-09T22:54:24.454208125+00:00,1,1,1,1,1,1
2026-09-09T22:54:24.454211125+00:00,1,0,1,1,1,1
2026-09-09T22:54:24.454213875+00:00,1,1,1,1,1,1
2026-09-09T22:54:24.454217250+00:00,1,0,1,1,1,1
2026-09-09T22:54:24.454220000+00:00,1,1,1,1,1,1
2026-09-09T22:54:24.454223000+00:00,1,0,1,1,1,1
2026-09-09T22:54:24.454225750+00:00,1,1,1,1,1,1
2026-09-09T22:54:24.454229125+00:00,1,0,1,1,1,1
2026-09-09T22:54:24.454231875+00:00,1,1,1,1,1,1
2026-09-09T22:54:24.454234875+00:00,1,0,1,1,1,1
2026-09-09T22:54:24.454237750+00:00,1,1,1,1,1,1
2026-09-09T22:54:24.456118000+00:00,1,0,1,1,1,1
2026-09-09T22:54:24.456118375+00:00,0,0,1,1,1,1
2026-09-09T22:54:24.456121750+00:00,0,1,1,1,1,1
2026-09-09T22:54:24.456125000+00:00,0,0,1,1,1,1
2026-09-09T22:54:24.456125500+00:00,1,0,1,1,1,1
2026-09-09T22:54:24.456128375+00:00,1,1,1,1,1,1
2026-09-09T22:54:24.456131875+00:00,1,0,1,1,1,1
2026-09-09T22:54:24.456135500+00:00,1,1,1,1,1,1
2026-09-09T22:54:24.456138875+00:00,1,0,1,1,1,1
2026-09-09T22:54:24.456142500+00:00,1,1,1,1,1,1
2026-09-09T22:54:24.456145625+00:00,1,0,1,1,1,1
2026-09-09T22:54:24.456146000+00:00,0,0,1,1,1,1
2026-09-09T22:54:24.456148625+00:00,0,1,1,1,1,1
2026-09-09T22:54:24.456151750+00:00,0,0,1,1,1,1
2026-09-09T22:54:24.456152250+00:00,1,0,1,1,1,1
2026-09-09T22:54:24.456155500+00:00,1,1,1,1,1,1
2026-09-09T22:54:24.456158625+00:00,1,0,1,1,1,1
2026-09-09T22:54:24.456161250+00:00,1,1,1,1,1,1
2026-09-09T22:54:24.456164750+00:00,1,0,1,1,1,1
2026-09-09T22:54:24.456167250+00:00,1,1,1,1,1,1
2026-09-09T22:54:24.456170750+00:00,1,0,1,1,1,1
2026-09-09T22:54:24.456171125+00:00,0,0,1,1,1,1
2026-09-09T22:54:24.456174375+00:00,0,1,1,1,1,1
2026-09-09T22:54:24.456177500+00:00,0,0,1,1,1,1
2026-09-09T22:54:24.456180125+00:00,0,1,1,1,1,1
2026-09-09T22:54:24.456184500+00:00,0,0,1,1,1,1
2026-09-09T22:54:24.456187250+00:00,0,1,1,1,1,1
2026-09-09T22:54:24.456190375+00:00,0,0,1,1,1,1
2026-09-09T22:54:24.456193375+00:00,0,1,1,1,1,1
2026-09-09T22:54:24.456196500+00:00,0,0,1,1,1,1
2026-09-09T22:54:24.456199125+00:00,0,1,1,1,1,1
2026-09-09T22:54:24.456202250+00:00,0,0,1,1,1,1
2026-09-09T22:54:24.456205250+00:00,0,1,1,1,1,1
2026-09-09T22:54:24.456208375+00:00,0,0,1,1,1,1
2026-09-09T22:54:24.456211000+00:00,0,1,1,1,1,1
2026-09-09T22:54:24.456214500+00:00,0,0,1,1,1,1
2026-09-09T22:54:24.456218125+00:00,0,1,1,1,1,1
2026-09-09T22:54:24.456221250+00:00,0,0,1,1,1,1
2026-09-09T22:54:24.456223875+00:00,0,1,1,1,1,1
2026-09-09T22:54:24.456227375+00:00,0,0,1,1,1,1
2026-09-09T22:54:24.456230000+00:00,0,1,1,1,1,1
2026-09-09T22:54:24.456233250+00:00,0,0,1,1,1,1
2026-09-09T22:54:24.456235875+00:00,0,1,1,1,1,1
2026-09-09T22:54:24.456239375+00:00,0,0,1,1,1,1
2026-09-09T22:54:24.456242000+00:00,0,1,1,1,1,1
2026-09-09T22:54:24.456245125+00:00,0,0,1,1,1,1
2026-09-09T22:54:24.456248125+00:00,0,1,1,1,1,1
2026-09-09T22:54:24.456251250+00:00,0,0,1,1,1,1
2026-09-09T22:54:24.456253875+00:00,0,1,1,1,1,1
2026-09-09T22:54:24.456257000+00:00,0,0,1,1,1,1
2026-09-09T22:54:24.456260000+00:00,0,1,1,1,1,1
2026-09-09T22:54:24.456263125+00:00,0,0,1,1,1,1
2026-09-09T22:54:24.456265750+00:00,0,1,1,1,1,1
2026-09-09T22:54:24.456269500+00:00,0,0,1,1,1,1
2026-09-09T22:54:24.456272750+00:00,0,1,1,1,1,1
2026-09-09T22:54:24.456276000+00:00,0,0,1,1,1,1
2026-09-09T22:54:24.456278875+00:00,0,1,1,1,1,1
2026-09-09T22:54:24.456282125+00:00,0,0,1,1,1,1
2026-09-09T22:54:24.456284750+00:00,0,1,1,1,1,1
2026-09-09T22:54:24.456287875+00:00,0,0,1,1,1,1
2026-09-09T22:54:24.456290875+00:00,0,1,1,1,1,1
2026-09-09T22:54:24.456294000+00:00,0,0,1,1,1,1
2026-09-09T22:54:24.456296625+00:00,0,1,1,1,1,1
2026-09-09T22:54:24.456299750+00:00,0,0,1,1,1,1
2026-09-09T22:54:24.456302750+00:00,0,1,1,1,1,1
2026-09-09T22:54:24.456305875+00:00,0,0,1,1,1,1
2026-09-09T22:54:24.456308500+00:00,0,1,1,1,1,1
2026-09-09T22:54:24.456311750+00:00,0,0,1,1,1,1
2026-09-09T22:54:24.456314625+00:00,0,1,1,1,1,1
2026-09-09T22:54:24.456317875+00:00,0,0,1,1,1,1
2026-09-09T22:54:24.456320500+00:00,0,1,1,1,1,1
2026-09-09T22:54:24.456323625+00:00,0,0,1,1,1,1
2026-09-09T22:54:24.456326625+00:00,0,1,1,1,1,1
2026-09-09T22:54:24.456329750+00:00,0,0,1,1,1,1
2026-09-09T22:54:24.456332375+00:00,0,1,1,1,1,1
2026-09-09T22:54:24.456335875+00:00,0,0,1,1,1,1
2026-09-09T22:54:24.456339500+00:00,0,1,1,1,1,1
2026-09-09T22:54:24.456342625+00:00,0,0,1,1,1,1
2026-09-09T22:54:24.456345250+00:00,0,1,1,1,1,1
2026-09-09T22:54:24.456348750+00:00,0,0,1,1,1,1
2026-09-09T22:54:24.456352375+00:00,0,1,1,1,1,1
2026-09-09T22:54:24.456355500+00:00,0,0,1,1,1,1
2026-09-09T22:54:24.456358250+00:00,0,1,1,1,1,1
2026-09-09T22:54:24.456361500+00:00,0,0,1,1,1,1
2026-09-09T22:54:24.456364375+00:00,0,1,1,1,1,1
2026-09-09T22:54:24.456367625+00:00,0,0,1,1,1,1
2026-09-09T22:54:24.456370250+00:00,0,1,1,1,1,1
2026-09-09T22:54:24.456373750+00:00,0,0,1,1,1,1
2026-09-09T22:54:24.456374250+00:00,1,0,1,1,1,1
2026-09-09T22:54:24.456377375+00:00,1,1,1,1,1,1
2026-09-09T22:54:24.456380625+00:00,1,0,1,1,1,1
2026-09-09T22:54:24.456383125+00:00,1,1,1,1,1,1
2026-09-09T22:54:24.456386625+00:00,1,0,1,1,1,1
2026-09-09T22:54:24.456387125+00:00,0,0,1,1,1,1
2026-09-09T22:54:24.456390250+00:00,0,1,1,1,1,1
2026-09-09T22:54:24.456393375+00:00,0,0,1,1,1,1
2026-09-09T22:54:24.456396000+00:00,0,1,1,1,1,1
2026-09-09T22:54:24.456399500+00:00,0,0,1,1,1,1
2026-09-09T22:54:24.456400000+00:00,1,0,1,1,1,1
2026-09-09T22:54:24.456403250+00:00,1,1,1,1,1,1
2026-09-09T22:54:24.456406500+00:00,1,0,1,1,1,1
2026-09-09T22:54:24.456406875+00:00,0,0,1,1,1,1
2026-09-09T22:54:24.456409125+00:00,0,1,1,1,1,1
2026-09-09T22:54:24.456412250+00:00,0,0,1,1,1,1
2026-09-09T22:54:24.456412750+00:00,1,0,1,1,1,1
2026-09-09T22:54:24.456415000+00:00,1,1,1,1,1,1
2026-09-09T22:54:24.456420625+00:00,1,0,1,1,1,1
2026-09-09T22:54:24.456422875+00:00,1,1,1,1,1,1
2026-09-09T22:54:24.456426750+00:00,1,0,1,1,1,1
2026-09-09T22:54:24.456429875+00:00,1,1,1,1,1,1
2026-09-09T22:54:24.456433375+00:00,1,0,1,1,1,1
2026-09-09T22:54:24.456435875+00:00,1,1,1,1,1,1
2026-09-09T22:54:24.456440750+00:00,1,0,1,1,1,1
2026-09-09T22:54:24.456443875+00:00,1,1,1,1,1,1
2026-09-09T22:54:24.456447375+00:00,1,0,1,1,1,1
2026-09-09T22:54:24.456449875+00:00,1,1,1,1,1,1
2026-09-09T22:54:24.456453375+00:00,0,0,1,1,1,1
2026-09-09T22:54:24.456455875+00:00,0,1,1,1,1,1
2026-09-09T22:54:24.456459625+00:00,0,0,1,1,1,1
2026-09-09T22:54:24.456462750+00:00,0,1,1,1,1,1
2026-09-09T22:54:24.456466375+00:00,1,0,1,1,1,1
2026-09-09T22:54:24.456468875+00:00,1,1,1,1,1,1
2026-09-09T22:54:24.456472375+00:00,1,0,1,1,1,1
2026-09-09T22:54:24.456474875+00:00,1,1,1,1,1,1
2026-09-09T22:54:24.456478375+00:00,0,0,1,1,1,1
2026-09-09T22:54:24.456480500+00:00,0,1,1,1,1,1
2026-09-09T22:54:24.456484250+00:00,1,0,1,1,1,1
2026-09-09T22:54:24.456486500+00:00,1,1,1,1,1,1
2026-09-09T22:54:24.456490250+00:00,1,0,1,1,1,1
2026-09-09T22:54:24.456492750+00:00,1,1,1,1,1,1
2026-09-09T22:54:24.456496125+00:00,1,0,1,1,1,1
2026-09-09T22:54:24.456498625+00:00,1,1,1,1,1,1
2026-09-09T22:54:24.456502125+00:00,0,0,1,1,1,1
2026-09-09T22:54:24.456504625+00:00,0,1,1,1,1,1
2026-09-09T22:54:24.456508125+00:00,0,0,1,1,1,1
2026-09-09T22:54:24.456510625+00:00,0,1,1,1,1,1
2026-09-09T22:54:24.456514000+00:00,0,0,1,1,1,1
2026-09-09T22:54:24.456516500+00:00,0,1,1,1,1,1
2026-09-09T22:54:24.456520000+00:00,0,0,1,1,1,1
2026-09-09T22:54:24.456522500+00:00,0,1,1,1,1,1
2026-09-09T22:54:24.456527375+00:00,0,0,1,1,1,1
2026-09-09T22:54:24.456530250+00:00,0,1,1,1,1,1
2026-09-09T22:54:24.456534000+00:00,0,0,1,1,1,1
2026-09-09T22:54:24.456536500+00:00,0,1,1,1,1,1
2026-09-09T22:54:24.456539875+00:00,0,0,1,1,1,1
2026-09-09T22:54:24.456542375+00:00,0,1,1,1,1,1
2026-09-09T22:54:24.456545875+00:00,0,0,1,1,1,1
2026-09-09T22:54:24.456548375+00:00,0,1,1,1,1,1
2026-09-09T22:54:24.456551750+00:00,0,0,1,1,1,1
2026-09-09T22:54:24.456554250+00:00,0,1,1,1,1,1
2026-09-09T22:54:24.456557750+00:00,0,0,1,1,1,1
2026-09-09T22:54:24.456560250+00:00,0,1,1,1,1,1
2026-09-09T22:54:24.456563625+00:00,0,0,1,1,1,1
2026-09-09T22:54:24.456566125+00:00,0,1,1,1,1,1
2026-09-09T22:54:24.456569875+00:00,0,0,1,1,1,1
2026-09-09T22:54:24.456572125+00:00,0,1,1,1,1,1
2026-09-09T22:54:24.456575875+00:00,0,0,1,1,1,1
2026-09-09T22:54:24.456578000+00:00,0,1,1,1,1,1
2026-09-09T22:54:24.456581750+00:00,0,0,1,1,1,1
2026-09-09T22:54:24.456584000+00:00,0,1,1,1,1,1
2026-09-09T22:54:24.456587750+00:00,0,0,1,1,1,1
2026-09-09T22:54:24.456589875+00:00,0,1,1,1,1,1
2026-09-09T22:54:24.456593625+00:00,0,0,1,1,1,1
2026-09-09T22:54:24.456596125+00:00,0,1,1,1,1,1
2026-09-09T22:54:24.456599625+00:00,0,0,1,1,1,1
2026-09-09T22:54:24.456602125+00:00,0,1,1,1,1,1
2026-09-09T22:54:24.456605500+00:00,0,0,1,1,1,1
2026-09-09T22:54:24.456608000+00:00,0,1,1,1,1,1
2026-09-09T22:54:24.456611500+00:00,0,0,1,1,1,1
2026-09-09T22:54:24.456614375+00:00,0,1,1,1,1,1
2026-09-09T22:54:24.456617500+00:00,0,0,1,1,1,1
2026-09-09T22:54:24.456620000+00:00,0,1,1,1,1,1
2026-09-09T22:54:24.456623500+00:00,0,0,1,1,1,1
2026-09-09T22:54:24.456626000+00:00,0,1,1,1,1,1
2026-09-09T22:54:24.456629375+00:00,0,0,1,1,1,1
2026-09-09T22:54:24.456631875+00:00,0,1,1,1,1,1
2026-09-09T22:54:24.456635375+00:00,0,0,1,1,1,1
2026-09-09T22:54:24.456637875+00:00,0,1,1,1,1,1
2026-09-09T22:54:24.456641250+00:00,1,0,1,1,1,1
2026-09-09T22:54:24.456643750+00:00,1,1,1,1,1,1
2026-09-09T22:54:24.456647250+00:00,0,0,1,1,1,1
2026-09-09T22:54:24.456649750+00:00,0,1,1,1,1,1
2026-09-09T22:54:24.456653125+00:00,0,0,1,1,1,1
2026-09-09T22:54:24.456655625+00:00,0,1,1,1,1,1
2026-09-09T22:54:24.456659500+00:00,1,0,1,1,1,1
2026-09-09T22:54:24.456661625+00:00,1,1,1,1,1,1
2026-09-09T22:54:24.456665375+00:00,0,0,1,1,1,1
2026-09-09T22:54:24.456667625+00:00,0,1,1,1,1,1
2026-09-09T22:54:24.456671375+00:00,0,0,1,1,1,1
2026-09-09T22:54:24.456673500+00:00,0,1,1,1,1,1
2026-09-09T22:54:24.456677250+00:00,0,0,1,1,1,1
2026-09-09T22:54:24.456679500+00:00,0,1,1,1,1,1
2026-09-09T22:54:24.456683250+00:00,0,0,1,1,1,1
2026-09-09T22:54:24.456685375+00:00,0,1,1,1,1,1
2026-09-09T22:54:24.456689125+00:00,0,0,1,1,1,1
2026-09-09T22:54:24.456691375+00:00,0,1,1,1,1,1
2026-09-09T22:54:24.456695125+00:00,1,0,1,1,1,1
2026-09-09T22:54:24.456697625+00:00,1,1,1,1,1,1
2026-09-09T22:54:24.456701000+00:00,0,0,1,1,1,1
2026-09-09T22:54:24.456703375+00:00,0,1,1,1,1,1
2026-09-09T22:54:24.456707125+00:00,0,0,1,1,1,1
2026-09-09T22:54:24.456709250+00:00,0,1,1,1,1,1
2026-09-09T22:54:24.456713000+00:00,0,0,1,1,1,1
2026-09-09T22:54:24.456715500+00:00,0,1,1,1,1,1
2026-09-09T22:54:24.456719000+00:00,0,0,1,1,1,1
2026-09-09T22:54:24.456721500+00:00,0,1,1,1,1,1
2026-09-09T22:54:24.456724875+00:00,0,0,1,1,1,1
2026-09-09T22:54:24.456727375+00:00,0,1,1,1,1,1
2026-09-09T22:54:24.456730875+00:00,1,0,1,1,1,1
2026-09-09T22:54:24.456733375+00:00,1,1,1,1,1,1
2026-09-09T22:54:24.456736750+00:00,1,0,1,1,1,1
2026-09-09T22:54:24.456739250+00:00,1,1,1,1,1,1
2026-09-09T22:54:24.456754875+00:00,1,0,1,1,1,1
2026-09-09T22:54:24.456758250+00:00,1,1,1,1,1,1
2026-09-09T22:54:24.456761500+00:00,1,0,1,1,1,1
2026-09-09T22:54:24.456764000+00:00,1,1,1,1,1,1
2026-09-09T22:54:24.456767250+00:00,1,0,1,1,1,1
2026-09-09T22:54:24.456770125+00:00,1,1,1,1,1,1
2026-09-09T22:54:24.456773375+00:00,1,0,1,1,1,1
2026-09-09T22:54:24.456775875+00:00,1,1,1,1,1,1
2026-09-09T22:54:24.456778250+00:00,1,0,1,1,1,1
2026-09-09T22:54:24.456781000+00:00,1,1,1,1,1,1
2026-09-09T22:54:24.456784375+00:00,1,0,1,1,1,1
2026-09-09T22:54:24.456789000+00:00,1,1,1,1,1,1
2026-09-09T22:54:24.456792250+00:00,1,0,1,1,1,1
2026-09-09T22:54:24.456794750+00:00,1,1,1,1,1,1
2026-09-09T22:54:24.456797125+00:00,1,0,1,1,1,1
2026-09-09T22:54:24.456799875+00:00,1,1,1,1,1,1
2026-09-09T22:54:24.456824375+00:00,1,0,1,1,1,1
2026-09-09T22:54:24.456824750+00:00,0,0,1,1,1,1
2026-09-09T22:54:24.456827750+00:00,0,1,1,1,1,1
2026-09-09T22:54:24.456831125+00:00,0,0,1,1,1,1
2026-09-09T22:54:24.456831625+00:00,1,0,1,1,1,1
2026-09-09T22:54:24.456834875+00:00,1,1,1,1,1,1
2026-09-09T22:54:24.456838125+00:00,1,0,1,1,1,1
2026-09-09T22:54:24.456840625+00:00,1,1,1,1,1,1
2026-09-09T22:54:24.456844125+00:00,1,0,1,1,1,1
2026-09-09T22:54:24.456844500+00:00,0,0,1,1,1,1
2026-09-09T22:54:24.456846750+00:00,0,1,1,1,1,1
2026-09-09T22:54:24.456849875+00:00,0,0,1,1,1,1
2026-09-09T22:54:24.456850375+00:00,1,0,1,1,1,1
2026-09-09T22:54:24.456852625+00:00,1,1,1,1,1,1
2026-09-09T22:54:24.456855875+00:00,1,0,1,1,1,1
2026-09-09T22:54:24.456856250+00:00,0,0,1,1,1,1
2026-09-09T22:54:24.456858875+00:00,0,1,1,1,1,1
2026-09-09T22:54:24.456862000+00:00,0,0,1,1,1,1
2026-09-09T22:54:24.456864625+00:00,0,1,1,1,1,1
2026-09-09T22:54:24.456867750+00:00,0,0,1,1,1,1
2026-09-09T22:54:24.456868250+00:00,1,0,1,1,1,1
2026-09-09T22:54:24.456870500+00:00,1,1,1,1,1,1
2026-09-09T22:54:24.456874875+00:00,1,0,1,1,1,1
2026-09-09T22:54:24.456875375+00:00,0,0,1,1,1,1
2026-09-09T22:54:24.456877625+00:00,0,1,1,1,1,1
2026-09-09T22:54:24.456880750+00:00,0,0,1,1,1,1
2026-09-09T22:54:24.456881250+00:00,1,0,1,1,1,1
2026-09-09T22:54:24.456883500+00:00,1,1,1,1,1,1
2026-09-09T22:54:24.456887000+00:00,1,0,1,1,1,1
2026-09-09T22:54:24.456887375+00:00,0,0,1,1,1,1
2026-09-09T22:54:24.456890625+00:00,0,1,1,1,1,1
2026-09-09T22:54:24.456893750+00:00,0,0,1,1,1,1
2026-09-09T22:54:24.456896375+00:00,0,1,1,1,1,1
2026-09-09T22:54:24.456899875+00:00,0,0,1,1,1,1
2026-09-09T22:54:24.456903500+00:00,0,1,1,1,1,1
2026-09-09T22:54:24.456906625+00:00,0,0,1,1,1,1
2026-09-09T22:54:24.456909250+00:00,0,1,1,1,1,1
2026-09-09T22:54:24.456912750+00:00,0,0,1,1,1,1
2026-09-09T22:54:24.456916375+00:00,0,1,1,1,1,1
2026-09-09T22:54:24.456919500+00:00,0,0,1,1,1,1
2026-09-09T22:54:24.456922500+00:00,0,1,1,1,1,1
2026-09-09T22:54:24.456925625+00:00,0,0,1,1,1,1
2026-09-09T22:54:24.456928250+00:00,0,1,1,1,1,1
2026-09-09T22:54:24.456931500+00:00,0,0,1,1,1,1
2026-09-09T22:54:24.456934375+00:00,0,1,1,1,1,1
2026-09-09T22:54:24.456937625+00:00,0,0,1,1,1,1
2026-09-09T22:54:24.456940250+00:00,0,1,1,1,1,1
2026-09-09T22:54:24.456943375+00:00,0,0,1,1,1,1
2026-09-09T22:54:24.456943875+00:00,1,0,1,1,1,1
2026-09-09T22:54:24.456946125+00:00,1,1,1,1,1,1
2026-09-09T22:54:24.456949625+00:00,1,0,1,1,1,1
2026-09-09T22:54:24.456950125+00:00,0,0,1,1,1,1
2026-09-09T22:54:24.456953250+00:00,0,1,1,1,1,1
2026-09-09T22:54:24.456956375+00:00,0,0,1,1,1,1
2026-09-09T22:54:24.456959750+00:00,0,1,1,1,1,1
2026-09-09T22:54:24.456962375+00:00,0,0,1,1,1,1
2026-09-09T22:54:24.456965250+00:00,0,1,1,1,1,1
2026-09-09T22:54:24.456968500+00:00,0,0,1,1,1,1
2026-09-09T22:54:24.456971125+00:00,0,1,1,1,1,1
2026-09-09T22:54:24.456974250+00:00,0,0,1,1,1,1
2026-09-09T22:54:24.456977250+00:00,0,1,1,1,1,1
2026-09-09T22:54:24.456980375+00:00,0,0,1,1,1,1
2026-09-09T22:54:24.456983000+00:00,0,1,1,1,1,1
2026-09-09T22:54:24.456986125+00:00,0,0,1,1,1,1
2026-09-09T22:54:24.456989125+00:00,0,1,1,1,1,1
2026-09-09T22:54:24.456992250+00:00,0,0,1,1,1,1
2026-09-09T22:54:24.456994875+00:00,0,1,1,1,1,1
2026-09-09T22:54:24.456998125+00:00,0,0,1,1,1,1
2026-09-09T22:54:24.457001000+00:00,0,1,1,1,1,1
2026-09-09T22:54:24.457004250+00:00,0,0,1,1,1,1
2026-09-09T22:54:24.457006875+00:00,0,1,1,1,1,1
2026-09-09T22:54:24.457010000+00:00,0,0,1,1,1,1
2026-09-09T22:54:24.457013000+00:00,0,1,1,1,1,1
2026-09-09T22:54:24.457016125+00:00,0,0,1,1,1,1
2026-09-09T22:54:24.457018750+00:00,0,1,1,1,1,1
2026-09-09T22:54:24.457022250+00:00,0,0,1,1,1,1
2026-09-09T22:54:24.457025875+00:00,0,1,1,1,1,1
2026-09-09T22:54:24.457029000+00:00,0,0,1,1,1,1
2026-09-09T22:54:24.457031625+00:00,0,1,1,1,1,1
2026-09-09T22:54:24.457035125+00:00,0,0,1,1,1,1
2026-09-09T22:54:24.457038750+00:00,0,1,1,1,1,1
2026-09-09T22:54:24.457041875+00:00,0,0,1,1,1,1
2026-09-09T22:54:24.457046000+00:00,0,1,1,1,1,1
2026-09-09T22:54:24.457048875+00:00,0,0,1,1,1,1
2026-09-09T22:54:24.457051875+00:00,0,1,1,1,1,1
2026-09-09T22:54:24.457055000+00:00,0,0,1,1,1,1
2026-09-09T22:54:24.457057625+00:00,0,1,1,1,1,1
2026-09-09T22:54:24.457060750+00:00,0,0,1,1,1,1
2026-09-09T22:54:24.457063750+00:00,0,1,1,1,1,1
2026-09-09T22:54:24.457066875+00:00,0,0,1,1,1,1
2026-09-09T22:54:24.457069500+00:00,0,1,1,1,1,1
2026-09-09T22:54:24.457072750+00:00,0,0,1,1,1,1
2026-09-09T22:54:24.457073250+00:00,1,0,1,1,1,1
2026-09-09T22:54:24.457075500+00:00,1,1,1,1,1,1
2026-09-09T22:54:24.457079000+00:00,1,0,1,1,1,1
2026-09-09T22:54:24.457082500+00:00,1,1,1,1,1,1
2026-09-09T22:54:24.457085625+00:00,1,0,1,1,1,1
2026-09-09T22:54:24.457086125+00:00,0,0,1,1,1,1
2026-09-09T22:54:24.457088625+00:00,0,1,1,1,1,1
2026-09-09T22:54:24.457091875+00:00,0,0,1,1,1,1
2026-09-09T22:54:24.457095500+00:00,0,1,1,1,1,1
2026-09-09T22:54:24.457098625+00:00,0,0,1,1,1,1
2026-09-09T22:54:24.457099125+00:00,1,0,1,1,1,1
2026-09-09T22:54:24.457101375+00:00,1,1,1,1,1,1
2026-09-09T22:54:24.457104500+00:00,1,0,1,1,1,1
2026-09-09T22:54:24.457107375+00:00,1,1,1,1,1,1
2026-09-09T22:54:24.457110625+00:00,1,0,1,1,1,1
2026-09-09T22:54:24.457111000+00:00,0,0,1,1,1,1
2026-09-09T22:54:24.457113250+00:00,0,1,1,1,1,1
2026-09-09T22:54:24.457116750+00:00,0,0,1,1,1,1
2026-09-09T22:54:24.457117250+00:00,1,0,1,1,1,1
2026-09-09T22:54:24.457120500+00:00,1,1,1,1,1,1
2026-09-09T22:54:24.457126000+00:00,1,0,1,1,1,1
2026-09-09T22:54:24.457129250+00:00,1,1,1,1,1,1
2026-09-09T22:54:24.457133250+00:00,1,0,1,1,1,1
2026-09-09T22:54:24.457136125+00:00,1,1,1,1,1,1
2026-09-09T22:54:24.457139875+00:00,1,0,1,1,1,1
2026-09-09T22:54:24.457142000+00:00,1,1,1,1,1,1
2026-09-09T22:54:24.457145875+00:00,1,0,1,1,1,1
2026-09-09T22:54:24.457148000+00:00,1,1,1,1,1,1
2026-09-09T22:54:24.457151875+00:00,1,0,1,1,1,1
2026-09-09T22:54:24.457154000+00:00,1,1,1,1,1,1
2026-09-09T22:54:24.457157750+00:00,0,0,1,1,1,1
2026-09-09T22:54:24.457160000+00:00,0,1,1,1,1,1
2026-09-09T22:54:24.457164125+00:00,0,0,1,1,1,1
2026-09-09T22:54:24.457166875+00:00,0,1,1,1,1,1
2026-09-09T22:54:24.457170750+00:00,1,0,1,1,1,1
2026-09-09T22:54:24.457173000+00:00,1,1,1,1,1,1
2026-09-09T22:54:24.457176750+00:00,1,0,1,1,1,1
2026-09-09T22:54:24.457178875+00:00,1,1,1,1,1,1
2026-09-09T22:54:24.457182375+00:00,1,0,1,1,1,1
2026-09-09T22:54:24.457184875+00:00,1,1,1,1,1,1
2026-09-09T22:54:24.457188375+00:00,1,0,1,1,1,1
2026-09-09T22:54:24.457190875+00:00,1,1,1,1,1,1
2026-09-09T22:54:24.457194625+00:00,1,0,1,1,1,1
2026-09-09T22:54:24.457196750+00:00,1,1,1,1,1,1
2026-09-09T22:54:24.457200500+00:00,1,0,1,1,1,1
2026-09-09T22:54:24.457202750+00:00,1,1,1,1,1,1
2026-09-09T22:54:24.457206500+00:00,1,0,1,1,1,1
2026-09-09T22:54:24.457208625+00:00,1,1,1,1,1,1
2026-09-09T22:54:24.457212375+00:00,1,0,1,1,1,1
2026-09-09T22:54:24.457214625+00:00,1,1,1,1,1,1
2026-09-09T22:54:24.457219250+00:00,0,0,1,1,1,1
2026-09-09T22:54:24.457221750+00:00,0,1,1,1,1,1
2026-09-09T22:54:24.457225250+00:00,0,0,1,1,1,1
2026-09-09T22:54:24.457227625+00:00,0,1,1,1,1,1
2026-09-09T22:54:24.457231125+00:00,0,0,1,1,1,1
2026-09-09T22:54:24.457233625+00:00,0,1,1,1,1,1
2026-09-09T22:54:24.457237125+00:00,0,0,1,1,1,1
2026-09-09T22:54:24.457239625+00:00,0,1,1,1,1,1
2026-09-09T22:54:24.457243375+00:00,0,0,1,1,1,1
2026-09-09T22:54:24.457245500+00:00,0,1,1,1,1,1
2026-09-09T22:54:24.457249250+00:00,0,0,1,1,1,1
2026-09-09T22:54:24.457251500+00:00,0,1,1,1,1,1
2026-09-09T22:54:24.457255250+00:00,1,0,1,1,1,1
2026-09-09T22:54:24.457257375+00:00,1,1,1,1,1,1
2026-09-09T22:54:24.457261250+00:00,1,0,1,1,1,1
2026-09-09T22:54:24.457263375+00:00,1,1,1,1,1,1
2026-09-09T22:54:24.457267250+00:00,1,0,1,1,1,1
2026-09-09T22:54:24.457269375+00:00,1,1,1,1,1,1
2026-09-09T22:54:24.457273125+00:00,1,0,1,1,1,1
2026-09-09T22:54:24.457275250+00:00,1,1,1,1,1,1
2026-09-09T22:54:24.457279125+00:00,1,0,1,1,1,1
2026-09-09T22:54:24.457281250+00:00,1,1,1,1,1,1
2026-09-09T22:54:24.457285000+00:00,1,0,1,1,1,1
2026-09-09T22:54:24.457287500+00:00,1,1,1,1,1,1
2026-09-09T22:54:24.457291000+00:00,1,0,1,1,1,1
2026-09-09T22:54:24.457293500+00:00,1,1,1,1,1,1
2026-09-09T22:54:24.457296875+00:00,1,0,1,1,1,1
2026-09-09T22:54:24.457299375+00:00,1,1,1,1,1,1
2026-09-09T22:54:24.457304250+00:00,1,0,1,1,1,1
2026-09-09T22:54:24.457307375+00:00,1,1,1,1,1,1
2026-09-09T22:54:24.457310750+00:00,0,0,1,1,1,1
2026-09-09T22:54:24.457313250+00:00,0,1,1,1,1,1
2026-09-09T22:54:24.457316750+00:00,0,0,1,1,1,1
2026-09-09T22:54:24.457319250+00:00,0,1,1,1,1,1
2026-09-09T22:54:24.457322750+00:00,0,0,1,1,1,1
2026-09-09T22:54:24.457325250+00:00,0,1,1,1,1,1
2026-09-09T22:54:24.457328750+00:00,0,0,1,1,1,1
2026-09-09T22:54:24.457331125+00:00,0,1,1,1,1,1
2026-09-09T22:54:24.457334625+00:00,0,0,1,1,1,1
2026-09-09T22:54:24.457337125+00:00,0,1,1,1,1,1
2026-09-09T22:54:24.457340625+00:00,0,0,1,1,1,1
2026-09-09T22:54:24.457343000+00:00,0,1,1,1,1,1
2026-09-09T22:54:24.457346875+00:00,0,0,1,1,1,1
2026-09-09T22:54:24.457349000+00:00,0,1,1,1,1,1
2026-09-09T22:54:24.457352750+00:00,0,0,1,1,1,1
2026-09-09T22:54:24.457354875+00:00,0,1,1,1,1,1
2026-09-09T22:54:24.457358750+00:00,0,0,1,1,1,1
2026-09-09T22:54:24.457360875+00:00,0,1,1,1,1,1
2026-09-09T22:54:24.457364625+00:00,0,0,1,1,1,1
2026-09-09T22:54:24.457366750+00:00,0,1,1,1,1,1
2026-09-09T22:54:24.457370625+00:00,0,0,1,1,1,1
2026-09-09T22:54:24.457373000+00:00,0,1,1,1,1,1
2026-09-09T22:54:24.457376500+00:00,0,0,1,1,1,1
2026-09-09T22:54:24.457379000+00:00,0,1,1,1,1,1
2026-09-09T22:54:24.457382375+00:00,0,0,1,1,1,1
2026-09-09T22:54:24.457384875+00:00,0,1,1,1,1,1
2026-09-09T22:54:24.457388375+00:00,0,0,1,1,1,1
2026-09-09T22:54:24.457391125+00:00,0,1,1,1,1,1
2026-09-09T22:54:24.457394375+00:00,0,0,1,1,1,1
2026-09-09T22:54:24.457396875+00:00,0,1,1,1,1,1
2026-09-09T22:54:24.457400250+00:00,0,0,1,1,1,1
2026-09-09T22:54:24.457400375+00:00,1,0,1,1,1,1
2026-09-09T22:54:24.457402750+00:00,1,1,1,1,1,1
2026-09-09T22:54:24.457406250+00:00,1,0,1,1,1,1
2026-09-09T22:54:24.457408750+00:00,1,1,1,1,1,1
2026-09-09T22:54:24.457412250+00:00,1,0,1,1,1,1
2026-09-09T22:54:24.457414750+00:00,1,1,1,1,1,1
2026-09-09T22:54:24.457418250+00:00,1,0,1,1,1,1
2026-09-09T22:54:24.457420750+00:00,1,1,1,1,1,1
2026-09-09T22:54:24.457424125+00:00,1,0,1,1,1,1
2026-09-09T22:54:24.457426625+00:00,1,1,1,1,1,1
2026-09-09T22:54:24.457430125+00:00,1,0,1,1,1,1
2026-09-09T22:54:24.457432625+00:00,1,1,1,1,1,1
2026-09-09T22:54:24.457436375+00:00,1,0,1,1,1,1
2026-09-09T22:54:24.457438500+00:00,1,1,1,1,1,1
2026-09-09T22:54:24.457442250+00:00,1,0,1,1,1,1
2026-09-09T22:54:24.457444500+00:00,1,1,1,1,1,1
2026-09-09T22:54:24.457461250+00:00,1,0,1,1,1,1
2026-09-09T22:54:24.457464625+00:00,1,1,1,1,1,1
2026-09-09T22:54:24.457467500+00:00,1,0,1,1,1,1
2026-09-09T22:54:24.457470375+00:00,1,1,1,1,1,1
2026-09-09T22:54:24.457473625+00:00,1,0,1,1,1,1
2026-09-09T22:54:24.457477375+00:00,1,1,1,1,1,1
2026-09-09T22:54:24.457480375+00:00,1,0,1,1,1,1
2026-09-09T22:54:24.457483125+00:00,1,1,1,1,1,1
2026-09-09T22:54:24.457486500+00:00,1,0,1,1,1,1
2026-09-09T22:54:24.457489250+00:00,1,1,1,1,1,1
2026-09-09T22:54:24.457492250+00:00,1,0,1,1,1,1
2026-09-09T22:54:24.457495125+00:00,1,1,1,1,1,1
2026-09-09T22:54:24.457498375+00:00,1,0,1,1,1,1
2026-09-09T22:54:24.457501250+00:00,1,1,1,1,1,1
2026-09-09T22:54:24.457504500+00:00,1,0,1,1,1,1
2026-09-09T22:54:24.457507000+00:00,1,1,1,1,1,1
2026-09-09T22:54:24.457595250+00:00,1,0,1,1,1,1
2026-09-09T22:54:24.457595625+00:00,0,0,1,1,1,1
2026-09-09T22:54:24.457599000+00:00,0,1,1,1,1,1
2026-09-09T22:54:24.457602000+00:00,0,0,1,1,1,1
2026-09-09T22:54:24.457602500+00:00,1,0,1,1,1,1
2026-09-09T22:54:24.457604750+00:00,1,1,1,1,1,1
2026-09-09T22:54:24.457607875+00:00,1,0,1,1,1,1
2026-09-09T22:54:24.457608375+00:00,0,0,1,1,1,1
2026-09-09T22:54:24.457610875+00:00,0,1,1,1,1,1
2026-09-09T22:54:24.457614000+00:00,0,0,1,1,1,1
2026-09-09T22:54:24.457616625+00:00,0,1,1,1,1,1
2026-09-09T22:54:24.457619875+00:00,0,0,1,1,1,1
2026-09-09T22:54:24.457622750+00:00,0,1,1,1,1,1
2026-09-09T22:54:24.457626000+00:00,0,0,1,1,1,1
2026-09-09T22:54:24.457628625+00:00,0,1,1,1,1,1
2026-09-09T22:54:24.457631750+00:00,0,0,1,1,1,1
2026-09-09T22:54:24.457632250+00:00,1,0,1,1,1,1
2026-09-09T22:54:24.457634500+00:00,1,1,1,1,1,1
2026-09-09T22:54:24.457638000+00:00,1,0,1,1,1,1
2026-09-09T22:54:24.457638500+00:00,0,0,1,1,1,1
2026-09-09T22:54:24.457641625+00:00,0,1,1,1,1,1
2026-09-09T22:54:24.457644750+00:00,0,0,1,1,1,1
2026-09-09T22:54:24.457647375+00:00,0,1,1,1,1,1
2026-09-09T22:54:24.457650875+00:00,0,0,1,1,1,1
2026-09-09T22:54:24.457653625+00:00,0,1,1,1,1,1
2026-09-09T22:54:24.457656750+00:00,0,0,1,1,1,1
2026-09-09T22:54:24.457659375+00:00,0,1,1,1,1,1
2026-09-09T22:54:24.457662625+00:00,0,0,1,1,1,1
2026-09-09T22:54:24.457665500+00:00,0,1,1,1,1,1
2026-09-09T22:54:24.457668750+00:00,0,0,1,1,1,1
2026-09-09T22:54:24.457671375+00:00,0,1,1,1,1,1
2026-09-09T22:54:24.457674500+00:00,0,0,1,1,1,1
2026-09-09T22:54:24.457677500+00:00,0,1,1,1,1,1
2026-09-09T22:54:24.457680625+00:00,0,0,1,1,1,1
2026-09-09T22:54:24.457683250+00:00,0,1,1,1,1,1
2026-09-09T22:54:24.457686750+00:00,0,0,1,1,1,1
2026-09-09T22:54:24.457690375+00:00,0,1,1,1,1,1
2026-09-09T22:54:24.457693500+00:00,0,0,1,1,1,1
2026-09-09T22:54:24.457696125+00:00,0,1,1,1,1,1
2026-09-09T22:54:24.457699625+00:00,0,0,1,1,1,1
2026-09-09T22:54:24.457702250+00:00,0,1,1,1,1,1
2026-09-09T22:54:24.457705375+00:00,0,0,1,1,1,1
2026-09-09T22:54:24.457708125+00:00,0,1,1,1,1,1
2026-09-09T22:54:24.457711500+00:00,0,0,1,1,1,1
2026-09-09T22:54:24.457714250+00:00,0,1,1,1,1,1
2026-09-09T22:54:24.457717375+00:00,0,0,1,1,1,1
2026-09-09T22:54:24.457720250+00:00,0,1,1,1,1,1
2026-09-09T22:54:24.457723500+00:00,0,0,1,1,1,1
2026-09-09T22:54:24.457726125+00:00,0,1,1,1,1,1
2026-09-09T22:54:24.457729250+00:00,0,0,1,1,1,1
2026-09-09T22:54:24.457732250+00:00,0,1,1,1,1,1
2026-09-09T22:54:24.457736875+00:00,0,0,1,1,1,1
2026-09-09T22:54:24.457740125+00:00,0,1,1,1,1,1
2026-09-09T22:54:24.457743375+00:00,0,0,1,1,1,1
2026-09-09T22:54:24.457746000+00:00,0,1,1,1,1,1
2026-09-09T22:54:24.457749125+00:00,0,0,1,1,1,1
2026-09-09T22:54:24.457752125+00:00,0,1,1,1,1,1
2026-09-09T22:54:24.457755250+00:00,0,0,1,1,1,1
2026-09-09T22:54:24.457757875+00:00,0,1,1,1,1,1
2026-09-09T22:54:24.457761000+00:00,0,0,1,1,1,1
2026-09-09T22:54:24.457764000+00:00,0,1,1,1,1,1
2026-09-09T22:54:24.457767125+00:00,0,0,1,1,1,1
2026-09-09T22:54:24.457769875+00:00,0,1,1,1,1,1
2026-09-09T22:54:24.457773250+00:00,0,0,1,1,1,1
2026-09-09T22:54:24.457776875+00:00,0,1,1,1,1,1
2026-09-09T22:54:24.457780125+00:00,0,0,1,1,1,1
2026-09-09T22:54:24.457782750+00:00,0,1,1,1,1,1
2026-09-09T22:54:24.457786125+00:00,0,0,1,1,1,1
2026-09-09T22:54:24.457789750+00:00,0,1,1,1,1,1
2026-09-09T22:54:24.457793000+00:00,0,0,1,1,1,1
2026-09-09T22:54:24.457795875+00:00,0,1,1,1,1,1
2026-09-09T22:54:24.457799125+00:00,0,0,1,1,1,1
2026-09-09T22:54:24.457801750+00:00,0,1,1,1,1,1
2026-09-09T22:54:24.457804875+00:00,0,0,1,1,1,1
2026-09-09T22:54:24.457807875+00:00,0,1,1,1,1,1
2026-09-09T22:54:24.457811000+00:00,0,0,1,1,1,1
2026-09-09T22:54:24.457813625+00:00,0,1,1,1,1,1
2026-09-09T22:54:24.457816750+00:00,0,0,1,1,1,1
2026-09-09T22:54:24.457819750+00:00,0,1,1,1,1,1
2026-09-09T22:54:24.457823375+00:00,0,0,1,1,1,1
2026-09-09T22:54:24.457826750+00:00,0,1,1,1,1,1
2026-09-09T22:54:24.457829875+00:00,0,0,1,1,1,1
2026-09-09T22:54:24.457832500+00:00,0,1,1,1,1,1
2026-09-09T22:54:24.457835625+00:00,0,0,1,1,1,1
2026-09-09T22:54:24.457838625+00:00,0,1,1,1,1,1
2026-09-09T22:54:24.457841750+00:00,0,0,1,1,1,1
2026-09-09T22:54:24.457844375+00:00,0,1,1,1,1,1
2026-09-09T22:54:24.457847625+00:00,0,0,1,1,1,1
2026-09-09T22:54:24.457848125+00:00,1,0,1,1,1,1
2026-09-09T22:54:24.457850375+00:00,1,1,1,1,1,1
2026-09-09T22:54:24.457853875+00:00,1,0,1,1,1,1
2026-09-09T22:54:24.457854250+00:00,0,0,1,1,1,1
2026-09-09T22:54:24.457857500+00:00,0,1,1,1,1,1
2026-09-09T22:54:24.457860625+00:00,0,0,1,1,1,1
2026-09-09T22:54:24.457863250+00:00,0,1,1,1,1,1
2026-09-09T22:54:24.457866750+00:00,0,0,1,1,1,1
2026-09-09T22:54:24.457867250+00:00,1,0,1,1,1,1
2026-09-09T22:54:24.457870500+00:00,1,1,1,1,1,1
2026-09-09T22:54:24.457873625+00:00,1,0,1,1,1,1
2026-09-09T22:54:24.457876250+00:00,1,1,1,1,1,1
2026-09-09T22:54:24.457879625+00:00,1,0,1,1,1,1
2026-09-09T22:54:24.457880125+00:00,0,0,1,1,1,1
2026-09-09T22:54:24.457883250+00:00,0,1,1,1,1,1
2026-09-09T22:54:24.457886500+00:00,0,0,1,1,1,1
2026-09-09T22:54:24.457887000+00:00,1,0,1,1,1,1
2026-09-09T22:54:24.457889250+00:00,1,1,1,1,1,1
2026-09-09T22:54:24.457894875+00:00,1,0,1,1,1,1
2026-09-09T22:54:24.457897125+00:00,1,1,1,1,1,1
2026-09-09T22:54:24.457901000+00:00,1,0,1,1,1,1
2026-09-09T22:54:24.457904125+00:00,1,1,1,1,1,1
2026-09-09T22:54:24.457909000+00:00,1,0,1,1,1,1
2026-09-09T22:54:24.457912125+00:00,1,1,1,1,1,1
2026-09-09T22:54:24.457915625+00:00,1,0,1,1,1,1
2026-09-09T22:54:24.457918125+00:00,1,1,1,1,1,1
2026-09-09T22:54:24.457921625+00:00,1,0,1,1,1,1
2026-09-09T22:54:24.457924000+00:00,1,1,1,1,1,1
2026-09-09T22:54:24.457927500+00:00,0,0,1,1,1,1
2026-09-09T22:54:24.457930000+00:00,0,1,1,1,1,1
2026-09-09T22:54:24.457933875+00:00,0,0,1,1,1,1
2026-09-09T22:54:24.457937000+00:00,0,1,1,1,1,1
2026-09-09T22:54:24.457940500+00:00,1,0,1,1,1,1
2026-09-09T22:54:24.457943000+00:00,1,1,1,1,1,1
2026-09-09T22:54:24.457946500+00:00,1,0,1,1,1,1
2026-09-09T22:54:24.457949000+00:00,1,1,1,1,1,1
2026-09-09T22:54:24.457952500+00:00,1,0,1,1,1,1
2026-09-09T22:54:24.457954625+00:00,1,1,1,1,1,1
2026-09-09T22:54:24.457958375+00:00,1,0,1,1,1,1
2026-09-09T22:54:24.457960875+00:00,1,1,1,1,1,1
2026-09-09T22:54:24.457964375+00:00,1,0,1,1,1,1
2026-09-09T22:54:24.457966875+00:00,1,1,1,1,1,1
2026-09-09T22:54:24.457970250+00:00,1,0,1,1,1,1
2026-09-09T22:54:24.457972750+00:00,1,1,1,1,1,1
2026-09-09T22:54:24.457976250+00:00,0,0,1,1,1,1
2026-09-09T22:54:24.457978750+00:00,0,1,1,1,1,1
2026-09-09T22:54:24.457982250+00:00,0,0,1,1,1,1
2026-09-09T22:54:24.457984750+00:00,0,1,1,1,1,1
2026-09-09T22:54:24.457988250+00:00,0,0,1,1,1,1
2026-09-09T22:54:24.457990750+00:00,0,1,1,1,1,1
2026-09-09T22:54:24.457995500+00:00,1,0,1,1,1,1
2026-09-09T22:54:24.457998625+00:00,1,1,1,1,1,1
2026-09-09T22:54:24.458002125+00:00,1,0,1,1,1,1
2026-09-09T22:54:24.458004625+00:00,1,1,1,1,1,1
2026-09-09T22:54:24.458008125+00:00,0,0,1,1,1,1
2026-09-09T22:54:24.458010625+00:00,0,1,1,1,1,1
2026-09-09T22:54:24.458014125+00:00,1,0,1,1,1,1
2026-09-09T22:54:24.458016500+00:00,1,1,1,1,1,1
2026-09-09T22:54:24.458020000+00:00,1,0,1,1,1,1
2026-09-09T22:54:24.458022500+00:00,1,1,1,1,1,1
2026-09-09T22:54:24.458026000+00:00,0,0,1,1,1,1
2026-09-09T22:54:24.458028375+00:00,0,1,1,1,1,1
2026-09-09T22:54:24.458032250+00:00,1,0,1,1,1,1
2026-09-09T22:54:24.458034375+00:00,1,1,1,1,1,1
2026-09-09T22:54:24.458038125+00:00,0,0,1,1,1,1
2026-09-09T22:54:24.458040375+00:00,0,1,1,1,1,1
2026-09-09T22:54:24.458044125+00:00,1,0,1,1,1,1
2026-09-09T22:54:24.458046375+00:00,1,1,1,1,1,1
2026-09-09T22:54:24.458050125+00:00,0,0,1,1,1,1
2026-09-09T22:54:24.458052250+00:00,0,1,1,1,1,1
2026-09-09T22:54:24.458056000+00:00,0,0,1,1,1,1
2026-09-09T22:54:24.458058250+00:00,0,1,1,1,1,1
2026-09-09T22:54:24.458062000+00:00,1,0,1,1,1,1
2026-09-09T22:54:24.458064250+00:00,1,1,1,1,1,1
2026-09-09T22:54:24.458068000+00:00,1,0,1,1,1,1
2026-09-09T22:54:24.458070125+00:00,1,1,1,1,1,1
2026-09-09T22:54:24.458074000+00:00,0,0,1,1,1,1
2026-09-09T22:54:24.458076125+00:00,0,1,1,1,1,1
2026-09-09T22:54:24.458081375+00:00,1,0,1,1,1,1
2026-09-09T22:54:24.458084250+00:00,1,1,1,1,1,1
2026-09-09T22:54:24.458087750+00:00,0,0,1,1,1,1
2026-09-09T22:54:24.458090250+00:00,0,1,1,1,1,1
2026-09-09T22:54:24.458093750+00:00,0,0,1,1,1,1
2026-09-09T22:54:24.458096250+00:00,0,1,1,1,1,1
2026-09-09T22:54:24.458099750+00:00,1,0,1,1,1,1
2026-09-09T22:54:24.458101875+00:00,1,1,1,1,1,1
2026-09-09T22:54:24.458105750+00:00,1,0,1,1,1,1
2026-09-09T22:54:24.458107875+00:00,1,1,1,1,1,1
2026-09-09T22:54:24.458111625+00:00,0,0,1,1,1,1
2026-09-09T22:54:24.458113875+00:00,0,1,1,1,1,1
2026-09-09T22:54:24.458117625+00:00,1,0,1,1,1,1
2026-09-09T22:54:24.458119875+00:00,1,1,1,1,1,1
2026-09-09T22:54:24.458123625+00:00,0,0,1,1,1,1
2026-09-09T22:54:24.458125750+00:00,0,1,1,1,1,1
2026-09-09T22:54:24.458129500+00:00,1,0,1,1,1,1
2026-09-09T22:54:24.458131750+00:00,1,1,1,1,1,1
2026-09-09T22:54:24.458135500+00:00,0,0,1,1,1,1
2026-09-09T22:54:24.458138000+00:00,0,1,1,1,1,1
2026-09-09T22:54:24.458141500+00:00,0,0,1,1,1,1
2026-09-09T22:54:24.458144000+00:00,0,1,1,1,1,1
2026-09-09T22:54:24.458147500+00:00,0,0,1,1,1,1
2026-09-09T22:54:24.458149875+00:00,0,1,1,1,1,1
2026-09-09T22:54:24.458153375+00:00,1,0,1,1,1,1
2026-09-09T22:54:24.458155875+00:00,1,1,1,1,1,1
2026-09-09T22:54:24.458159375+00:00,1,0,1,1,1,1
2026-09-09T22:54:24.458161875+00:00,1,1,1,1,1,1
2026-09-09T22:54:24.458165375+00:00,1,0,1,1,1,1
2026-09-09T22:54:24.458168250+00:00,1,1,1,1,1,1
2026-09-09T22:54:24.458171375+00:00,0,0,1,1,1,1
2026-09-09T22:54:24.458173625+00:00,0,1,1,1,1,1
2026-09-09T22:54:24.458177375+00:00,1,0,1,1,1,1
2026-09-09T22:54:24.458179500+00:00,1,1,1,1,1,1
2026-09-09T22:54:24.458183375+00:00,0,0,1,1,1,1
2026-09-09T22:54:24.458185500+00:00,0,1,1,1,1,1
2026-09-09T22:54:24.458189250+00:00,0,0,1,1,1,1
2026-09-09T22:54:24.458191500+00:00,0,1,1,1,1,1
2026-09-09T22:54:24.458195250+00:00,0,0,1,1,1,1
2026-09-09T22:54:24.458197375+00:00,0,1,1,1,1,1
2026-09-09T22:54:24.458201250+00:00,0,0,1,1,1,1
2026-09-09T22:54:24.458203375+00:00,0,1,1,1,1,1
2026-09-09T22:54:24.458207125+00:00,1,0,1,1,1,1
2026-09-09T22:54:24.458209250+00:00,1,1,1,1,1,1
2026-09-09T22:54:24.458213125+00:00,0,0,1,1,1,1
2026-09-09T22:54:24.458215250+00:00,0,1,1,1,1,1
2026-09-09T22:54:24.458219000+00:00,0,0,1,1,1,1
2026-09-09T22:54:24.458221500+00:00,0,1,1,1,1,1
2026-09-09T22:54:24.458225000+00:00,0,0,1,1,1,1
2026-09-09T22:54:24.458227500+00:00,0,1,1,1,1,1
2026-09-09T22:54:24.458230875+00:00,1,0,1,1,1,1
2026-09-09T22:54:24.458233375+00:00,1,1,1,1,1,1
2026-09-09T22:54:24.458236875+00:00,1,0,1,1,1,1
2026-09-09T22:54:24.458239375+00:00,1,1,1,1,1,1
2026-09-09T22:54:24.458242875+00:00,0,0,1,1,1,1
2026-09-09T22:54:24.458245375+00:00,0,1,1,1,1,1
2026-09-09T22:54:24.458248875+00:00,0,0,1,1,1,1
2026-09-09T22:54:24.458251375+00:00,0,1,1,1,1,1
2026-09-09T22:54:24.458255375+00:00,0,0,1,1,1,1
2026-09-09T22:54:24.458258125+00:00,0,1,1,1,1,1
2026-09-09T22:54:24.458261875+00:00,1,0,1,1,1,1
2026-09-09T22:54:24.458264125+00:00,1,1,1,1,1,1
2026-09-09T22:54:24.458267875+00:00,0,0,1,1,1,1
2026-09-09T22:54:24.458270125+00:00,0,1,1,1,1,1
2026-09-09T22:54:24.458273875+00:00,1,0,1,1,1,1
2026-09-09T22:54:24.458276000+00:00,1,1,1,1,1,1
2026-09-09T22:54:24.458279875+00:00,0,0,1,1,1,1
2026-09-09T22:54:24.458282000+00:00,0,1,1,1,1,1
2026-09-09T22:54:24.458285750+00:00,1,0,1,1,1,1
2026-09-09T22:54:24.458287875+00:00,1,1,1,1,1,1
2026-09-09T22:54:24.458291750+00:00,0,0,1,1,1,1
2026-09-09T22:54:24.458293875+00:00,0,1,1,1,1,1
2026-09-09T22:54:24.458297625+00:00,0,0,1,1,1,1
2026-09-09T22:54:24.458299875+00:00,0,1,1,1,1,1
2026-09-09T22:54:24.458303625+00:00,0,0,1,1,1,1
2026-09-09T22:54:24.458305750+00:00,0,1,1,1,1,1
2026-09-09T22:54:24.458309500+00:00,0,0,1,1,1,1
2026-09-09T22:54:24.458309625+00:00,1,0,1,1,1,1
2026-09-09T22:54:24.458312000+00:00,1,1,1,1,1,1
2026-09-09T22:54:24.458315500+00:00,0,0,1,1,1,1
2026-09-09T22:54:24.458317750+00:00,0,1,1,1,1,1
2026-09-09T22:54:24.458321500+00:00,1,0,1,1,1,1
2026-09-09T22:54:24.458324000+00:00,1,1,1,1,1,1
2026-09-09T22:54:24.458327500+00:00,0,0,1,1,1,1
2026-09-09T22:54:24.458330000+00:00,0,1,1,1,1,1
2026-09-09T22:54:24.458333375+00:00,1,0,1,1,1,1
2026-09-09T22:54:24.458335875+00:00,1,1,1,1,1,1
2026-09-09T22:54:24.458340750+00:00,0,0,1,1,1,1
2026-09-09T22:54:24.458343625+00:00,0,1,1,1,1,1
2026-09-09T22:54:24.458347375+00:00,1,0,1,1,1,1
2026-09-09T22:54:24.458349500+00:00,1,1,1,1,1,1
2026-09-09T22:54:24.458353375+00:00,0,0,1,1,1,1
2026-09-09T22:54:24.458355500+00:00,0,1,1,1,1,1
2026-09-09T22:54:24.458359250+00:00,0,0,1,1,1,1
2026-09-09T22:54:24.458361750+00:00,0,1,1,1,1,1
2026-09-09T22:54:24.458365250+00:00,0,0,1,1,1,1
2026-09-09T22:54:24.458367750+00:00,0,1,1,1,1,1
2026-09-09T22:54:24.458371125+00:00,0,0,1,1,1,1
2026-09-09T22:54:24.458373625+00:00,0,1,1,1,1,1
2026-09-09T22:54:24.458377125+00:00,1,0,1,1,1,1
2026-09-09T22:54:24.458379625+00:00,1,1,1,1,1,1
2026-09-09T22:54:24.458383125+00:00,1,0,1,1,1,1
2026-09-09T22:54:24.458385625+00:00,1,1,1,1,1,1
2026-09-09T22:54:24.458389000+00:00,0,0,1,1,1,1
2026-09-09T22:54:24.458391500+00:00,0,1,1,1,1,1
2026-09-09T22:54:24.458395000+00:00,0,0,1,1,1,1
2026-09-09T22:54:24.458397500+00:00,0,1,1,1,1,1
2026-09-09T22:54:24.458401000+00:00,0,0,1,1,1,1
2026-09-09T22:54:24.458403500+00:00,0,1,1,1,1,1
2026-09-09T22:54:24.458407000+00:00,0,0,1,1,1,1
2026-09-09T22:54:24.458409375+00:00,0,1,1,1,1,1
2026-09-09T22:54:24.458412875+00:00,0,0,1,1,1,1
2026-09-09T22:54:24.458415375+00:00,0,1,1,1,1,1
2026-09-09T22:54:24.458418750+00:00,0,0,1,1,1,1
2026-09-09T22:54:24.458418875+00:00,1,0,1,1,1,1
2026-09-09T22:54:24.458421250+00:00,1,1,1,1,1,1
2026-09-09T22:54:24.458426250+00:00,0,0,1,1,1,1
2026-09-09T22:54:24.458429375+00:00,0,1,1,1,1,1
2026-09-09T22:54:24.458432750+00:00,0,0,1,1,1,1
2026-09-09T22:54:24.458435250+00:00,0,1,1,1,1,1
2026-09-09T22:54:24.458438750+00:00,1,0,1,1,1,1
2026-09-09T22:54:24.458441250+00:00,1,1,1,1,1,1
2026-09-09T22:54:24.458444750+00:00,0,0,1,1,1,1
2026-09-09T22:54:24.458447250+00:00,0,1,1,1,1,1
2026-09-09T22:54:24.458450625+00:00,1,0,1,1,1,1
2026-09-09T22:54:24.458453125+00:00,1,1,1,1,1,1
2026-09-09T22:54:24.458456625+00:00,1,0,1,1,1,1
2026-09-09T22:54:24.458459125+00:00,1,1,1,1,1,1
2026-09-09T22:54:24.458462625+00:00,1,0,1,1,1,1
2026-09-09T22:54:24.458465125+00:00,1,1,1,1,1,1
2026-09-09T22:54:24.458468500+00:00,0,0,1,1,1,1
2026-09-09T22:54:24.458471000+00:00,0,1,1,1,1,1
2026-09-09T22:54:24.458474500+00:00,0,0,1,1,1,1
2026-09-09T22:54:24.458477000+00:00,0,1,1,1,1,1
2026-09-09T22:54:24.458480500+00:00,1,0,1,1,1,1
2026-09-09T22:54:24.458483000+00:00,1,1,1,1,1,1
2026-09-09T22:54:24.458486500+00:00,0,0,1,1,1,1
2026-09-09T22:54:24.458489000+00:00,0,1,1,1,1,1
2026-09-09T22:54:24.458492375+00:00,1,0,1,1,1,1
2026-09-09T22:54:24.458494875+00:00,1,1,1,1,1,1
2026-09-09T22:54:24.458498375+00:00,1,0,1,1,1,1
2026-09-09T22:54:24.458500875+00:00,1,1,1,1,1,1
2026-09-09T22:54:24.458504375+00:00,1,0,1,1,1,1
2026-09-09T22:54:24.458506875+00:00,1,1,1,1,1,1
2026-09-09T22:54:24.458510375+00:00,0,0,1,1,1,1
2026-09-09T22:54:24.458513625+00:00,0,1,1,1,1,1
2026-09-09T22:54:24.458517500+00:00,1,0,1,1,1,1
2026-09-09T22:54:24.458519625+00:00,1,1,1,1,1,1
2026-09-09T22:54:24.458523375+00:00,0,0,1,1,1,1
2026-09-09T22:54:24.458525875+00:00,0,1,1,1,1,1
2026-09-09T22:54:24.458529375+00:00,1,0,1,1,1,1
2026-09-09T22:54:24.458531875+00:00,1,1,1,1,1,1
2026-09-09T22:54:24.458535250+00:00,0,0,1,1,1,1
2026-09-09T22:54:24.458537750+00:00,0,1,1,1,1,1
2026-09-09T22:54:24.458541250+00:00,1,0,1,1,1,1
2026-09-09T22:54:24.458543750+00:00,1,1,1,1,1,1
2026-09-09T22:54:24.458547250+00:00,1,0,1,1,1,1
2026-09-09T22:54:24.458549750+00:00,1,1,1,1,1,1
2026-09-09T22:54:24.458553125+00:00,1,0,1,1,1,1
2026-09-09T22:54:24.458555625+00:00,1,1,1,1,1,1
2026-09-09T22:54:24.458559125+00:00,1,0,1,1,1,1
2026-09-09T22:54:24.458561625+00:00,1,1,1,1,1,1
2026-09-09T22:54:24.458565000+00:00,0,0,1,1,1,1
2026-09-09T22:54:24.458567500+00:00,0,1,1,1,1,1
2026-09-09T22:54:24.458571000+00:00,0,0,1,1,1,1
2026-09-09T22:54:24.458573500+00:00,0,1,1,1,1,1
2026-09-09T22:54:24.458577000+00:00,1,0,1,1,1,1
2026-09-09T22:54:24.458579500+00:00,1,1,1,1,1,1
2026-09-09T22:54:24.458583000+00:00,0,0,1,1,1,1
2026-09-09T22:54:24.458585500+00:00,0,1,1,1,1,1
2026-09-09T22:54:24.458588875+00:00,1,0,1,1,1,1
2026-09-09T22:54:24.458591375+00:00,1,1,1,1,1,1
2026-09-09T22:54:24.458595250+00:00,1,0,1,1,1,1
2026-09-09T22:54:24.458598875+00:00,1,1,1,1,1,1
2026-09-09T22:54:24.458602000+00:00,1,0,1,1,1,1
2026-09-09T22:54:24.458604125+00:00,1,1,1,1,1,1
2026-09-09T22:54:24.458608000+00:00,0,0,1,1,1,1
2026-09-09T22:54:24.458610500+00:00,0,1,1,1,1,1
2026-09-09T22:54:24.458613875+00:00,0,0,1,1,1,1
2026-09-09T22:54:24.458616375+00:00,0,1,1,1,1,1
2026-09-09T22:54:24.458619875+00:00,0,0,1,1,1,1
2026-09-09T22:54:24.458622000+00:00,0,1,1,1,1,1
2026-09-09T22:54:24.458625875+00:00,0,0,1,1,1,1
2026-09-09T22:54:24.458628375+00:00,0,1,1,1,1,1
2026-09-09T22:54:24.458631750+00:00,0,0,1,1,1,1
2026-09-09T22:54:24.458634250+00:00,0,1,1,1,1,1
2026-09-09T22:54:24.458637750+00:00,0,0,1,1,1,1
2026-09-09T22:54:24.458640250+00:00,0,1,1,1,1,1
2026-09-09T22:54:24.458643625+00:00,0,0,1,1,1,1
2026-09-09T22:54:24.458646125+00:00,0,1,1,1,1,1
2026-09-09T22:54:24.458649625+00:00,1,0,1,1,1,1
2026-09-09T22:54:24.458652000+00:00,1,1,1,1,1,1
2026-09-09T22:54:24.458655500+00:00,0,0,1,1,1,1
2026-09-09T22:54:24.458658000+00:00,0,1,1,1,1,1
2026-09-09T22:54:24.458661500+00:00,0,0,1,1,1,1
2026-09-09T22:54:24.458664000+00:00,0,1,1,1,1,1
2026-09-09T22:54:24.458667750+00:00,1,0,1,1,1,1
2026-09-09T22:54:24.458669875+00:00,1,1,1,1,1,1
2026-09-09T22:54:24.458673750+00:00,1,0,1,1,1,1
2026-09-09T22:54:24.458675875+00:00,1,1,1,1,1,1
2026-09-09T22:54:24.458679750+00:00,0,0,1,1,1,1
2026-09-09T22:54:24.458681875+00:00,0,1,1,1,1,1
2026-09-09T22:54:24.458686750+00:00,0,0,1,1,1,1
2026-09-09T22:54:24.458690000+00:00,0,1,1,1,1,1
2026-09-09T22:54:24.458693375+00:00,1,0,1,1,1,1
2026-09-09T22:54:24.458695875+00:00,1,1,1,1,1,1
2026-09-09T22:54:24.458699375+00:00,1,0,1,1,1,1
2026-09-09T22:54:24.458701875+00:00,1,1,1,1,1,1
2026-09-09T22:54:24.458705375+00:00,0,0,1,1,1,1
2026-09-09T22:54:24.458707875+00:00,0,1,1,1,1,1
2026-09-09T22:54:24.458711375+00:00,1,0,1,1,1,1
2026-09-09T22:54:24.458713875+00:00,1,1,1,1,1,1
2026-09-09T22:54:24.458717250+00:00,0,0,1,1,1,1
2026-09-09T22:54:24.458719750+00:00,0,1,1,1,1,1
2026-09-09T22:54:24.458723250+00:00,1,0,1,1,1,1
2026-09-09T22:54:24.458725750+00:00,1,1,1,1,1,1
2026-09-09T22:54:24.458729250+00:00,0,0,1,1,1,1
2026-09-09T22:54:24.458731750+00:00,0,1,1,1,1,1
2026-09-09T22:54:24.458735125+00:00,1,0,1,1,1,1
2026-09-09T22:54:24.458737625+00:00,1,1,1,1,1,1
2026-09-09T22:54:24.458741125+00:00,0,0,1,1,1,1
2026-09-09T22:54:24.458743625+00:00,0,1,1,1,1,1
2026-09-09T22:54:24.458747125+00:00,1,0,1,1,1,1
2026-09-09T22:54:24.458749625+00:00,1,1,1,1,1,1
2026-09-09T22:54:24.458793000+00:00,1,0,1,1,1,1
2026-09-09T22:54:24.458795375+00:00,1,1,1,1,1,1
2026-09-09T22:54:24.458798625+00:00,1,0,1,1,1,1
2026-09-09T22:54:24.458801125+00:00,1,1,1,1,1,1
2026-09-09T22:54:24.458804375+00:00,1,0,1,1,1,1
2026-09-09T22:54:24.458807250+00:00,1,1,1,1,1,1
2026-09-09T22:54:24.458810500+00:00,1,0,1,1,1,1
2026-09-09T22:54:24.458813000+00:00,1,1,1,1,1,1
2026-09-09T22:54:24.458815375+00:00,1,0,1,1,1,1
2026-09-09T22:54:24.458818125+00:00,1,1,1,1,1,1
2026-09-09T22:54:24.458821500+00:00,1,0,1,1,1,1
2026-09-09T22:54:24.458823875+00:00,1,1,1,1,1,1
2026-09-09T22:54:24.458826250+00:00,1,0,1,1,1,1
2026-09-09T22:54:24.458829125+00:00,1,1,1,1,1,1
2026-09-09T22:54:24.458832375+00:00,1,0,1,1,1,1
2026-09-09T22:54:24.458834875+00:00,1,1,1,1,1,1
2026-09-09T22:54:24.458860125+00:00,1,0,1,1,1,1
2026-09-09T22:54:24.458860500+00:00,0,0,1,1,1,1
2026-09-09T22:54:24.458862875+00:00,0,1,1,1,1,1
2026-09-09T22:54:24.458866250+00:00,0,0,1,1,1,1
2026-09-09T22:54:24.458866750+00:00,1,0,1,1,1,1
2026-09-09T22:54:24.458870000+00:00,1,1,1,1,1,1
2026-09-09T22:54:24.458873125+00:00,1,0,1,1,1,1
2026-09-09T22:54:24.458873500+00:00,0,0,1,1,1,1
2026-09-09T22:54:24.458875750+00:00,0,1,1,1,1,1
2026-09-09T22:54:24.458879250+00:00,0,0,1,1,1,1
2026-09-09T22:54:24.458882875+00:00,0,1,1,1,1,1
2026-09-09T22:54:24.458886000+00:00,0,0,1,1,1,1
2026-09-09T22:54:24.458889000+00:00,0,1,1,1,1,1
2026-09-09T22:54:24.458892125+00:00,0,0,1,1,1,1
2026-09-09T22:54:24.458894750+00:00,0,1,1,1,1,1
2026-09-09T22:54:24.458898000+00:00,0,0,1,1,1,1
2026-09-09T22:54:24.458898375+00:00,1,0,1,1,1,1
2026-09-09T22:54:24.458900625+00:00,1,1,1,1,1,1
2026-09-09T22:54:24.458903875+00:00,1,0,1,1,1,1
2026-09-09T22:54:24.458906750+00:00,1,1,1,1,1,1
2026-09-09T22:54:24.458909875+00:00,1,0,1,1,1,1
2026-09-09T22:54:24.458910375+00:00,0,0,1,1,1,1
2026-09-09T22:54:24.458912500+00:00,0,1,1,1,1,1
2026-09-09T22:54:24.458916000+00:00,0,0,1,1,1,1
2026-09-09T22:54:24.458919625+00:00,0,1,1,1,1,1
2026-09-09T22:54:24.458922875+00:00,0,0,1,1,1,1
2026-09-09T22:54:24.458925750+00:00,0,1,1,1,1,1
2026-09-09T22:54:24.458928875+00:00,0,0,1,1,1,1
2026-09-09T22:54:24.458931625+00:00,0,1,1,1,1,1
2026-09-09T22:54:24.458934750+00:00,0,0,1,1,1,1
2026-09-09T22:54:24.458937625+00:00,0,1,1,1,1,1
2026-09-09T22:54:24.458940875+00:00,0,0,1,1,1,1
2026-09-09T22:54:24.458945000+00:00,0,1,1,1,1,1
2026-09-09T22:54:24.458947750+00:00,0,0,1,1,1,1
2026-09-09T22:54:24.458950375+00:00,0,1,1,1,1,1
2026-09-09T22:54:24.458953625+00:00,0,0,1,1,1,1
2026-09-09T22:54:24.458956500+00:00,0,1,1,1,1,1
2026-09-09T22:54:24.458959750+00:00,0,0,1,1,1,1
2026-09-09T22:54:24.458962375+00:00,0,1,1,1,1,1
2026-09-09T22:54:24.458965500+00:00,0,0,1,1,1,1
2026-09-09T22:54:24.458968500+00:00,0,1,1,1,1,1
2026-09-09T22:54:24.458971625+00:00,0,0,1,1,1,1
2026-09-09T22:54:24.458974250+00:00,0,1,1,1,1,1
2026-09-09T22:54:24.458977750+00:00,0,0,1,1,1,1
2026-09-09T22:54:24.458981375+00:00,0,1,1,1,1,1
2026-09-09T22:54:24.458984500+00:00,0,0,1,1,1,1
2026-09-09T22:54:24.458987125+00:00,0,1,1,1,1,1
2026-09-09T22:54:24.458990625+00:00,0,0,1,1,1,1
2026-09-09T22:54:24.458994250+00:00,0,1,1,1,1,1
2026-09-09T22:54:24.458997375+00:00,0,0,1,1,1,1
2026-09-09T22:54:24.459000375+00:00,0,1,1,1,1,1
2026-09-09T22:54:24.459003500+00:00,0,0,1,1,1,1
2026-09-09T22:54:24.459006125+00:00,0,1,1,1,1,1
2026-09-09T22:54:24.459009375+00:00,0,0,1,1,1,1
2026-09-09T22:54:24.459012250+00:00,0,1,1,1,1,1
2026-09-09T22:54:24.459015500+00:00,0,0,1,1,1,1
2026-09-09T22:54:24.459018125+00:00,0,1,1,1,1,1
2026-09-09T22:54:24.459021250+00:00,0,0,1,1,1,1
2026-09-09T22:54:24.459024250+00:00,0,1,1,1,1,1
2026-09-09T22:54:24.459027375+00:00,0,0,1,1,1,1
2026-09-09T22:54:24.459031500+00:00,0,1,1,1,1,1
2026-09-09T22:54:24.459034250+00:00,0,0,1,1,1,1
2026-09-09T22:54:24.459036875+00:00,0,1,1,1,1,1
2026-09-09T22:54:24.459040375+00:00,0,0,1,1,1,1
2026-09-09T22:54:24.459044000+00:00,0,1,1,1,1,1
2026-09-09T22:54:24.459047125+00:00,0,0,1,1,1,1
2026-09-09T22:54:24.459049750+00:00,0,1,1,1,1,1
2026-09-09T22:54:24.459053250+00:00,0,0,1,1,1,1
2026-09-09T22:54:24.459055875+00:00,0,1,1,1,1,1
2026-09-09T22:54:24.459059125+00:00,0,0,1,1,1,1
2026-09-09T22:54:24.459062000+00:00,0,1,1,1,1,1
2026-09-09T22:54:24.459065250+00:00,0,0,1,1,1,1
2026-09-09T22:54:24.459067875+00:00,0,1,1,1,1,1
2026-09-09T22:54:24.459071000+00:00,0,0,1,1,1,1
2026-09-09T22:54:24.459074000+00:00,0,1,1,1,1,1
2026-09-09T22:54:24.459077125+00:00,0,0,1,1,1,1
2026-09-09T22:54:24.459080375+00:00,0,1,1,1,1,1
2026-09-09T22:54:24.459082875+00:00,0,0,1,1,1,1
2026-09-09T22:54:24.459085875+00:00,0,1,1,1,1,1
2026-09-09T22:54:24.459089000+00:00,0,0,1,1,1,1
2026-09-09T22:54:24.459091625+00:00,0,1,1,1,1,1
2026-09-09T22:54:24.459094875+00:00,0,0,1,1,1,1
2026-09-09T22:54:24.459097750+00:00,0,1,1,1,1,1
2026-09-09T22:54:24.459101000+00:00,0,0,1,1,1,1
2026-09-09T22:54:24.459103625+00:00,0,1,1,1,1,1
2026-09-09T22:54:24.459106750+00:00,0,0,1,1,1,1
2026-09-09T22:54:24.459109750+00:00,0,1,1,1,1,1
2026-09-09T22:54:24.459112875+00:00,0,0,1,1,1,1
2026-09-09T22:54:24.459117000+00:00,0,1,1,1,1,1
2026-09-09T22:54:24.459119875+00:00,0,0,1,1,1,1
2026-09-09T22:54:24.459120375+00:00,1,0,1,1,1,1
2026-09-09T22:54:24.459122625+00:00,1,1,1,1,1,1
2026-09-09T22:54:24.459125750+00:00,1,0,1,1,1,1
2026-09-09T22:54:24.459126250+00:00,0,0,1,1,1,1
2026-09-09T22:54:24.459128375+00:00,0,1,1,1,1,1
2026-09-09T22:54:24.459131875+00:00,0,0,1,1,1,1
2026-09-09T22:54:24.459135500+00:00,0,1,1,1,1,1
2026-09-09T22:54:24.459138625+00:00,0,0,1,1,1,1
2026-09-09T22:54:24.459141625+00:00,0,1,1,1,1,1
2026-09-09T22:54:24.459144750+00:00,0,0,1,1,1,1
2026-09-09T22:54:24.459147375+00:00,0,1,1,1,1,1
2026-09-09T22:54:24.459150625+00:00,0,0,1,1,1,1
2026-09-09T22:54:24.459151125+00:00,1,0,1,1,1,1
2026-09-09T22:54:24.459153375+00:00,1,1,1,1,1,1
2026-09-09T22:54:24.459159000+00:00,1,0,1,1,1,1
2026-09-09T22:54:24.459161125+00:00,1,1,1,1,1,1
2026-09-09T22:54:24.459165375+00:00,1,0,1,1,1,1
2026-09-09T22:54:24.459168250+00:00,1,1,1,1,1,1
2026-09-09T22:54:24.459172000+00:00,1,0,1,1,1,1
2026-09-09T22:54:24.459174125+00:00,1,1,1,1,1,1
2026-09-09T22:54:24.459178000+00:00,1,0,1,1,1,1
2026-09-09T22:54:24.459180125+00:00,1,1,1,1,1,1
2026-09-09T22:54:24.459184000+00:00,1,0,1,1,1,1
2026-09-09T22:54:24.459186125+00:00,1,1,1,1,1,1
2026-09-09T22:54:24.459189875+00:00,1,0,1,1,1,1
2026-09-09T22:54:24.459192125+00:00,1,1,1,1,1,1
2026-09-09T22:54:24.459195875+00:00,1,0,1,1,1,1
2026-09-09T22:54:24.459198000+00:00,1,1,1,1,1,1
2026-09-09T22:54:24.459203500+00:00,1,0,1,1,1,1
2026-09-09T22:54:24.459206000+00:00,1,1,1,1,1,1
2026-09-09T22:54:24.459209750+00:00,0,0,1,1,1,1
2026-09-09T22:54:24.459212000+00:00,0,1,1,1,1,1
2026-09-09T22:54:24.459216125+00:00,0,0,1,1,1,1
2026-09-09T22:54:24.459218875+00:00,0,1,1,1,1,1
2026-09-09T22:54:24.459222750+00:00,0,0,1,1,1,1
2026-09-09T22:54:24.459225875+00:00,0,1,1,1,1,1
2026-09-09T22:54:24.459229375+00:00,0,0,1,1,1,1
2026-09-09T22:54:24.459231875+00:00,0,1,1,1,1,1
2026-09-09T22:54:24.459235625+00:00,0,0,1,1,1,1
2026-09-09T22:54:24.459237750+00:00,0,1,1,1,1,1
2026-09-09T22:54:24.459241625+00:00,0,0,1,1,1,1
2026-09-09T22:54:24.459243750+00:00,0,1,1,1,1,1
2026-09-09T22:54:24.459247500+00:00,1,0,1,1,1,1
2026-09-09T22:54:24.459249625+00:00,1,1,1,1,1,1
2026-09-09T22:54:24.459253500+00:00,1,0,1,1,1,1
2026-09-09T22:54:24.459255625+00:00,1,1,1,1,1,1
2026-09-09T22:54:24.459259500+00:00,0,0,1,1,1,1
2026-09-09T22:54:24.459261625+00:00,0,1,1,1,1,1
2026-09-09T22:54:24.459265500+00:00,0,0,1,1,1,1
2026-09-09T22:54:24.459267625+00:00,0,1,1,1,1,1
2026-09-09T22:54:24.459271375+00:00,0,0,1,1,1,1
2026-09-09T22:54:24.459273625+00:00,0,1,1,1,1,1
2026-09-09T22:54:24.459277375+00:00,0,0,1,1,1,1
2026-09-09T22:54:24.459279500+00:00,0,1,1,1,1,1
2026-09-09T22:54:24.459283250+00:00,0,0,1,1,1,1
2026-09-09T22:54:24.459285500+00:00,0,1,1,1,1,1
2026-09-09T22:54:24.459290625+00:00,0,0,1,1,1,1
2026-09-09T22:54:24.459293500+00:00,0,1,1,1,1,1
2026-09-09T22:54:24.459297250+00:00,0,0,1,1,1,1
2026-09-09T22:54:24.459299375+00:00,0,1,1,1,1,1
2026-09-09T22:54:24.459303250+00:00,0,0,1,1,1,1
2026-09-09T22:54:24.459305375+00:00,0,1,1,1,1,1
2026-09-09T22:54:24.459309125+00:00,0,0,1,1,1,1
2026-09-09T22:54:24.459311250+00:00,0,1,1,1,1,1
2026-09-09T22:54:24.459315125+00:00,0,0,1,1,1,1
2026-09-09T22:54:24.459317625+00:00,0,1,1,1,1,1
2026-09-09T22:54:24.459321000+00:00,0,0,1,1,1,1
2026-09-09T22:54:24.459323500+00:00,0,1,1,1,1,1
2026-09-09T22:54:24.459327000+00:00,0,0,1,1,1,1
2026-09-09T22:54:24.459329375+00:00,0,1,1,1,1,1
2026-09-09T22:54:24.459332875+00:00,0,0,1,1,1,1
2026-09-09T22:54:24.459335375+00:00,0,1,1,1,1,1
2026-09-09T22:54:24.459338875+00:00,0,0,1,1,1,1
2026-09-09T22:54:24.459341250+00:00,0,1,1,1,1,1
2026-09-09T22:54:24.459344750+00:00,0,0,1,1,1,1
2026-09-09T22:54:24.459347250+00:00,0,1,1,1,1,1
2026-09-09T22:54:24.459351000+00:00,1,0,1,1,1,1
2026-09-09T22:54:24.459353125+00:00,1,1,1,1,1,1
2026-09-09T22:54:24.459357000+00:00,0,0,1,1,1,1
2026-09-09T22:54:24.459359125+00:00,0,1,1,1,1,1
2026-09-09T22:54:24.459362875+00:00,0,0,1,1,1,1
2026-09-09T22:54:24.459365125+00:00,0,1,1,1,1,1
2026-09-09T22:54:24.459368875+00:00,0,0,1,1,1,1
2026-09-09T22:54:24.459371000+00:00,0,1,1,1,1,1
2026-09-09T22:54:24.459376250+00:00,0,0,1,1,1,1
2026-09-09T22:54:24.459379000+00:00,0,1,1,1,1,1
2026-09-09T22:54:24.459382750+00:00,0,0,1,1,1,1
2026-09-09T22:54:24.459385000+00:00,0,1,1,1,1,1
2026-09-09T22:54:24.459388750+00:00,1,0,1,1,1,1
2026-09-09T22:54:24.459390875+00:00,1,1,1,1,1,1
2026-09-09T22:54:24.459394750+00:00,0,0,1,1,1,1
2026-09-09T22:54:24.459396875+00:00,0,1,1,1,1,1
2026-09-09T22:54:24.459400625+00:00,1,0,1,1,1,1
2026-09-09T22:54:24.459403125+00:00,1,1,1,1,1,1
2026-09-09T22:54:24.459406625+00:00,0,0,1,1,1,1
2026-09-09T22:54:24.459408750+00:00,0,1,1,1,1,1
2026-09-09T22:54:24.459412625+00:00,0,0,1,1,1,1
2026-09-09T22:54:24.459415125+00:00,0,1,1,1,1,1
2026-09-09T22:54:24.459418500+00:00,1,0,1,1,1,1
2026-09-09T22:54:24.459421000+00:00,1,1,1,1,1,1
2026-09-09T22:54:24.459424500+00:00,0,0,1,1,1,1
2026-09-09T22:54:24.459427000+00:00,0,1,1,1,1,1
2026-09-09T22:54:24.459430375+00:00,0,0,1,1,1,1
2026-09-09T22:54:24.459432875+00:00,0,1,1,1,1,1
2026-09-09T22:54:24.459436375+00:00,0,0,1,1,1,1
2026-09-09T22:54:24.459438875+00:00,0,1,1,1,1,1
2026-09-09T22:54:24.459442250+00:00,0,0,1,1,1,1
2026-09-09T22:54:24.459444750+00:00,0,1,1,1,1,1
2026-09-09T22:54:24.459448250+00:00,0,0,1,1,1,1
2026-09-09T22:54:24.459450750+00:00,0,1,1,1,1,1
2026-09-09T22:54:24.459454500+00:00,1,0,1,1,1,1
2026-09-09T22:54:24.459456625+00:00,1,1,1,1,1,1
2026-09-09T22:54:24.459460500+00:00,1,0,1,1,1,1
2026-09-09T22:54:24.459464625+00:00,1,1,1,1,1,1
2026-09-09T22:54:24.459468500+00:00,0,0,1,1,1,1
2026-09-09T22:54:24.459470625+00:00,0,1,1,1,1,1
2026-09-09T22:54:24.459474375+00:00,0,0,1,1,1,1
2026-09-09T22:54:24.459476625+00:00,0,1,1,1,1,1
2026-09-09T22:54:24.459480375+00:00,0,0,1,1,1,1
2026-09-09T22:54:24.459482500+00:00,0,1,1,1,1,1
2026-09-09T22:54:24.459486000+00:00,0,0,1,1,1,1
2026-09-09T22:54:24.459488500+00:00,0,1,1,1,1,1
2026-09-09T22:54:24.459492250+00:00,0,0,1,1,1,1
2026-09-09T22:54:24.459494375+00:00,0,1,1,1,1,1
2026-09-09T22:54:24.459498250+00:00,1,0,1,1,1,1
2026-09-09T22:54:24.459500375+00:00,1,1,1,1,1,1
2026-09-09T22:54:24.459516500+00:00,1,0,1,1,1,1
2026-09-09T22:54:24.459519625+00:00,1,1,1,1,1,1
2026-09-09T22:54:24.459522500+00:00,1,0,1,1,1,1
2026-09-09T22:54:24.459525250+00:00,1,1,1,1,1,1
2026-09-09T22:54:24.459528625+00:00,1,0,1,1,1,1
2026-09-09T22:54:24.459531375+00:00,1,1,1,1,1,1
2026-09-09T22:54:24.459534375+00:00,1,0,1,1,1,1
2026-09-09T22:54:24.459537125+00:00,1,1,1,1,1,1
2026-09-09T22:54:24.459540500+00:00,1,0,1,1,1,1
2026-09-09T22:54:24.459543250+00:00,1,1,1,1,1,1
2026-09-09T22:54:24.459546250+00:00,1,0,1,1,1,1
2026-09-09T22:54:24.459549125+00:00,1,1,1,1,1,1
2026-09-09T22:54:24.459552500+00:00,1,0,1,1,1,1
2026-09-09T22:54:24.459555000+00:00,1,1,1,1,1,1
2026-09-09T22:54:24.459557375+00:00,1,0,1,1,1,1
2026-09-09T22:54:24.459560125+00:00,1,1,1,1,1,1
2026-09-09T22:54:24.459615375+00:00,1,0,1,1,1,1
2026-09-09T22:54:24.459615750+00:00,0,0,1,1,1,1
2026-09-09T22:54:24.459619125+00:00,0,1,1,1,1,1
2026-09-09T22:54:24.459622125+00:00,0,0,1,1,1,1
2026-09-09T22:54:24.459622625+00:00,1,0,1,1,1,1
2026-09-09T22:54:24.459624875+00:00,1,1,1,1,1,1
2026-09-09T22:54:24.459628000+00:00,1,0,1,1,1,1
2026-09-09T22:54:24.459628500+00:00,0,0,1,1,1,1
2026-09-09T22:54:24.459630750+00:00,0,1,1,1,1,1
2026-09-09T22:54:24.459635750+00:00,0,0,1,1,1,1
2026-09-09T22:54:24.459638750+00:00,0,1,1,1,1,1
2026-09-09T22:54:24.459641875+00:00,0,0,1,1,1,1
2026-09-09T22:54:24.459644875+00:00,0,1,1,1,1,1
2026-09-09T22:54:24.459648000+00:00,0,0,1,1,1,1
2026-09-09T22:54:24.459648500+00:00,1,0,1,1,1,1
2026-09-09T22:54:24.459651750+00:00,1,1,1,1,1,1
2026-09-09T22:54:24.459654875+00:00,1,0,1,1,1,1
2026-09-09T22:54:24.459657500+00:00,1,1,1,1,1,1
2026-09-09T22:54:24.459660000+00:00,1,0,1,1,1,1
2026-09-09T22:54:24.459662500+00:00,1,1,1,1,1,1
2026-09-09T22:54:24.459666000+00:00,1,0,1,1,1,1
2026-09-09T22:54:24.459666500+00:00,0,0,1,1,1,1
2026-09-09T22:54:24.459669625+00:00,0,1,1,1,1,1
2026-09-09T22:54:24.459672750+00:00,0,0,1,1,1,1
2026-09-09T22:54:24.459675750+00:00,0,1,1,1,1,1
2026-09-09T22:54:24.459678875+00:00,0,0,1,1,1,1
2026-09-09T22:54:24.459681625+00:00,0,1,1,1,1,1
2026-09-09T22:54:24.459684750+00:00,0,0,1,1,1,1
2026-09-09T22:54:24.459687750+00:00,0,1,1,1,1,1
2026-09-09T22:54:24.459690875+00:00,0,0,1,1,1,1
2026-09-09T22:54:24.459693500+00:00,0,1,1,1,1,1
2026-09-09T22:54:24.459696625+00:00,0,0,1,1,1,1
2026-09-09T22:54:24.459699625+00:00,0,1,1,1,1,1
2026-09-09T22:54:24.459702750+00:00,0,0,1,1,1,1
2026-09-09T22:54:24.459705375+00:00,0,1,1,1,1,1
2026-09-09T22:54:24.459708625+00:00,0,0,1,1,1,1
2026-09-09T22:54:24.459711500+00:00,0,1,1,1,1,1
2026-09-09T22:54:24.459714750+00:00,0,0,1,1,1,1
2026-09-09T22:54:24.459717375+00:00,0,1,1,1,1,1
2026-09-09T22:54:24.459721875+00:00,0,0,1,1,1,1
2026-09-09T22:54:24.459725500+00:00,0,1,1,1,1,1
2026-09-09T22:54:24.459728625+00:00,0,0,1,1,1,1
2026-09-09T22:54:24.459731250+00:00,0,1,1,1,1,1
2026-09-09T22:54:24.459734375+00:00,0,0,1,1,1,1
2026-09-09T22:54:24.459737375+00:00,0,1,1,1,1,1
2026-09-09T22:54:24.459740500+00:00,0,0,1,1,1,1
2026-09-09T22:54:24.459743125+00:00,0,1,1,1,1,1
2026-09-09T22:54:24.459746375+00:00,0,0,1,1,1,1
2026-09-09T22:54:24.459749250+00:00,0,1,1,1,1,1
2026-09-09T22:54:24.459752500+00:00,0,0,1,1,1,1
2026-09-09T22:54:24.459755125+00:00,0,1,1,1,1,1
2026-09-09T22:54:24.459758625+00:00,0,0,1,1,1,1
2026-09-09T22:54:24.459759125+00:00,1,0,1,1,1,1
2026-09-09T22:54:24.459762250+00:00,1,1,1,1,1,1
2026-09-09T22:54:24.459765500+00:00,1,0,1,1,1,1
2026-09-09T22:54:24.459765875+00:00,0,0,1,1,1,1
2026-09-09T22:54:24.459769125+00:00,0,1,1,1,1,1
2026-09-09T22:54:24.459772250+00:00,0,0,1,1,1,1
2026-09-09T22:54:24.459775250+00:00,0,1,1,1,1,1
2026-09-09T22:54:24.459778375+00:00,0,0,1,1,1,1
2026-09-09T22:54:24.459781000+00:00,0,1,1,1,1,1
2026-09-09T22:54:24.459784250+00:00,0,0,1,1,1,1
2026-09-09T22:54:24.459787125+00:00,0,1,1,1,1,1
2026-09-09T22:54:24.459790250+00:00,0,0,1,1,1,1
2026-09-09T22:54:24.459793000+00:00,0,1,1,1,1,1
2026-09-09T22:54:24.459796125+00:00,0,0,1,1,1,1
2026-09-09T22:54:24.459799125+00:00,0,1,1,1,1,1
2026-09-09T22:54:24.459802250+00:00,0,0,1,1,1,1
2026-09-09T22:54:24.459804875+00:00,0,1,1,1,1,1
2026-09-09T22:54:24.459808500+00:00,0,0,1,1,1,1
2026-09-09T22:54:24.459811750+00:00,0,1,1,1,1,1
2026-09-09T22:54:24.459815250+00:00,0,0,1,1,1,1
2026-09-09T22:54:24.459818875+00:00,0,1,1,1,1,1
2026-09-09T22:54:24.459822000+00:00,0,0,1,1,1,1
2026-09-09T22:54:24.459825000+00:00,0,1,1,1,1,1
2026-09-09T22:54:24.459828125+00:00,0,0,1,1,1,1
2026-09-09T22:54:24.459830750+00:00,0,1,1,1,1,1
2026-09-09T22:54:24.459833875+00:00,0,0,1,1,1,1
2026-09-09T22:54:24.459836875+00:00,0,1,1,1,1,1
2026-09-09T22:54:24.459840000+00:00,0,0,1,1,1,1
2026-09-09T22:54:24.459842625+00:00,0,1,1,1,1,1
2026-09-09T22:54:24.459845875+00:00,0,0,1,1,1,1
2026-09-09T22:54:24.459848750+00:00,0,1,1,1,1,1
2026-09-09T22:54:24.459852000+00:00,0,0,1,1,1,1
2026-09-09T22:54:24.459854625+00:00,0,1,1,1,1,1
2026-09-09T22:54:24.459857750+00:00,0,0,1,1,1,1
2026-09-09T22:54:24.459860750+00:00,0,1,1,1,1,1
2026-09-09T22:54:24.459863875+00:00,0,0,1,1,1,1
2026-09-09T22:54:24.459864375+00:00,1,0,1,1,1,1
2026-09-09T22:54:24.459867625+00:00,1,1,1,1,1,1
2026-09-09T22:54:24.459870750+00:00,1,0,1,1,1,1
2026-09-09T22:54:24.459873375+00:00,1,1,1,1,1,1
2026-09-09T22:54:24.459876750+00:00,1,0,1,1,1,1
2026-09-09T22:54:24.459877250+00:00,0,0,1,1,1,1
2026-09-09T22:54:24.459879500+00:00,0,1,1,1,1,1
2026-09-09T22:54:24.459882625+00:00,0,0,1,1,1,1
2026-09-09T22:54:24.459883125+00:00,1,0,1,1,1,1
2026-09-09T22:54:24.459885375+00:00,1,1,1,1,1,1
2026-09-09T22:54:24.459888875+00:00,1,0,1,1,1,1
2026-09-09T22:54:24.459893750+00:00,1,1,1,1,1,1
2026-09-09T22:54:24.459896625+00:00,1,0,1,1,1,1
2026-09-09T22:54:24.459899250+00:00,1,1,1,1,1,1
2026-09-09T22:54:24.459902625+00:00,1,0,1,1,1,1
2026-09-09T22:54:24.459903125+00:00,0,0,1,1,1,1
2026-09-09T22:54:24.459905375+00:00,0,1,1,1,1,1
2026-09-09T22:54:24.459908500+00:00,0,0,1,1,1,1
2026-09-09T22:54:24.459909000+00:00,1,0,1,1,1,1
2026-09-09T22:54:24.459911250+00:00,1,1,1,1,1,1
2026-09-09T22:54:24.459917125+00:00,1,0,1,1,1,1
2026-09-09T22:54:24.459920125+00:00,1,1,1,1,1,1
2026-09-09T22:54:24.459924250+00:00,1,0,1,1,1,1
2026-09-09T22:54:24.459927125+00:00,1,1,1,1,1,1
2026-09-09T22:54:24.459930875+00:00,1,0,1,1,1,1
2026-09-09T22:54:24.459933125+00:00,1,1,1,1,1,1
2026-09-09T22:54:24.459936875+00:00,1,0,1,1,1,1
2026-09-09T22:54:24.459939000+00:00,1,1,1,1,1,1
2026-09-09T22:54:24.459942875+00:00,1,0,1,1,1,1
2026-09-09T22:54:24.459945000+00:00,1,1,1,1,1,1
2026-09-09T22:54:24.459948875+00:00,1,0,1,1,1,1
2026-09-09T22:54:24.459951000+00:00,1,1,1,1,1,1
2026-09-09T22:54:24.459954750+00:00,1,0,1,1,1,1
2026-09-09T22:54:24.459957000+00:00,1,1,1,1,1,1
2026-09-09T22:54:24.459960750+00:00,1,0,1,1,1,1
2026-09-09T22:54:24.459962875+00:00,1,1,1,1,1,1
2026-09-09T22:54:24.459966750+00:00,0,0,1,1,1,1
2026-09-09T22:54:24.459968875+00:00,0,1,1,1,1,1
2026-09-09T22:54:24.459973000+00:00,0,0,1,1,1,1
2026-09-09T22:54:24.459975875+00:00,0,1,1,1,1,1
2026-09-09T22:54:24.459981125+00:00,0,0,1,1,1,1
2026-09-09T22:54:24.459983875+00:00,0,1,1,1,1,1
2026-09-09T22:54:24.459987375+00:00,0,0,1,1,1,1
2026-09-09T22:54:24.459989875+00:00,0,1,1,1,1,1
2026-09-09T22:54:24.459993250+00:00,0,0,1,1,1,1
2026-09-09T22:54:24.459995750+00:00,0,1,1,1,1,1
2026-09-09T22:54:24.459999250+00:00,1,0,1,1,1,1
2026-09-09T22:54:24.460001750+00:00,1,1,1,1,1,1
2026-09-09T22:54:24.460005500+00:00,1,0,1,1,1,1
2026-09-09T22:54:24.460007750+00:00,1,1,1,1,1,1
2026-09-09T22:54:24.460011500+00:00,1,0,1,1,1,1
2026-09-09T22:54:24.460013625+00:00,1,1,1,1,1,1
2026-09-09T22:54:24.460017125+00:00,0,0,1,1,1,1
2026-09-09T22:54:24.460019625+00:00,0,1,1,1,1,1
2026-09-09T22:54:24.460023375+00:00,0,0,1,1,1,1
2026-09-09T22:54:24.460025625+00:00,0,1,1,1,1,1
2026-09-09T22:54:24.460029375+00:00,0,0,1,1,1,1
2026-09-09T22:54:24.460031625+00:00,0,1,1,1,1,1
2026-09-09T22:54:24.460035375+00:00,0,0,1,1,1,1
2026-09-09T22:54:24.460037500+00:00,0,1,1,1,1,1
2026-09-09T22:54:24.460041250+00:00,0,0,1,1,1,1
2026-09-09T22:54:24.460043500+00:00,0,1,1,1,1,1
2026-09-09T22:54:24.460047250+00:00,0,0,1,1,1,1
2026-09-09T22:54:24.460049375+00:00,0,1,1,1,1,1
2026-09-09T22:54:24.460053125+00:00,0,0,1,1,1,1
2026-09-09T22:54:24.460055250+00:00,0,1,1,1,1,1
2026-09-09T22:54:24.460059125+00:00,0,0,1,1,1,1
2026-09-09T22:54:24.460061625+00:00,0,1,1,1,1,1
2026-09-09T22:54:24.460066500+00:00,0,0,1,1,1,1
2026-09-09T22:54:24.460069375+00:00,0,1,1,1,1,1
2026-09-09T22:54:24.460073125+00:00,0,0,1,1,1,1
2026-09-09T22:54:24.460075750+00:00,0,1,1,1,1,1
2026-09-09T22:54:24.460078875+00:00,0,0,1,1,1,1
2026-09-09T22:54:24.460081375+00:00,0,1,1,1,1,1
2026-09-09T22:54:24.460084875+00:00,0,0,1,1,1,1
2026-09-09T22:54:24.460087375+00:00,0,1,1,1,1,1
2026-09-09T22:54:24.460090750+00:00,0,0,1,1,1,1
2026-09-09T22:54:24.460093250+00:00,0,1,1,1,1,1
2026-09-09T22:54:24.460096750+00:00,0,0,1,1,1,1
2026-09-09T22:54:24.460099250+00:00,0,1,1,1,1,1
2026-09-09T22:54:24.460103000+00:00,0,0,1,1,1,1
2026-09-09T22:54:24.460105125+00:00,0,1,1,1,1,1
2026-09-09T22:54:24.460108875+00:00,0,0,1,1,1,1
2026-09-09T22:54:24.460111125+00:00,0,1,1,1,1,1
2026-09-09T22:54:24.460114875+00:00,0,0,1,1,1,1
2026-09-09T22:54:24.460117000+00:00,0,1,1,1,1,1
2026-09-09T22:54:24.460120750+00:00,0,0,1,1,1,1
2026-09-09T22:54:24.460122875+00:00,0,1,1,1,1,1
2026-09-09T22:54:24.460126750+00:00,0,0,1,1,1,1
2026-09-09T22:54:24.460129250+00:00,0,1,1,1,1,1
2026-09-09T22:54:24.460132625+00:00,0,0,1,1,1,1
2026-09-09T22:54:24.460135125+00:00,0,1,1,1,1,1
2026-09-09T22:54:24.460138625+00:00,0,0,1,1,1,1
2026-09-09T22:54:24.460141125+00:00,0,1,1,1,1,1
2026-09-09T22:54:24.460144500+00:00,1,0,1,1,1,1
2026-09-09T22:54:24.460147000+00:00,1,1,1,1,1,1
2026-09-09T22:54:24.460150500+00:00,1,0,1,1,1,1
2026-09-09T22:54:24.460153250+00:00,1,1,1,1,1,1
2026-09-09T22:54:24.460156500+00:00,1,0,1,1,1,1
2026-09-09T22:54:24.460159000+00:00,1,1,1,1,1,1
2026-09-09T22:54:24.460162500+00:00,0,0,1,1,1,1
2026-09-09T22:54:24.460164875+00:00,0,1,1,1,1,1
2026-09-09T22:54:24.460168375+00:00,0,0,1,1,1,1
2026-09-09T22:54:24.460170875+00:00,0,1,1,1,1,1
2026-09-09T22:54:24.460174375+00:00,0,0,1,1,1,1
2026-09-09T22:54:24.460176875+00:00,0,1,1,1,1,1
2026-09-09T22:54:24.460180375+00:00,0,0,1,1,1,1
2026-09-09T22:54:24.460182875+00:00,0,1,1,1,1,1
2026-09-09T22:54:24.460186250+00:00,0,0,1,1,1,1
2026-09-09T22:54:24.460188750+00:00,0,1,1,1,1,1
2026-09-09T22:54:24.460192250+00:00,0,0,1,1,1,1
2026-09-09T22:54:24.460194750+00:00,0,1,1,1,1,1
2026-09-09T22:54:24.460198125+00:00,0,0,1,1,1,1
2026-09-09T22:54:24.460200625+00:00,0,1,1,1,1,1
2026-09-09T22:54:24.460204375+00:00,0,0,1,1,1,1
2026-09-09T22:54:24.460206625+00:00,0,1,1,1,1,1
2026-09-09T22:54:24.460210375+00:00,0,0,1,1,1,1
2026-09-09T22:54:24.460212500+00:00,0,1,1,1,1,1
2026-09-09T22:54:24.460216250+00:00,1,0,1,1,1,1
2026-09-09T22:54:24.460218375+00:00,1,1,1,1,1,1
2026-09-09T22:54:24.460222250+00:00,1,0,1,1,1,1
2026-09-09T22:54:24.460224375+00:00,1,1,1,1,1,1
2026-09-09T22:54:24.460228250+00:00,1,0,1,1,1,1
2026-09-09T22:54:24.460230375+00:00,1,1,1,1,1,1
2026-09-09T22:54:24.460234125+00:00,0,0,1,1,1,1
2026-09-09T22:54:24.460236375+00:00,0,1,1,1,1,1
2026-09-09T22:54:24.460240250+00:00,1,0,1,1,1,1
2026-09-09T22:54:24.460242375+00:00,1,1,1,1,1,1
2026-09-09T22:54:24.460246125+00:00,0,0,1,1,1,1
2026-09-09T22:54:24.460248375+00:00,0,1,1,1,1,1
2026-09-09T22:54:24.460252125+00:00,1,0,1,1,1,1
2026-09-09T22:54:24.460254250+00:00,1,1,1,1,1,1
2026-09-09T22:54:24.460270375+00:00,1,0,1,1,1,1
2026-09-09T22:54:24.460273375+00:00,1,1,1,1,1,1
2026-09-09T22:54:24.460276625+00:00,1,0,1,1,1,1
2026-09-09T22:54:24.460279000+00:00,1,1,1,1,1,1
2026-09-09T22:54:24.460281375+00:00,1,0,1,1,1,1
2026-09-09T22:54:24.460284250+00:00,1,1,1,1,1,1
2026-09-09T22:54:24.460287500+00:00,1,0,1,1,1,1
2026-09-09T22:54:24.460290000+00:00,1,1,1,1,1,1
2026-09-09T22:54:24.460292375+00:00,1,0,1,1,1,1
2026-09-09T22:54:24.460295125+00:00,1,1,1,1,1,1
2026-09-09T22:54:24.460298500+00:00,1,0,1,1,1,1
2026-09-09T22:54:24.460300875+00:00,1,1,1,1,1,1
2026-09-09T22:54:24.460303250+00:00,1,0,1,1,1,1
2026-09-09T22:54:24.460306125+00:00,1,1,1,1,1,1
2026-09-09T22:54:24.460309375+00:00,1,0,1,1,1,1
2026-09-09T22:54:24.460311875+00:00,1,1,1,1,1,1
2026-09-09T22:54:24.460472625+00:00,1,0,1,1,1,1
2026-09-09T22:54:24.460473125+00:00,0,0,1,1,1,1
2026-09-09T22:54:24.460476125+00:00,0,1,1,1,1,1
2026-09-09T22:54:24.460479500+00:00,0,0,1,1,1,1
2026-09-09T22:54:24.460480000+00:00,1,0,1,1,1,1
2026-09-09T22:54:24.460482250+00:00,1,1,1,1,1,1
2026-09-09T22:54:24.460485375+00:00,1,0,1,1,1,1
2026-09-09T22:54:24.460485875+00:00,0,0,1,1,1,1
2026-09-09T22:54:24.460488000+00:00,0,1,1,1,1,1
2026-09-09T22:54:24.460491500+00:00,0,0,1,1,1,1
2026-09-09T22:54:24.460492000+00:00,1,0,1,1,1,1
2026-09-09T22:54:24.460495250+00:00,1,1,1,1,1,1
2026-09-09T22:54:24.460499000+00:00,1,0,1,1,1,1
2026-09-09T22:54:24.460499500+00:00,0,0,1,1,1,1
2026-09-09T22:54:24.460502000+00:00,0,1,1,1,1,1
2026-09-09T22:54:24.460505250+00:00,0,0,1,1,1,1
2026-09-09T22:54:24.460508125+00:00,0,1,1,1,1,1
2026-09-09T22:54:24.460511375+00:00,0,0,1,1,1,1
2026-09-09T22:54:24.460514000+00:00,0,1,1,1,1,1
2026-09-09T22:54:24.460517500+00:00,0,0,1,1,1,1
2026-09-09T22:54:24.460517875+00:00,1,0,1,1,1,1
2026-09-09T22:54:24.460521125+00:00,1,1,1,1,1,1
2026-09-09T22:54:24.460524375+00:00,1,0,1,1,1,1
2026-09-09T22:54:24.460524750+00:00,0,0,1,1,1,1
2026-09-09T22:54:24.460528000+00:00,0,1,1,1,1,1
2026-09-09T22:54:24.460531125+00:00,0,0,1,1,1,1
2026-09-09T22:54:24.460534125+00:00,0,1,1,1,1,1
2026-09-09T22:54:24.460537250+00:00,0,0,1,1,1,1
2026-09-09T22:54:24.460539875+00:00,0,1,1,1,1,1
2026-09-09T22:54:24.460543000+00:00,0,0,1,1,1,1
2026-09-09T22:54:24.460546000+00:00,0,1,1,1,1,1
2026-09-09T22:54:24.460549125+00:00,0,0,1,1,1,1
2026-09-09T22:54:24.460551750+00:00,0,1,1,1,1,1
2026-09-09T22:54:24.460555000+00:00,0,0,1,1,1,1
2026-09-09T22:54:24.460557875+00:00,0,1,1,1,1,1
2026-09-09T22:54:24.460561125+00:00,0,0,1,1,1,1
2026-09-09T22:54:24.460563750+00:00,0,1,1,1,1,1
2026-09-09T22:54:24.460566875+00:00,0,0,1,1,1,1
2026-09-09T22:54:24.460569875+00:00,0,1,1,1,1,1
2026-09-09T22:54:24.460573000+00:00,0,0,1,1,1,1
2026-09-09T22:54:24.460575625+00:00,0,1,1,1,1,1
2026-09-09T22:54:24.460578750+00:00,0,0,1,1,1,1
2026-09-09T22:54:24.460581750+00:00,0,1,1,1,1,1
2026-09-09T22:54:24.460585375+00:00,0,0,1,1,1,1
2026-09-09T22:54:24.460588625+00:00,0,1,1,1,1,1
2026-09-09T22:54:24.460591750+00:00,0,0,1,1,1,1
2026-09-09T22:54:24.460594750+00:00,0,1,1,1,1,1
2026-09-09T22:54:24.460597875+00:00,0,0,1,1,1,1
2026-09-09T22:54:24.460600500+00:00,0,1,1,1,1,1
2026-09-09T22:54:24.460603625+00:00,0,0,1,1,1,1
2026-09-09T22:54:24.460606625+00:00,0,1,1,1,1,1
2026-09-09T22:54:24.460609750+00:00,0,0,1,1,1,1
2026-09-09T22:54:24.460612375+00:00,0,1,1,1,1,1
2026-09-09T22:54:24.460615625+00:00,0,0,1,1,1,1
2026-09-09T22:54:24.460618500+00:00,0,1,1,1,1,1
2026-09-09T22:54:24.460621750+00:00,0,0,1,1,1,1
2026-09-09T22:54:24.460624375+00:00,0,1,1,1,1,1
2026-09-09T22:54:24.460627500+00:00,0,0,1,1,1,1
2026-09-09T22:54:24.460630500+00:00,0,1,1,1,1,1
2026-09-09T22:54:24.460633625+00:00,0,0,1,1,1,1
2026-09-09T22:54:24.460634125+00:00,1,0,1,1,1,1
2026-09-09T22:54:24.460636375+00:00,1,1,1,1,1,1
2026-09-09T22:54:24.460639500+00:00,1,0,1,1,1,1
2026-09-09T22:54:24.460640000+00:00,0,0,1,1,1,1
2026-09-09T22:54:24.460642250+00:00,0,1,1,1,1,1
2026-09-09T22:54:24.460645750+00:00,0,0,1,1,1,1
2026-09-09T22:54:24.460649250+00:00,0,1,1,1,1,1
2026-09-09T22:54:24.460652500+00:00,0,0,1,1,1,1
2026-09-09T22:54:24.460655125+00:00,0,1,1,1,1,1
2026-09-09T22:54:24.460658625+00:00,0,0,1,1,1,1
2026-09-09T22:54:24.460661250+00:00,0,1,1,1,1,1
2026-09-09T22:54:24.460664375+00:00,0,0,1,1,1,1
2026-09-09T22:54:24.460667375+00:00,0,1,1,1,1,1
2026-09-09T22:54:24.460672250+00:00,0,0,1,1,1,1
2026-09-09T22:54:24.460675250+00:00,0,1,1,1,1,1
2026-09-09T22:54:24.460678375+00:00,0,0,1,1,1,1
2026-09-09T22:54:24.460681000+00:00,0,1,1,1,1,1
2026-09-09T22:54:24.460684500+00:00,0,0,1,1,1,1
2026-09-09T22:54:24.460688125+00:00,0,1,1,1,1,1
2026-09-09T22:54:24.460691250+00:00,0,0,1,1,1,1
2026-09-09T22:54:24.460693875+00:00,0,1,1,1,1,1
2026-09-09T22:54:24.460697375+00:00,0,0,1,1,1,1
2026-09-09T22:54:24.460700000+00:00,0,1,1,1,1,1
2026-09-09T22:54:24.460703125+00:00,0,0,1,1,1,1
2026-09-09T22:54:24.460705875+00:00,0,1,1,1,1,1
2026-09-09T22:54:24.460709250+00:00,0,0,1,1,1,1
2026-09-09T22:54:24.460712000+00:00,0,1,1,1,1,1
2026-09-09T22:54:24.460715125+00:00,0,0,1,1,1,1
2026-09-09T22:54:24.460718125+00:00,0,1,1,1,1,1
2026-09-09T22:54:24.460721250+00:00,0,0,1,1,1,1
2026-09-09T22:54:24.460721750+00:00,1,0,1,1,1,1
2026-09-09T22:54:24.460725000+00:00,1,1,1,1,1,1
2026-09-09T22:54:24.460728125+00:00,1,0,1,1,1,1
2026-09-09T22:54:24.460728500+00:00,0,0,1,1,1,1
2026-09-09T22:54:24.460730750+00:00,0,1,1,1,1,1
2026-09-09T22:54:24.460734000+00:00,0,0,1,1,1,1
2026-09-09T22:54:24.460734500+00:00,1,0,1,1,1,1
2026-09-09T22:54:24.460736625+00:00,1,1,1,1,1,1
2026-09-09T22:54:24.460740250+00:00,1,0,1,1,1,1
2026-09-09T22:54:24.460743750+00:00,1,1,1,1,1,1
2026-09-09T22:54:24.460747250+00:00,1,0,1,1,1,1
2026-09-09T22:54:24.460747625+00:00,0,0,1,1,1,1
2026-09-09T22:54:24.460750875+00:00,0,1,1,1,1,1
2026-09-09T22:54:24.460754000+00:00,0,0,1,1,1,1
2026-09-09T22:54:24.460763250+00:00,0,1,1,1,1,1
2026-09-09T22:54:24.460766125+00:00,0,0,1,1,1,1
2026-09-09T22:54:24.460769750+00:00,0,1,1,1,1,1
2026-09-09T22:54:24.460772750+00:00,0,0,1,1,1,1
2026-09-09T22:54:24.460773250+00:00,1,0,1,1,1,1
2026-09-09T22:54:24.460775500+00:00,1,1,1,1,1,1
2026-09-09T22:54:24.460781500+00:00,1,0,1,1,1,1
2026-09-09T22:54:24.460784500+00:00,1,1,1,1,1,1
2026-09-09T22:54:24.460788375+00:00,1,0,1,1,1,1
2026-09-09T22:54:24.460791500+00:00,1,1,1,1,1,1
2026-09-09T22:54:24.460795000+00:00,1,0,1,1,1,1
2026-09-09T22:54:24.460797375+00:00,1,1,1,1,1,1
2026-09-09T22:54:24.460800875+00:00,1,0,1,1,1,1
2026-09-09T22:54:24.460803375+00:00,1,1,1,1,1,1
2026-09-09T22:54:24.460806875+00:00,1,0,1,1,1,1
2026-09-09T22:54:24.460809375+00:00,1,1,1,1,1,1
2026-09-09T22:54:24.460812875+00:00,1,0,1,1,1,1
2026-09-09T22:54:24.460815375+00:00,1,1,1,1,1,1
2026-09-09T22:54:24.460818875+00:00,1,0,1,1,1,1
2026-09-09T22:54:24.460821375+00:00,1,1,1,1,1,1
2026-09-09T22:54:24.460824750+00:00,1,0,1,1,1,1
2026-09-09T22:54:24.460827250+00:00,1,1,1,1,1,1
2026-09-09T22:54:24.460830750+00:00,0,0,1,1,1,1
2026-09-09T22:54:24.460833250+00:00,0,1,1,1,1,1
2026-09-09T22:54:24.460837125+00:00,0,0,1,1,1,1
2026-09-09T22:54:24.460840250+00:00,0,1,1,1,1,1
2026-09-09T22:54:24.460843750+00:00,0,0,1,1,1,1
2026-09-09T22:54:24.460846250+00:00,0,1,1,1,1,1
2026-09-09T22:54:24.460850500+00:00,1,0,1,1,1,1
2026-09-09T22:54:24.460853125+00:00,1,1,1,1,1,1
2026-09-09T22:54:24.460856750+00:00,0,0,1,1,1,1
2026-09-09T22:54:24.460859250+00:00,0,1,1,1,1,1
2026-09-09T22:54:24.460862625+00:00,0,0,1,1,1,1
2026-09-09T22:54:24.460865125+00:00,0,1,1,1,1,1
2026-09-09T22:54:24.460868625+00:00,0,0,1,1,1,1
2026-09-09T22:54:24.460871125+00:00,0,1,1,1,1,1
2026-09-09T22:54:24.460874500+00:00,1,0,1,1,1,1
2026-09-09T22:54:24.460877000+00:00,1,1,1,1,1,1
2026-09-09T22:54:24.460880500+00:00,0,0,1,1,1,1
2026-09-09T22:54:24.460883000+00:00,0,1,1,1,1,1
2026-09-09T22:54:24.460886500+00:00,0,0,1,1,1,1
2026-09-09T22:54:24.460889000+00:00,0,1,1,1,1,1
2026-09-09T22:54:24.460892375+00:00,0,0,1,1,1,1
2026-09-09T22:54:24.460894875+00:00,0,1,1,1,1,1
2026-09-09T22:54:24.460898375+00:00,0,0,1,1,1,1
2026-09-09T22:54:24.460900875+00:00,0,1,1,1,1,1
2026-09-09T22:54:24.460904625+00:00,0,0,1,1,1,1
2026-09-09T22:54:24.460906750+00:00,0,1,1,1,1,1
2026-09-09T22:54:24.460910500+00:00,0,0,1,1,1,1
2026-09-09T22:54:24.460912750+00:00,0,1,1,1,1,1
2026-09-09T22:54:24.460916500+00:00,0,0,1,1,1,1
2026-09-09T22:54:24.460918625+00:00,0,1,1,1,1,1
2026-09-09T22:54:24.460922375+00:00,0,0,1,1,1,1
2026-09-09T22:54:24.460924625+00:00,0,1,1,1,1,1
2026-09-09T22:54:24.460928375+00:00,0,0,1,1,1,1
2026-09-09T22:54:24.460930875+00:00,0,1,1,1,1,1
2026-09-09T22:54:24.460935625+00:00,0,0,1,1,1,1
2026-09-09T22:54:24.460938750+00:00,0,1,1,1,1,1
2026-09-09T22:54:24.460942250+00:00,0,0,1,1,1,1
2026-09-09T22:54:24.460944750+00:00,0,1,1,1,1,1
2026-09-09T22:54:24.460948125+00:00,0,0,1,1,1,1
2026-09-09T22:54:24.460950625+00:00,0,1,1,1,1,1
2026-09-09T22:54:24.460954125+00:00,0,0,1,1,1,1
2026-09-09T22:54:24.460956625+00:00,0,1,1,1,1,1
2026-09-09T22:54:24.460960000+00:00,0,0,1,1,1,1
2026-09-09T22:54:24.460962500+00:00,0,1,1,1,1,1
2026-09-09T22:54:24.460966000+00:00,0,0,1,1,1,1
2026-09-09T22:54:24.460968500+00:00,0,1,1,1,1,1
2026-09-09T22:54:24.460972250+00:00,0,0,1,1,1,1
2026-09-09T22:54:24.460974375+00:00,0,1,1,1,1,1
2026-09-09T22:54:24.460978125+00:00,0,0,1,1,1,1
2026-09-09T22:54:24.460980375+00:00,0,1,1,1,1,1
2026-09-09T22:54:24.460984125+00:00,0,0,1,1,1,1
2026-09-09T22:54:24.460986250+00:00,0,1,1,1,1,1
2026-09-09T22:54:24.460990000+00:00,0,0,1,1,1,1
2026-09-09T22:54:24.460992250+00:00,0,1,1,1,1,1
2026-09-09T22:54:24.460996000+00:00,0,0,1,1,1,1
2026-09-09T22:54:24.460998500+00:00,0,1,1,1,1,1
2026-09-09T22:54:24.461001875+00:00,1,0,1,1,1,1
2026-09-09T22:54:24.461004375+00:00,1,1,1,1,1,1
2026-09-09T22:54:24.461007875+00:00,0,0,1,1,1,1
2026-09-09T22:54:24.461010375+00:00,0,1,1,1,1,1
2026-09-09T22:54:24.461013875+00:00,0,0,1,1,1,1
2026-09-09T22:54:24.461016375+00:00,0,1,1,1,1,1
2026-09-09T22:54:24.461021125+00:00,1,0,1,1,1,1
2026-09-09T22:54:24.461024375+00:00,1,1,1,1,1,1
2026-09-09T22:54:24.461027875+00:00,0,0,1,1,1,1
2026-09-09T22:54:24.461030250+00:00,0,1,1,1,1,1
2026-09-09T22:54:24.461033750+00:00,0,0,1,1,1,1
2026-09-09T22:54:24.461036250+00:00,0,1,1,1,1,1
2026-09-09T22:54:24.461039750+00:00,0,0,1,1,1,1
2026-09-09T22:54:24.461042125+00:00,0,1,1,1,1,1
2026-09-09T22:54:24.461045625+00:00,0,0,1,1,1,1
2026-09-09T22:54:24.461048125+00:00,0,1,1,1,1,1
2026-09-09T22:54:24.461051625+00:00,0,0,1,1,1,1
2026-09-09T22:54:24.461054000+00:00,0,1,1,1,1,1
2026-09-09T22:54:24.461057500+00:00,0,0,1,1,1,1
2026-09-09T22:54:24.461060000+00:00,0,1,1,1,1,1
2026-09-09T22:54:24.461063750+00:00,0,0,1,1,1,1
2026-09-09T22:54:24.461065875+00:00,0,1,1,1,1,1
2026-09-09T22:54:24.461070375+00:00,0,0,1,1,1,1
2026-09-09T22:54:24.461072875+00:00,0,1,1,1,1,1
2026-09-09T22:54:24.461076625+00:00,0,0,1,1,1,1
2026-09-09T22:54:24.461078750+00:00,0,1,1,1,1,1
2026-09-09T22:54:24.461082625+00:00,1,0,1,1,1,1
2026-09-09T22:54:24.461084750+00:00,1,1,1,1,1,1
2026-09-09T22:54:24.461088500+00:00,1,0,1,1,1,1
2026-09-09T22:54:24.461090750+00:00,1,1,1,1,1,1
2026-09-09T22:54:24.461094500+00:00,0,0,1,1,1,1
2026-09-09T22:54:24.461096750+00:00,0,1,1,1,1,1
2026-09-09T22:54:24.461100500+00:00,0,0,1,1,1,1
2026-09-09T22:54:24.461102625+00:00,0,1,1,1,1,1
2026-09-09T22:54:24.461107875+00:00,1,0,1,1,1,1
2026-09-09T22:54:24.461110750+00:00,1,1,1,1,1,1
2026-09-09T22:54:24.461114500+00:00,1,0,1,1,1,1
2026-09-09T22:54:24.461116625+00:00,1,1,1,1,1,1
2026-09-09T22:54:24.461120500+00:00,1,0,1,1,1,1
2026-09-09T22:54:24.461122625+00:00,1,1,1,1,1,1
2026-09-09T22:54:24.461138250+00:00,1,0,1,1,1,1
2026-09-09T22:54:24.461140500+00:00,1,1,1,1,1,1
2026-09-09T22:54:24.461143625+00:00,1,0,1,1,1,1
2026-09-09T22:54:24.461146375+00:00,1,1,1,1,1,1
2026-09-09T22:54:24.461149750+00:00,1,0,1,1,1,1
2026-09-09T22:54:24.461152500+00:00,1,1,1,1,1,1
2026-09-09T22:54:24.461155500+00:00,1,0,1,1,1,1
2026-09-09T22:54:24.461158375+00:00,1,1,1,1,1,1
2026-09-09T22:54:24.461161625+00:00,1,0,1,1,1,1
2026-09-09T22:54:24.461164500+00:00,1,1,1,1,1,1
2026-09-09T22:54:24.461167500+00:00,1,0,1,1,1,1
2026-09-09T22:54:24.461170250+00:00,1,1,1,1,1,1
2026-09-09T22:54:24.461173500+00:00,1,0,1,1,1,1
2026-09-09T22:54:24.461176375+00:00,1,1,1,1,1,1
2026-09-09T22:54:24.461179625+00:00,1,0,1,1,1,1
2026-09-09T22:54:24.461182125+00:00,1,1,1,1,1,1
2026-09-09T22:54:24.461263750+00:00,1,0,1,1,1,1
2026-09-09T22:54:24.461267125+00:00,1,1,1,1,1,1
2026-09-09T22:54:24.461270625+00:00,1,0,1,1,1,1
2026-09-09T22:54:24.461272875+00:00,1,1,1,1,1,1
2026-09-09T22:54:24.461276375+00:00,1,0,1,1,1,1
2026-09-09T22:54:24.461280625+00:00,1,1,1,1,1,1
2026-09-09T22:54:24.461283500+00:00,1,0,1,1,1,1
2026-09-09T22:54:24.461285625+00:00,1,1,1,1,1,1
2026-09-09T22:54:24.461289500+00:00,1,0,1,1,1,1
2026-09-09T22:54:24.461291625+00:00,1,1,1,1,1,1
2026-09-09T22:54:24.461295500+00:00,1,0,1,1,1,1
2026-09-09T22:54:24.461297750+00:00,1,1,1,1,1,1
2026-09-09T22:54:24.461301250+00:00,1,0,1,1,1,1
2026-09-09T22:54:24.461303750+00:00,1,1,1,1,1,1
2026-09-09T22:54:24.461307250+00:00,1,0,1,1,1,1
2026-09-09T22:54:24.461309750+00:00,1,1,1,1,1,1
2026-09-09T22:54:24.461313250+00:00,1,0,1,1,1,1
2026-09-09T22:54:24.461315500+00:00,1,1,1,1,1,1
2026-09-09T22:54:24.461319375+00:00,1,0,1,1,1,1
2026-09-09T22:54:24.461321500+00:00,1,1,1,1,1,1
2026-09-09T22:54:24.461325375+00:00,1,0,1,1,1,1
2026-09-09T22:54:24.461327500+00:00,1,1,1,1,1,1
2026-09-09T22:54:24.461331000+00:00,1,0,1,1,1,1
2026-09-09T22:54:24.461333625+00:00,1,1,1,1,1,1
2026-09-09T22:54:24.461337125+00:00,1,0,1,1,1,1
2026-09-09T22:54:24.461339625+00:00,1,1,1,1,1,1
2026-09-09T22:54:24.461343125+00:00,1,0,1,1,1,1
2026-09-09T22:54:24.461345375+00:00,1,1,1,1,1,1
2026-09-09T22:54:24.461349125+00:00,1,0,1,1,1,1
2026-09-09T22:54:24.461351375+00:00,1,1,1,1,1,1
2026-09-09T22:54:24.461355125+00:00,1,0,1,1,1,1
2026-09-09T22:54:24.461357375+00:00,1,1,1,1,1,1
2026-09-09T22:54:24.461361250+00:00,1,0,1,1,1,1
2026-09-09T22:54:24.461364375+00:00,1,1,1,1,1,1
2026-09-09T22:54:24.461367875+00:00,1,0,1,1,1,1
2026-09-09T22:54:24.461370500+00:00,1,1,1,1,1,1
2026-09-09T22:54:24.461374000+00:00,1,0,1,1,1,1
2026-09-09T22:54:24.461376250+00:00,1,1,1,1,1,1
2026-09-09T22:54:24.461380000+00:00,1,0,1,1,1,1
2026-09-09T22:54:24.461382250+00:00,1,1,1,1,1,1
2026-09-09T22:54:24.461386125+00:00,1,0,1,1,1,1
2026-09-09T22:54:24.461389250+00:00,1,1,1,1,1,1
2026-09-09T22:54:24.461392750+00:00,1,0,1,1,1,1
2026-09-09T22:54:24.461395250+00:00,1,1,1,1,1,1
2026-09-09T22:54:24.461398750+00:00,1,0,1,1,1,1
2026-09-09T22:54:24.461401250+00:00,1,1,1,1,1,1
2026-09-09T22:54:24.461404875+00:00,1,0,1,1,1,1
2026-09-09T22:54:24.461407000+00:00,1,1,1,1,1,1
2026-09-09T22:54:24.461410875+00:00,1,0,1,1,1,1
2026-09-09T22:54:24.461413000+00:00,1,1,1,1,1,1
2026-09-09T22:54:24.461416875+00:00,1,0,1,1,1,1
2026-09-09T22:54:24.461419125+00:00,1,1,1,1,1,1
2026-09-09T22:54:24.461422625+00:00,1,0,1,1,1,1
2026-09-09T22:54:24.461425125+00:00,1,1,1,1,1,1
2026-09-09T22:54:24.461428625+00:00,1,0,1,1,1,1
2026-09-09T22:54:24.461431125+00:00,1,1,1,1,1,1
2026-09-09T22:54:24.461434625+00:00,1,0,1,1,1,1
2026-09-09T22:54:24.461436875+00:00,1,1,1,1,1,1
2026-09-09T22:54:24.461440625+00:00,1,0,1,1,1,1
2026-09-09T22:54:24.461442875+00:00,1,1,1,1,1,1
2026-09-09T22:54:24.461446750+00:00,1,0,1,1,1,1
2026-09-09T22:54:24.461448875+00:00,1,1,1,1,1,1
2026-09-09T22:54:24.461453875+00:00,1,0,1,1,1,1
2026-09-09T22:54:24.461457000+00:00,1,1,1,1,1,1
2026-09-09T22:54:24.461460500+00:00,1,0,1,1,1,1
2026-09-09T22:54:24.461462750+00:00,1,1,1,1,1,1
2026-09-09T22:54:24.461466500+00:00,1,0,1,1,1,1
2026-09-09T22:54:24.461468750+00:00,1,1,1,1,1,1
2026-09-09T22:54:24.461472625+00:00,1,0,1,1,1,1
2026-09-09T22:54:24.461474750+00:00,1,1,1,1,1,1
2026-09-09T22:54:24.461478250+00:00,1,0,1,1,1,1
2026-09-09T22:54:24.461480750+00:00,1,1,1,1,1,1
2026-09-09T22:54:24.461484375+00:00,1,0,1,1,1,1
2026-09-09T22:54:24.461486875+00:00,1,1,1,1,1,1
2026-09-09T22:54:24.461490375+00:00,1,0,1,1,1,1
2026-09-09T22:54:24.461492500+00:00,1,1,1,1,1,1
2026-09-09T22:54:24.461496375+00:00,1,0,1,1,1,1
2026-09-09T22:54:24.461498625+00:00,1,1,1,1,1,1
2026-09-09T22:54:24.461502375+00:00,1,0,1,1,1,1
2026-09-09T22:54:24.461504625+00:00,1,1,1,1,1,1
2026-09-09T22:54:24.461508125+00:00,1,0,1,1,1,1
2026-09-09T22:54:24.461510625+00:00,1,1,1,1,1,1
2026-09-09T22:54:24.461514125+00:00,1,0,1,1,1,1
2026-09-09T22:54:24.461516625+00:00,1,1,1,1,1,1
2026-09-09T22:54:24.461520250+00:00,1,0,1,1,1,1
2026-09-09T22:54:24.461522375+00:00,1,1,1,1,1,1
2026-09-09T22:54:24.461526250+00:00,1,0,1,1,1,1
2026-09-09T22:54:24.461528375+00:00,1,1,1,1,1,1
2026-09-09T22:54:24.461532250+00:00,1,0,1,1,1,1
2026-09-09T22:54:24.461534500+00:00,1,1,1,1,1,1
2026-09-09T22:54:24.461539375+00:00,1,0,1,1,1,1
2026-09-09T22:54:24.461542625+00:00,1,1,1,1,1,1
2026-09-09T22:54:24.461546125+00:00,1,0,1,1,1,1
2026-09-09T22:54:24.461548250+00:00,1,1,1,1,1,1
2026-09-09T22:54:24.461552125+00:00,1,0,1,1,1,1
2026-09-09T22:54:24.461554375+00:00,1,1,1,1,1,1
2026-09-09T22:54:24.461558125+00:00,1,0,1,1,1,1
2026-09-09T22:54:24.461560375+00:00,1,1,1,1,1,1
2026-09-09T22:54:24.461563875+00:00,1,0,1,1,1,1
2026-09-09T22:54:24.461566375+00:00,1,1,1,1,1,1
2026-09-09T22:54:24.461569875+00:00,1,0,1,1,1,1
2026-09-09T22:54:24.461572375+00:00,1,1,1,1,1,1
2026-09-09T22:54:24.461575875+00:00,1,0,1,1,1,1
2026-09-09T22:54:24.461578125+00:00,1,1,1,1,1,1
2026-09-09T22:54:24.461582000+00:00,1,0,1,1,1,1
2026-09-09T22:54:24.461584125+00:00,1,1,1,1,1,1
2026-09-09T22:54:24.461588000+00:00,1,0,1,1,1,1
2026-09-09T22:54:24.461590250+00:00,1,1,1,1,1,1
2026-09-09T22:54:24.461593750+00:00,1,0,1,1,1,1
2026-09-09T22:54:24.461596250+00:00,1,1,1,1,1,1
2026-09-09T22:54:24.461599750+00:00,1,0,1,1,1,1
2026-09-09T22:54:24.461602250+00:00,1,1,1,1,1,1
2026-09-09T22:54:24.461605750+00:00,1,0,1,1,1,1
2026-09-09T22:54:24.461608000+00:00,1,1,1,1,1,1
2026-09-09T22:54:24.461611750+00:00,1,0,1,1,1,1
2026-09-09T22:54:24.461614000+00:00,1,1,1,1,1,1
2026-09-09T22:54:24.461617875+00:00,1,0,1,1,1,1
2026-09-09T22:54:24.461620000+00:00,1,1,1,1,1,1
2026-09-09T22:54:24.461623500+00:00,1,0,1,1,1,1
2026-09-09T22:54:24.461626375+00:00,1,1,1,1,1,1
2026-09-09T22:54:24.461629750+00:00,1,0,1,1,1,1
2026-09-09T22:54:24.461631875+00:00,1,1,1,1,1,1
2026-09-09T22:54:24.461635750+00:00,1,0,1,1,1,1
2026-09-09T22:54:24.461638875+00:00,1,1,1,1,1,1
2026-09-09T22:54:24.461642375+00:00,1,0,1,1,1,1
2026-09-09T22:54:24.461645000+00:00,1,1,1,1,1,1
2026-09-09T22:54:24.461648500+00:00,1,0,1,1,1,1
2026-09-09T22:54:24.461651000+00:00,1,1,1,1,1,1
2026-09-09T22:54:24.461654500+00:00,1,0,1,1,1,1
2026-09-09T22:54:24.461656750+00:00,1,1,1,1,1,1
2026-09-09T22:54:24.461660500+00:00,1,0,1,1,1,1
2026-09-09T22:54:24.461662750+00:00,1,1,1,1,1,1
2026-09-09T22:54:24.461666500+00:00,1,0,1,1,1,1
2026-09-09T22:54:24.461668750+00:00,1,1,1,1,1,1
2026-09-09T22:54:24.461672250+00:00,1,0,1,1,1,1
2026-09-09T22:54:24.461674750+00:00,1,1,1,1,1,1
2026-09-09T22:54:24.461678250+00:00,1,0,1,1,1,1
2026-09-09T22:54:24.461680750+00:00,1,1,1,1,1,1
2026-09-09T22:54:24.461684375+00:00,1,0,1,1,1,1
2026-09-09T22:54:24.461686500+00:00,1,1,1,1,1,1
2026-09-09T22:54:24.461690375+00:00,1,0,1,1,1,1
2026-09-09T22:54:24.461692500+00:00,1,1,1,1,1,1
2026-09-09T22:54:24.461696375+00:00,1,0,1,1,1,1
2026-09-09T22:54:24.461698625+00:00,1,1,1,1,1,1
2026-09-09T22:54:24.461702125+00:00,1,0,1,1,1,1
2026-09-09T22:54:24.461704625+00:00,1,1,1,1,1,1
2026-09-09T22:54:24.461708125+00:00,1,0,1,1,1,1
2026-09-09T22:54:24.461712000+00:00,1,1,1,1,1,1
2026-09-09T22:54:24.461715250+00:00,1,0,1,1,1,1
2026-09-09T22:54:24.461717500+00:00,1,1,1,1,1,1
2026-09-09T22:54:24.461721250+00:00,1,0,1,1,1,1
2026-09-09T22:54:24.461723500+00:00,1,1,1,1,1,1
2026-09-09T22:54:24.461727000+00:00,1,0,1,1,1,1
2026-09-09T22:54:24.461729500+00:00,1,1,1,1,1,1
2026-09-09T22:54:24.461733000+00:00,1,0,1,1,1,1
2026-09-09T22:54:24.461735500+00:00,1,1,1,1,1,1
2026-09-09T22:54:24.461739000+00:00,1,0,1,1,1,1
2026-09-09T22:54:24.461741250+00:00,1,1,1,1,1,1
2026-09-09T22:54:24.461745125+00:00,1,0,1,1,1,1
2026-09-09T22:54:24.461747250+00:00,1,1,1,1,1,1
2026-09-09T22:54:24.461751125+00:00,1,0,1,1,1,1
2026-09-09T22:54:24.461753250+00:00,1,1,1,1,1,1
2026-09-09T22:54:24.461756875+00:00,1,0,1,1,1,1
2026-09-09T22:54:24.461759375+00:00,1,1,1,1,1,1
2026-09-09T22:54:24.461762875+00:00,1,0,1,1,1,1
2026-09-09T22:54:24.461765375+00:00,1,1,1,1,1,1
2026-09-09T22:54:24.461768875+00:00,1,0,1,1,1,1
2026-09-09T22:54:24.461771125+00:00,1,1,1,1,1,1
2026-09-09T22:54:24.461774875+00:00,1,0,1,1,1,1
2026-09-09T22:54:24.461777125+00:00,1,1,1,1,1,1
2026-09-09T22:54:24.461781000+00:00,1,0,1,1,1,1
2026-09-09T22:54:24.461783125+00:00,1,1,1,1,1,1
2026-09-09T22:54:24.461786625+00:00,1,0,1,1,1,1
2026-09-09T22:54:24.461789125+00:00,1,1,1,1,1,1
2026-09-09T22:54:24.461792750+00:00,1,0,1,1,1,1
2026-09-09T22:54:24.461795250+00:00,1,1,1,1,1,1
2026-09-09T22:54:24.461799500+00:00,1,0,1,1,1,1
2026-09-09T22:54:24.461802000+00:00,1,1,1,1,1,1
2026-09-09T22:54:24.461805875+00:00,1,0,1,1,1,1
2026-09-09T22:54:24.461809000+00:00,1,1,1,1,1,1
2026-09-09T22:54:24.461812500+00:00,1,0,1,1,1,1
2026-09-09T22:54:24.461815000+00:00,1,1,1,1,1,1
2026-09-09T22:54:24.461818500+00:00,1,0,1,1,1,1
2026-09-09T22:54:24.461821125+00:00,1,1,1,1,1,1
2026-09-09T22:54:24.461824625+00:00,1,0,1,1,1,1
2026-09-09T22:54:24.461826750+00:00,1,1,1,1,1,1
2026-09-09T22:54:24.461830625+00:00,1,0,1,1,1,1
2026-09-09T22:54:24.461832750+00:00,1,1,1,1,1,1
2026-09-09T22:54:24.461836625+00:00,1,0,1,1,1,1
2026-09-09T22:54:24.461838875+00:00,1,1,1,1,1,1
2026-09-09T22:54:24.461842375+00:00,1,0,1,1,1,1
2026-09-09T22:54:24.461844875+00:00,1,1,1,1,1,1
2026-09-09T22:54:24.461848375+00:00,1,0,1,1,1,1
2026-09-09T22:54:24.461850875+00:00,1,1,1,1,1,1
2026-09-09T22:54:24.461854375+00:00,1,0,1,1,1,1
2026-09-09T22:54:24.461856625+00:00,1,1,1,1,1,1
2026-09-09T22:54:24.461860500+00:00,1,0,1,1,1,1
2026-09-09T22:54:24.461862625+00:00,1,1,1,1,1,1
2026-09-09T22:54:24.461866500+00:00,1,0,1,1,1,1
2026-09-09T22:54:24.461868625+00:00,1,1,1,1,1,1
2026-09-09T22:54:24.461872250+00:00,1,0,1,1,1,1
2026-09-09T22:54:24.461874750+00:00,1,1,1,1,1,1
2026-09-09T22:54:24.461878250+00:00,1,0,1,1,1,1
2026-09-09T22:54:24.461880750+00:00,1,1,1,1,1,1
2026-09-09T22:54:24.461885750+00:00,1,0,1,1,1,1
2026-09-09T22:54:24.461888625+00:00,1,1,1,1,1,1
2026-09-09T22:54:24.461892125+00:00,1,0,1,1,1,1
2026-09-09T22:54:24.461894625+00:00,1,1,1,1,1,1
2026-09-09T22:54:24.461898125+00:00,1,0,1,1,1,1
2026-09-09T22:54:24.461900625+00:00,1,1,1,1,1,1
2026-09-09T22:54:24.461904125+00:00,1,0,1,1,1,1
2026-09-09T22:54:24.461906375+00:00,1,1,1,1,1,1
2026-09-09T22:54:24.461910125+00:00,1,0,1,1,1,1
2026-09-09T22:54:24.461912375+00:00,1,1,1,1,1,1
2026-09-09T22:54:24.461916250+00:00,1,0,1,1,1,1
2026-09-09T22:54:24.461918375+00:00,1,1,1,1,1,1
2026-09-09T22:54:24.461921875+00:00,1,0,1,1,1,1
2026-09-09T22:54:24.461924500+00:00,1,1,1,1,1,1
2026-09-09T22:54:24.461928000+00:00,1,0,1,1,1,1
2026-09-09T22:54:24.461930500+00:00,1,1,1,1,1,1
2026-09-09T22:54:24.461934000+00:00,1,0,1,1,1,1
2026-09-09T22:54:24.461936125+00:00,1,1,1,1,1,1
2026-09-09T22:54:24.461940000+00:00,1,0,1,1,1,1
2026-09-09T22:54:24.461942250+00:00,1,1,1,1,1,1
2026-09-09T22:54:24.461946000+00:00,1,0,1,1,1,1
2026-09-09T22:54:24.461948250+00:00,1,1,1,1,1,1
2026-09-09T22:54:24.461951750+00:00,1,0,1,1,1,1
2026-09-09T22:54:24.461954250+00:00,1,1,1,1,1,1
2026-09-09T22:54:24.461957750+00:00,1,0,1,1,1,1
2026-09-09T22:54:24.461960250+00:00,1,1,1,1,1,1
2026-09-09T22:54:24.461963875+00:00,1,0,1,1,1,1
2026-09-09T22:54:24.461966000+00:00,1,1,1,1,1,1
2026-09-09T22:54:24.461971250+00:00,1,0,1,1,1,1
2026-09-09T22:54:24.461974125+00:00,1,1,1,1,1,1
2026-09-09T22:54:24.461977625+00:00,1,0,1,1,1,1
2026-09-09T22:54:24.461980125+00:00,1,1,1,1,1,1
2026-09-09T22:54:24.461983625+00:00,1,0,1,1,1,1
2026-09-09T22:54:24.461986125+00:00,1,1,1,1,1,1
2026-09-09T22:54:24.461989625+00:00,1,0,1,1,1,1
2026-09-09T22:54:24.461991875+00:00,1,1,1,1,1,1
2026-09-09T22:54:24.461995750+00:00,1,0,1,1,1,1
2026-09-09T22:54:24.461997875+00:00,1,1,1,1,1,1
2026-09-09T22:54:24.462001750+00:00,1,0,1,1,1,1
2026-09-09T22:54:24.462004000+00:00,1,1,1,1,1,1
2026-09-09T22:54:24.462007500+00:00,1,0,1,1,1,1
2026-09-09T22:54:24.462010000+00:00,1,1,1,1,1,1
2026-09-09T22:54:24.462013500+00:00,1,0,1,1,1,1
2026-09-09T22:54:24.462016000+00:00,1,1,1,1,1,1
2026-09-09T22:54:24.462019500+00:00,1,0,1,1,1,1
2026-09-09T22:54:24.462021750+00:00,1,1,1,1,1,1
2026-09-09T22:54:24.462025500+00:00,1,0,1,1,1,1
2026-09-09T22:54:24.462027750+00:00,1,1,1,1,1,1
2026-09-09T22:54:24.462031625+00:00,1,0,1,1,1,1
2026-09-09T22:54:24.462033750+00:00,1,1,1,1,1,1
2026-09-09T22:54:24.462037250+00:00,1,0,1,1,1,1
2026-09-09T22:54:24.462039875+00:00,1,1,1,1,1,1
2026-09-09T22:54:24.462043375+00:00,1,0,1,1,1,1
2026-09-09T22:54:24.462045875+00:00,1,1,1,1,1,1
2026-09-09T22:54:24.462049375+00:00,1,0,1,1,1,1
2026-09-09T22:54:24.462051625+00:00,1,1,1,1,1,1
2026-09-09T22:54:24.462055375+00:00,1,0,1,1,1,1
2026-09-09T22:54:24.462059625+00:00,1,1,1,1,1,1
2026-09-09T22:54:24.462064125+00:00,1,0,1,1,1,1
2026-09-09T22:54:24.462066750+00:00,1,1,1,1,1,1
2026-09-09T22:54:24.462070250+00:00,1,0,1,1,1,1
2026-09-09T22:54:24.462072750+00:00,1,1,1,1,1,1
2026-09-09T22:54:24.462076250+00:00,1,0,1,1,1,1
2026-09-09T22:54:24.462078500+00:00,1,1,1,1,1,1
2026-09-09T22:54:24.462082250+00:00,1,0,1,1,1,1
2026-09-09T22:54:24.462084500+00:00,1,1,1,1,1,1
2026-09-09T22:54:24.462088375+00:00,1,0,1,1,1,1
2026-09-09T22:54:24.462090500+00:00,1,1,1,1,1,1
2026-09-09T22:54:24.462094000+00:00,1,0,1,1,1,1
2026-09-09T22:54:24.462096500+00:00,1,1,1,1,1,1
2026-09-09T22:54:24.462100125+00:00,1,0,1,1,1,1
2026-09-09T22:54:24.462102625+00:00,1,1,1,1,1,1
2026-09-09T22:54:24.462106125+00:00,1,0,1,1,1,1
2026-09-09T22:54:24.462108250+00:00,1,1,1,1,1,1
2026-09-09T22:54:24.462112125+00:00,1,0,1,1,1,1
2026-09-09T22:54:24.462114375+00:00,1,1,1,1,1,1
2026-09-09T22:54:24.462118125+00:00,1,0,1,1,1,1
2026-09-09T22:54:24.462120375+00:00,1,1,1,1,1,1
2026-09-09T22:54:24.462123875+00:00,1,0,1,1,1,1
2026-09-09T22:54:24.462126375+00:00,1,1,1,1,1,1
2026-09-09T22:54:24.462129875+00:00,1,0,1,1,1,1
2026-09-09T22:54:24.462132375+00:00,1,1,1,1,1,1
2026-09-09T22:54:24.462135875+00:00,1,0,1,1,1,1
2026-09-09T22:54:24.462138125+00:00,1,1,1,1,1,1
2026-09-09T22:54:24.462143375+00:00,1,0,1,1,1,1
2026-09-09T22:54:24.462146250+00:00,1,1,1,1,1,1
2026-09-09T22:54:24.462149750+00:00,1,0,1,1,1,1
2026-09-09T22:54:24.462152250+00:00,1,1,1,1,1,1
2026-09-09T22:54:24.462155750+00:00,1,0,1,1,1,1
2026-09-09T22:54:24.462158375+00:00,1,1,1,1,1,1
2026-09-09T22:54:24.462161875+00:00,1,0,1,1,1,1
2026-09-09T22:54:24.462164000+00:00,1,1,1,1,1,1
2026-09-09T22:54:24.462167875+00:00,1,0,1,1,1,1
2026-09-09T22:54:24.462170125+00:00,1,1,1,1,1,1
2026-09-09T22:54:24.462173875+00:00,1,0,1,1,1,1
2026-09-09T22:54:24.462176125+00:00,1,1,1,1,1,1
2026-09-09T22:54:24.462179625+00:00,1,0,1,1,1,1
2026-09-09T22:54:24.462182125+00:00,1,1,1,1,1,1
2026-09-09T22:54:24.462185625+00:00,1,0,1,1,1,1
2026-09-09T22:54:24.462188125+00:00,1,1,1,1,1,1
2026-09-09T22:54:24.462191625+00:00,1,0,1,1,1,1
2026-09-09T22:54:24.462193875+00:00,1,1,1,1,1,1
2026-09-09T22:54:24.462197750+00:00,1,0,1,1,1,1
2026-09-09T22:54:24.462199875+00:00,1,1,1,1,1,1
2026-09-09T22:54:24.462203750+00:00,1,0,1,1,1,1
2026-09-09T22:54:24.462206000+00:00,1,1,1,1,1,1
2026-09-09T22:54:24.462209500+00:00,1,0,0,1,1,1
2026-09-09T22:54:24.462212000+00:00,1,1,0,1,1,1
2026-09-09T22:54:24.462216125+00:00,1,0,1,1,1,1
2026-09-09T22:54:24.462218875+00:00,1,1,1,1,1,1
2026-09-09T22:54:24.462222750+00:00,1,0,1,1,1,1
2026-09-09T22:54:24.462225875+00:00,1,1,1,1,1,1
2026-09-09T22:54:24.462231125+00:00,1,0,1,1,1,1
2026-09-09T22:54:24.462233625+00:00,1,1,1,1,1,1
2026-09-09T22:54:24.462237750+00:00,1,0,0,1,1,1
2026-09-09T22:54:24.462240625+00:00,1,1,0,1,1,1
2026-09-09T22:54:24.462244875+00:00,1,0,1,1,1,1
2026-09-09T22:54:24.462247750+00:00,1,1,1,1,1,1
2026-09-09T22:54:24.462251625+00:00,1,0,1,1,1,1
2026-09-09T22:54:24.462251750+00:00,1,0,0,1,1,1
2026-09-09T22:54:24.462254500+00:00,1,1,0,1,1,1
2026-09-09T22:54:24.462258875+00:00,1,0,1,1,1,1
2026-09-09T22:54:24.462261750+00:00,1,1,1,1,1,1
2026-09-09T22:54:24.462265500+00:00,1,0,1,1,1,1
2026-09-09T22:54:24.462268625+00:00,1,1,1,1,1,1
2026-09-09T22:54:24.462272875+00:00,1,0,0,1,1,1
2026-09-09T22:54:24.462275750+00:00,1,1,0,1,1,1
2026-09-09T22:54:24.462279625+00:00,1,0,1,1,1,1
2026-09-09T22:54:24.462282375+00:00,1,1,1,1,1,1
2026-09-09T22:54:24.462286500+00:00,1,0,0,1,1,1
2026-09-09T22:54:24.462289375+00:00,1,1,0,1,1,1
2026-09-09T22:54:24.462293625+00:00,1,0,1,1,1,1
2026-09-09T22:54:24.462296375+00:00,1,1,1,1,1,1
2026-09-09T22:54:24.462300625+00:00,1,0,1,1,1,1
2026-09-09T22:54:24.462303500+00:00,1,1,1,1,1,1
2026-09-09T22:54:24.462307250+00:00,1,0,1,1,1,1
2026-09-09T22:54:24.462307375+00:00,1,0,0,1,1,1
2026-09-09T22:54:24.462310500+00:00,1,1,0,1,1,1
2026-09-09T22:54:24.462314500+00:00,1,0,0,1,1,1
2026-09-09T22:54:24.462318375+00:00,1,1,0,1,1,1
2026-09-09T22:54:24.462322250+00:00,1,0,0,1,1,1
2026-09-09T22:54:24.462325375+00:00,1,1,0,1,1,1
2026-09-09T22:54:24.462329625+00:00,1,0,1,1,1,1
2026-09-09T22:54:24.462332125+00:00,1,1,1,1,1,1
2026-09-09T22:54:24.462336500+00:00,1,0,0,1,1,1
2026-09-09T22:54:24.462339375+00:00,1,1,0,1,1,1
2026-09-09T22:54:24.462343250+00:00,1,0,0,1,1,1
2026-09-09T22:54:24.462346125+00:00,1,1,0,1,1,1
2026-09-09T22:54:24.462350375+00:00,1,0,1,1,1,1
2026-09-09T22:54:24.462353125+00:00,1,1,1,1,1,1
2026-09-09T22:54:24.462357000+00:00,1,0,0,1,1,1
2026-09-09T22:54:24.462360250+00:00,1,1,0,1,1,1
2026-09-09T22:54:24.462364125+00:00,1,0,0,1,1,1
2026-09-09T22:54:24.462367000+00:00,1,1,0,1,1,1
2026-09-09T22:54:24.462371250+00:00,1,0,0,1,1,1
2026-09-09T22:54:24.462374000+00:00,1,1,0,1,1,1
2026-09-09T22:54:24.462377875+00:00,1,0,0,1,1,1
2026-09-09T22:54:24.462381000+00:00,1,1,0,1,1,1
2026-09-09T22:54:24.462385125+00:00,1,0,0,1,1,1
2026-09-09T22:54:24.462388000+00:00,1,1,0,1,1,1
2026-09-09T22:54:24.462391875+00:00,1,0,1,1,1,1
2026-09-09T22:54:24.462395125+00:00,1,1,1,1,1,1
2026-09-09T22:54:24.462399125+00:00,1,0,0,1,1,1
2026-09-09T22:54:24.462403375+00:00,1,1,0,1,1,1
2026-09-09T22:54:24.462406875+00:00,1,0,0,1,1,1
2026-09-09T22:54:24.462409750+00:00,1,1,0,1,1,1
2026-09-09T22:54:24.462414000+00:00,1,0,0,1,1,1
2026-09-09T22:54:24.462416750+00:00,1,1,0,1,1,1
2026-09-09T22:54:24.462420625+00:00,1,0,0,1,1,1
2026-09-09T22:54:24.462422750+00:00,1,1,0,1,1,1
2026-09-09T22:54:24.462426750+00:00,1,0,1,1,1,1
2026-09-09T22:54:24.462429875+00:00,1,1,1,1,1,1
2026-09-09T22:54:24.462433875+00:00,1,0,0,1,1,1
2026-09-09T22:54:24.462436750+00:00,1,1,0,1,1,1
2026-09-09T22:54:24.462440875+00:00,1,0,0,1,1,1
2026-09-09T22:54:24.462443625+00:00,1,1,0,1,1,1
2026-09-09T22:54:24.462447625+00:00,1,0,1,1,1,1
2026-09-09T22:54:24.462450750+00:00,1,1,1,1,1,1
2026-09-09T22:54:24.462454625+00:00,1,0,0,1,1,1
2026-09-09T22:54:24.462457500+00:00,1,1,0,1,1,1
2026-09-09T22:54:24.462461750+00:00,1,0,1,1,1,1
2026-09-09T22:54:24.462464500+00:00,1,1,1,1,1,1
2026-09-09T22:54:24.462468500+00:00,1,0,0,1,1,1
2026-09-09T22:54:24.462471375+00:00,1,1,0,1,1,1
2026-09-09T22:54:24.462475625+00:00,1,0,0,1,1,1
2026-09-09T22:54:24.462478500+00:00,1,1,0,1,1,1
2026-09-09T22:54:24.462482250+00:00,1,0,1,1,1,1
2026-09-09T22:54:24.462485500+00:00,1,1,1,1,1,1
2026-09-09T22:54:24.462490500+00:00,1,0,1,1,1,1
2026-09-09T22:54:24.462493375+00:00,1,1,1,1,1,1
2026-09-09T22:54:24.462497625+00:00,1,0,0,1,1,1
2026-09-09T22:54:24.462500375+00:00,1,1,0,1,1,1
2026-09-09T22:54:24.462504250+00:00,1,0,1,1,1,1
2026-09-09T22:54:24.462507500+00:00,1,1,1,1,1,1
2026-09-09T22:54:24.462511250+00:00,1,0,0,1,1,1
2026-09-09T22:54:24.462514375+00:00,1,1,0,1,1,1
2026-09-09T22:54:24.462518250+00:00,1,0,0,1,1,1
2026-09-09T22:54:24.462521125+00:00,1,1,0,1,1,1
2026-09-09T22:54:24.462525375+00:00,1,0,0,1,1,1
2026-09-09T22:54:24.462528250+00:00,1,1,0,1,1,1
2026-09-09T22:54:24.462532125+00:00,1,0,0,1,1,1
2026-09-09T22:54:24.462532250+00:00,1,0,1,1,1,1
2026-09-09T22:54:24.462535000+00:00,1,1,1,1,1,1
2026-09-09T22:54:24.462539375+00:00,1,0,0,1,1,1
2026-09-09T22:54:24.462542125+00:00,1,1,0,1,1,1
2026-09-09T22:54:24.462546000+00:00,1,0,0,1,1,1
2026-09-09T22:54:24.462549125+00:00,1,1,0,1,1,1
2026-09-09T22:54:24.462553250+00:00,1,0,0,1,1,1
2026-09-09T22:54:24.462556125+00:00,1,1,0,1,1,1
2026-09-09T22:54:24.462560000+00:00,1,0,0,1,1,1
2026-09-09T22:54:24.462563125+00:00,1,1,0,1,1,1
2026-09-09T22:54:24.462567000+00:00,1,0,1,1,1,1
2026-09-09T22:54:24.462569875+00:00,1,1,1,1,1,1
2026-09-09T22:54:24.462575625+00:00,1,0,0,1,1,1
2026-09-09T22:54:24.462577750+00:00,1,1,0,1,1,1
2026-09-09T22:54:24.462582000+00:00,1,0,0,1,1,1
2026-09-09T22:54:24.462584875+00:00,1,1,0,1,1,1
2026-09-09T22:54:24.462588625+00:00,1,0,0,1,1,1
2026-09-09T22:54:24.462590875+00:00,1,1,0,1,1,1
2026-09-09T22:54:24.462594625+00:00,1,0,0,1,1,1
2026-09-09T22:54:24.462597875+00:00,1,1,0,1,1,1
2026-09-09T22:54:24.462601625+00:00,1,0,0,1,1,1
2026-09-09T22:54:24.462604750+00:00,1,1,0,1,1,1
2026-09-09T22:54:24.462608875+00:00,1,0,0,1,1,1
2026-09-09T22:54:24.462611750+00:00,1,1,0,1,1,1
2026-09-09T22:54:24.462615500+00:00,1,0,0,1,1,1
2026-09-09T22:54:24.462617750+00:00,1,1,0,1,1,1
2026-09-09T22:54:24.462621625+00:00,1,0,1,1,1,1
2026-09-09T22:54:24.462624750+00:00,1,1,1,1,1,1
2026-09-09T22:54:24.462628625+00:00,1,0,0,1,1,1
2026-09-09T22:54:24.462631500+00:00,1,1,0,1,1,1
2026-09-09T22:54:24.462635625+00:00,1,0,0,1,1,1
2026-09-09T22:54:24.462638500+00:00,1,1,0,1,1,1
2026-09-09T22:54:24.462642750+00:00,1,0,0,1,1,1
2026-09-09T22:54:24.462645500+00:00,1,1,0,1,1,1
2026-09-09T22:54:24.462649500+00:00,1,0,0,1,1,1
2026-09-09T22:54:24.462652625+00:00,1,1,0,1,1,1
2026-09-09T22:54:24.462656500+00:00,1,0,0,1,1,1
2026-09-09T22:54:24.462659375+00:00,1,1,0,1,1,1
2026-09-09T22:54:24.462663625+00:00,1,0,0,1,1,1
2026-09-09T22:54:24.462666500+00:00,1,1,0,1,1,1
2026-09-09T22:54:24.462670375+00:00,1,0,0,1,1,1
2026-09-09T22:54:24.462673250+00:00,1,1,0,1,1,1
2026-09-09T22:54:24.462677375+00:00,1,0,1,1,1,1
2026-09-09T22:54:24.462680250+00:00,1,1,1,1,1,1
2026-09-09T22:54:24.462684500+00:00,1,0,1,1,1,1
2026-09-09T22:54:24.462687250+00:00,1,1,1,1,1,1
2026-09-09T22:54:24.462691125+00:00,1,0,0,1,1,1
2026-09-09T22:54:24.462694375+00:00,1,1,0,1,1,1
2026-09-09T22:54:24.462698250+00:00,1,0,1,1,1,1
2026-09-09T22:54:24.462701375+00:00,1,1,1,1,1,1
2026-09-09T22:54:24.462705250+00:00,1,0,0,1,1,1
2026-09-09T22:54:24.462708125+00:00,1,1,0,1,1,1
2026-09-09T22:54:24.462712375+00:00,1,0,0,1,1,1
2026-09-09T22:54:24.462715250+00:00,1,1,0,1,1,1
2026-09-09T22:54:24.462719500+00:00,1,0,0,1,1,1
2026-09-09T22:54:24.462722000+00:00,1,1,0,1,1,1
2026-09-09T22:54:24.462726250+00:00,1,0,0,1,1,1
2026-09-09T22:54:24.462729125+00:00,1,1,0,1,1,1
2026-09-09T22:54:24.462733000+00:00,1,0,1,1,1,1
2026-09-09T22:54:24.462736125+00:00,1,1,1,1,1,1
2026-09-09T22:54:24.462740125+00:00,1,0,0,1,1,1
2026-09-09T22:54:24.462743000+00:00,1,1,0,1,1,1
2026-09-09T22:54:24.462748250+00:00,1,0,1,1,1,1
2026-09-09T22:54:24.462750750+00:00,1,1,1,1,1,1
2026-09-09T22:54:24.462755000+00:00,1,0,1,1,1,1
2026-09-09T22:54:24.462757875+00:00,1,1,1,1,1,1
2026-09-09T22:54:24.462762125+00:00,1,0,1,1,1,1
2026-09-09T22:54:24.462765000+00:00,1,1,1,1,1,1
2026-09-09T22:54:24.462768875+00:00,1,0,0,1,1,1
2026-09-09T22:54:24.462772000+00:00,1,1,0,1,1,1
2026-09-09T22:54:24.462776250+00:00,1,0,0,1,1,1
2026-09-09T22:54:24.462778750+00:00,1,1,0,1,1,1
2026-09-09T22:54:24.462782625+00:00,1,0,0,1,1,1
2026-09-09T22:54:24.462785875+00:00,1,1,0,1,1,1
2026-09-09T22:54:24.462789750+00:00,1,0,1,1,1,1
2026-09-09T22:54:24.462792625+00:00,1,1,1,1,1,1
2026-09-09T22:54:24.462796875+00:00,1,0,1,1,1,1
2026-09-09T22:54:24.462799625+00:00,1,1,1,1,1,1
2026-09-09T22:54:24.462803625+00:00,1,0,0,1,1,1
2026-09-09T22:54:24.462806750+00:00,1,1,0,1,1,1
2026-09-09T22:54:24.462810750+00:00,1,0,1,1,1,1
2026-09-09T22:54:24.462813500+00:00,1,1,1,1,1,1
2026-09-09T22:54:24.462817750+00:00,1,0,0,1,1,1
2026-09-09T22:54:24.462820625+00:00,1,1,0,1,1,1
2026-09-09T22:54:24.462824625+00:00,1,0,0,1,1,1
2026-09-09T22:54:24.462827500+00:00,1,1,0,1,1,1
2026-09-09T22:54:24.462832125+00:00,1,0,0,1,1,1
2026-09-09T22:54:24.462835000+00:00,1,1,0,1,1,1
2026-09-09T22:54:24.462838625+00:00,1,0,0,1,1,1
2026-09-09T22:54:24.462841500+00:00,1,1,0,1,1,1
2026-09-09T22:54:24.462845375+00:00,1,0,0,1,1,1
2026-09-09T22:54:24.462848625+00:00,1,1,0,1,1,1
2026-09-09T22:54:24.462852375+00:00,1,0,0,1,1,1
2026-09-09T22:54:24.462855250+00:00,1,1,0,1,1,1
2026-09-09T22:54:24.462859500+00:00,1,0,0,1,1,1
2026-09-09T22:54:24.462862375+00:00,1,1,0,1,1,1
2026-09-09T22:54:24.462866250+00:00,1,0,0,1,1,1
2026-09-09T22:54:24.462869375+00:00,1,1,0,1,1,1
2026-09-09T22:54:24.462873375+00:00,1,0,0,1,1,1
2026-09-09T22:54:24.462876125+00:00,1,1,0,1,1,1
2026-09-09T22:54:24.462880250+00:00,1,0,0,1,1,1
2026-09-09T22:54:24.462883125+00:00,1,1,0,1,1,1
2026-09-09T22:54:24.462887750+00:00,1,0,0,1,1,1
2026-09-09T22:54:24.462890250+00:00,1,1,0,1,1,1
2026-09-09T22:54:24.462894125+00:00,1,0,0,1,1,1
2026-09-09T22:54:24.462897250+00:00,1,1,0,1,1,1
2026-09-09T22:54:24.462901125+00:00,1,0,0,1,1,1
2026-09-09T22:54:24.462904250+00:00,1,1,0,1,1,1
2026-09-09T22:54:24.462908250+00:00,1,0,0,1,1,1
2026-09-09T22:54:24.462911000+00:00,1,1,0,1,1,1
2026-09-09T22:54:24.462915250+00:00,1,0,0,1,1,1
2026-09-09T22:54:24.462918125+00:00,1,1,0,1,1,1
2026-09-09T22:54:24.462922000+00:00,1,0,0,1,1,1
2026-09-09T22:54:24.462924875+00:00,1,1,0,1,1,1
2026-09-09T22:54:24.462929000+00:00,1,0,1,1,1,1
2026-09-09T22:54:24.462931875+00:00,1,1,1,1,1,1
2026-09-09T22:54:24.462936125+00:00,1,0,0,1,1,1
2026-09-09T22:54:24.462939000+00:00,1,1,0,1,1,1
2026-09-09T22:54:24.462943250+00:00,1,0,0,1,1,1
2026-09-09T22:54:24.462946125+00:00,1,1,0,1,1,1
2026-09-09T22:54:24.462950000+00:00,1,0,0,1,1,1
2026-09-09T22:54:24.462952875+00:00,1,1,0,1,1,1
2026-09-09T22:54:24.462957125+00:00,1,0,1,1,1,1
2026-09-09T22:54:24.462959875+00:00,1,1,1,1,1,1
2026-09-09T22:54:24.462963750+00:00,1,0,0,1,1,1
2026-09-09T22:54:24.462967000+00:00,1,1,0,1,1,1
2026-09-09T22:54:24.462970750+00:00,1,0,0,1,1,1
2026-09-09T22:54:24.462973875+00:00,1,1,0,1,1,1
2026-09-09T22:54:24.462977875+00:00,1,0,0,1,1,1
2026-09-09T22:54:24.462980625+00:00,1,1,0,1,1,1
2026-09-09T22:54:24.462984875+00:00,1,0,0,1,1,1
2026-09-09T22:54:24.462987750+00:00,1,1,0,1,1,1
2026-09-09T22:54:24.462991750+00:00,1,0,0,1,1,1
2026-09-09T22:54:24.462994500+00:00,1,1,0,1,1,1
2026-09-09T22:54:24.462999000+00:00,1,0,0,1,1,1
2026-09-09T22:54:24.463001500+00:00,1,1,0,1,1,1
2026-09-09T22:54:24.463007125+00:00,1,0,0,1,1,1
2026-09-09T22:54:24.463009625+00:00,1,1,0,1,1,1
2026-09-09T22:54:24.463013500+00:00,1,0,1,1,1,1
2026-09-09T22:54:24.463016625+00:00,1,1,1,1,1,1
2026-09-09T22:54:24.463020625+00:00,1,0,0,1,1,1
2026-09-09T22:54:24.463023500+00:00,1,1,0,1,1,1
2026-09-09T22:54:24.463027625+00:00,1,0,0,1,1,1
2026-09-09T22:54:24.463030500+00:00,1,1,0,1,1,1
2026-09-09T22:54:24.463034375+00:00,1,0,0,1,1,1
2026-09-09T22:54:24.463037500+00:00,1,1,0,1,1,1
2026-09-09T22:54:24.463041375+00:00,1,0,0,1,1,1
2026-09-09T22:54:24.463044500+00:00,1,1,0,1,1,1
2026-09-09T22:54:24.463048375+00:00,1,0,0,1,1,1
2026-09-09T22:54:24.463051500+00:00,1,1,0,1,1,1
2026-09-09T22:54:24.463055625+00:00,1,0,0,1,1,1
2026-09-09T22:54:24.463059125+00:00,1,1,0,1,1,1
2026-09-09T22:54:24.463063250+00:00,1,0,0,1,1,1
2026-09-09T22:54:24.463066125+00:00,1,1,0,1,1,1
2026-09-09T22:54:24.463070250+00:00,1,0,0,1,1,1
2026-09-09T22:54:24.463073125+00:00,1,1,0,1,1,1
2026-09-09T22:54:24.463077375+00:00,1,0,0,1,1,1
2026-09-09T22:54:24.463080250+00:00,1,1,0,1,1,1
2026-09-09T22:54:24.463084000+00:00,1,0,0,1,1,1
2026-09-09T22:54:24.463087250+00:00,1,1,0,1,1,1
2026-09-09T22:54:24.463091000+00:00,1,0,0,1,1,1
2026-09-09T22:54:24.463094375+00:00,1,1,0,1,1,1
2026-09-09T22:54:24.463098250+00:00,1,0,0,1,1,1
2026-09-09T22:54:24.463101125+00:00,1,1,0,1,1,1
2026-09-09T22:54:24.463105000+00:00,1,0,0,1,1,1
2026-09-09T22:54:24.463108125+00:00,1,1,0,1,1,1
2026-09-09T22:54:24.463112375+00:00,1,0,0,1,1,1
2026-09-09T22:54:24.463115125+00:00,1,1,0,1,1,1
2026-09-09T22:54:24.463119125+00:00,1,0,0,1,1,1
2026-09-09T22:54:24.463121875+00:00,1,1,0,1,1,1
2026-09-09T22:54:24.463126000+00:00,1,0,0,1,1,1
2026-09-09T22:54:24.463128875+00:00,1,1,0,1,1,1
2026-09-09T22:54:24.463133000+00:00,1,0,0,1,1,1
2026-09-09T22:54:24.463135875+00:00,1,1,0,1,1,1
2026-09-09T22:54:24.463140000+00:00,1,0,0,1,1,1
2026-09-09T22:54:24.463142750+00:00,1,1,0,1,1,1
2026-09-09T22:54:24.463147000+00:00,1,0,0,1,1,1
2026-09-09T22:54:24.463149875+00:00,1,1,0,1,1,1
2026-09-09T22:54:24.463153875+00:00,1,0,1,1,1,1
2026-09-09T22:54:24.463156625+00:00,1,1,1,1,1,1
2026-09-09T22:54:24.463160875+00:00,1,0,0,1,1,1
2026-09-09T22:54:24.463163750+00:00,1,1,0,1,1,1
2026-09-09T22:54:24.463167875+00:00,1,0,0,1,1,1
2026-09-09T22:54:24.463170750+00:00,1,1,0,1,1,1
2026-09-09T22:54:24.463174750+00:00,1,0,0,1,1,1
2026-09-09T22:54:24.463177500+00:00,1,1,0,1,1,1
2026-09-09T22:54:24.463182875+00:00,1,0,0,1,1,1
2026-09-09T22:54:24.463185625+00:00,1,1,0,1,1,1
2026-09-09T22:54:24.463189625+00:00,1,0,0,1,1,1
2026-09-09T22:54:24.463192500+00:00,1,1,0,1,1,1
2026-09-09T22:54:24.463196625+00:00,1,0,0,1,1,1
2026-09-09T22:54:24.463199375+00:00,1,1,0,1,1,1
2026-09-09T22:54:24.463203625+00:00,1,0,0,1,1,1
2026-09-09T22:54:24.463206375+00:00,1,1,0,1,1,1
2026-09-09T22:54:24.463210500+00:00,1,0,0,1,1,1
2026-09-09T22:54:24.463213375+00:00,1,1,0,1,1,1
2026-09-09T22:54:24.463217625+00:00,1,0,0,1,1,1
2026-09-09T22:54:24.463220500+00:00,1,1,0,1,1,1
2026-09-09T22:54:24.463224750+00:00,1,0,0,1,1,1
2026-09-09T22:54:24.463227500+00:00,1,1,0,1,1,1
2026-09-09T22:54:24.463231375+00:00,1,0,0,1,1,1
2026-09-09T22:54:24.463234500+00:00,1,1,0,1,1,1
2026-09-09T22:54:24.463238250+00:00,1,0,0,1,1,1
2026-09-09T22:54:24.463241500+00:00,1,1,0,1,1,1
2026-09-09T22:54:24.463245250+00:00,1,0,0,1,1,1
2026-09-09T22:54:24.463248500+00:00,1,1,0,1,1,1
2026-09-09T22:54:24.463252250+00:00,1,0,0,1,1,1
2026-09-09T22:54:24.463255375+00:00,1,1,0,1,1,1
2026-09-09T22:54:24.463259250+00:00,1,0,0,1,1,1
2026-09-09T22:54:24.463262375+00:00,1,1,0,1,1,1
2026-09-09T22:54:24.463267250+00:00,1,0,0,1,1,1
2026-09-09T22:54:24.463270000+00:00,1,1,0,1,1,1
2026-09-09T22:54:24.463274125+00:00,1,0,0,1,1,1
2026-09-09T22:54:24.463277000+00:00,1,1,0,1,1,1
2026-09-09T22:54:24.463281625+00:00,1,0,0,1,1,1
2026-09-09T22:54:24.463284125+00:00,1,1,0,1,1,1
2026-09-09T22:54:24.463288000+00:00,1,0,0,1,1,1
2026-09-09T22:54:24.463291125+00:00,1,1,0,1,1,1
2026-09-09T22:54:24.463295000+00:00,1,0,0,1,1,1
2026-09-09T22:54:24.463298125+00:00,1,1,0,1,1,1
2026-09-09T22:54:24.463302000+00:00,1,0,0,1,1,1
2026-09-09T22:54:24.463304875+00:00,1,1,0,1,1,1
2026-09-09T22:54:24.463309125+00:00,1,0,0,1,1,1
2026-09-09T22:54:24.463311875+00:00,1,1,0,1,1,1
2026-09-09T22:54:24.463316125+00:00,1,0,0,1,1,1
2026-09-09T22:54:24.463319000+00:00,1,1,0,1,1,1
2026-09-09T22:54:24.463322750+00:00,1,0,0,1,1,1
2026-09-09T22:54:24.463326000+00:00,1,1,0,1,1,1
2026-09-09T22:54:24.463329875+00:00,1,0,0,1,1,1
2026-09-09T22:54:24.463332750+00:00,1,1,0,1,1,1
2026-09-09T22:54:24.463337125+00:00,1,0,0,1,1,1
2026-09-09T22:54:24.463339625+00:00,1,1,0,1,1,1
2026-09-09T22:54:24.463343750+00:00,1,0,0,1,1,1
2026-09-09T22:54:24.463346625+00:00,1,1,0,1,1,1
2026-09-09T22:54:24.463352125+00:00,1,0,0,1,1,1
2026-09-09T22:54:24.463354750+00:00,1,1,0,1,1,1
2026-09-09T22:54:24.463358500+00:00,1,0,0,1,1,1
2026-09-09T22:54:24.463361625+00:00,1,1,0,1,1,1
2026-09-09T22:54:24.463365625+00:00,1,0,0,1,1,1
2026-09-09T22:54:24.463368750+00:00,1,1,0,1,1,1
2026-09-09T22:54:24.463372625+00:00,1,0,0,1,1,1
2026-09-09T22:54:24.463375500+00:00,1,1,0,1,1,1
2026-09-09T22:54:24.463379625+00:00,1,0,0,1,1,1
2026-09-09T22:54:24.463382500+00:00,1,1,0,1,1,1
2026-09-09T22:54:24.463386750+00:00,1,0,0,1,1,1
2026-09-09T22:54:24.463389625+00:00,1,1,0,1,1,1
2026-09-09T22:54:24.463393750+00:00,1,0,1,1,1,1
2026-09-09T22:54:24.463396375+00:00,1,1,1,1,1,1
2026-09-09T22:54:24.463400625+00:00,1,0,1,1,1,1
2026-09-09T22:54:24.463403500+00:00,1,1,1,1,1,1
2026-09-09T22:54:24.463407375+00:00,1,0,1,1,1,1
2026-09-09T22:54:24.463410500+00:00,1,1,1,1,1,1
2026-09-09T22:54:24.463414250+00:00,1,0,1,1,1,1
2026-09-09T22:54:24.463417500+00:00,1,1,1,1,1,1
2026-09-09T22:54:24.463421375+00:00,1,0,1,1,1,1
2026-09-09T22:54:24.463424250+00:00,1,1,1,1,1,1
2026-09-09T22:54:24.463428375+00:00,1,0,0,1,1,1
2026-09-09T22:54:24.463431250+00:00,1,1,0,1,1,1
2026-09-09T22:54:24.463435375+00:00,1,0,0,1,1,1
2026-09-09T22:54:24.463439125+00:00,1,1,0,1,1,1
2026-09-09T22:54:24.463443250+00:00,1,0,0,1,1,1
2026-09-09T22:54:24.463446125+00:00,1,1,0,1,1,1
2026-09-09T22:54:24.463450625+00:00,1,0,0,1,1,1
2026-09-09T22:54:24.463453125+00:00,1,1,0,1,1,1
2026-09-09T22:54:24.463457375+00:00,1,0,0,1,1,1
2026-09-09T22:54:24.463460125+00:00,1,1,0,1,1,1
2026-09-09T22:54:24.463464000+00:00,1,0,0,1,1,1
2026-09-09T22:54:24.463467125+00:00,1,1,0,1,1,1
2026-09-09T22:54:24.463470875+00:00,1,0,0,1,1,1
2026-09-09T22:54:24.463474125+00:00,1,1,0,1,1,1
2026-09-09T22:54:24.463477875+00:00,1,0,0,1,1,1
2026-09-09T22:54:24.463481000+00:00,1,1,0,1,1,1
2026-09-09T22:54:24.463484875+00:00,1,0,0,1,1,1
2026-09-09T22:54:24.463488000+00:00,1,1,0,1,1,1
2026-09-09T22:54:24.463492000+00:00,1,0,0,1,1,1
2026-09-09T22:54:24.463494750+00:00,1,1,0,1,1,1
2026-09-09T22:54:24.463499000+00:00,1,0,0,1,1,1
2026-09-09T22:54:24.463501875+00:00,1,1,0,1,1,1
2026-09-09T22:54:24.463506125+00:00,1,0,0,1,1,1
2026-09-09T22:54:24.463509000+00:00,1,1,0,1,1,1
2026-09-09T22:54:24.463512750+00:00,1,0,0,1,1,1
2026-09-09T22:54:24.463515875+00:00,1,1,0,1,1,1
2026-09-09T22:54:24.463519750+00:00,1,0,0,1,1,1
2026-09-09T22:54:24.463522875+00:00,1,1,0,1,1,1
2026-09-09T22:54:24.463527750+00:00,1,0,0,1,1,1
2026-09-09T22:54:24.463530625+00:00,1,1,0,1,1,1
2026-09-09T22:54:24.463534875+00:00,1,0,0,1,1,1
2026-09-09T22:54:24.463537750+00:00,1,1,0,1,1,1
2026-09-09T22:54:24.463541500+00:00,1,0,0,1,1,1
2026-09-09T22:54:24.463544750+00:00,1,1,0,1,1,1
2026-09-09T22:54:24.463548500+00:00,1,0,0,1,1,1
2026-09-09T22:54:24.463551750+00:00,1,1,0,1,1,1
2026-09-09T22:54:24.463555500+00:00,1,0,0,1,1,1
2026-09-09T22:54:24.463558625+00:00,1,1,0,1,1,1
2026-09-09T22:54:24.463562875+00:00,1,0,0,1,1,1
2026-09-09T22:54:24.463565375+00:00,1,1,0,1,1,1
2026-09-09T22:54:24.463569500+00:00,1,0,0,1,1,1
2026-09-09T22:54:24.463572375+00:00,1,1,0,1,1,1
2026-09-09T22:54:24.463576625+00:00,1,0,1,1,1,1
2026-09-09T22:54:24.463579500+00:00,1,1,1,1,1,1
2026-09-09T22:54:24.463583500+00:00,1,0,0,1,1,1
2026-09-09T22:54:24.463586250+00:00,1,1,0,1,1,1
2026-09-09T22:54:24.463590500+00:00,1,0,0,1,1,1
2026-09-09T22:54:24.463593375+00:00,1,1,0,1,1,1
2026-09-09T22:54:24.463597250+00:00,1,0,0,1,1,1
2026-09-09T22:54:24.463600375+00:00,1,1,0,1,1,1
2026-09-09T22:54:24.463604125+00:00,1,0,0,1,1,1
2026-09-09T22:54:24.463607375+00:00,1,1,0,1,1,1
2026-09-09T22:54:24.463612750+00:00,1,0,0,1,1,1
2026-09-09T22:54:24.463615250+00:00,1,1,0,1,1,1
2026-09-09T22:54:24.463619375+00:00,1,0,0,1,1,1
2026-09-09T22:54:24.463622250+00:00,1,1,0,1,1,1
2026-09-09T22:54:24.463626000+00:00,1,0,0,1,1,1
2026-09-09T22:54:24.463629125+00:00,1,1,0,1,1,1
2026-09-09T22:54:24.463633000+00:00,1,0,0,1,1,1
2026-09-09T22:54:24.463636125+00:00,1,1,0,1,1,1
2026-09-09T22:54:24.463640000+00:00,1,0,0,1,1,1
2026-09-09T22:54:24.463643125+00:00,1,1,0,1,1,1
2026-09-09T22:54:24.463647000+00:00,1,0,0,1,1,1
2026-09-09T22:54:24.463650250+00:00,1,1,0,1,1,1
2026-09-09T22:54:24.463654125+00:00,1,0,0,1,1,1
2026-09-09T22:54:24.463657000+00:00,1,1,0,1,1,1
2026-09-09T22:54:24.463661125+00:00,1,0,0,1,1,1
2026-09-09T22:54:24.463664000+00:00,1,1,0,1,1,1
2026-09-09T22:54:24.463668125+00:00,1,0,0,1,1,1
2026-09-09T22:54:24.463671000+00:00,1,1,0,1,1,1
2026-09-09T22:54:24.463675125+00:00,1,0,1,1,1,1
2026-09-09T22:54:24.463678000+00:00,1,1,1,1,1,1
2026-09-09T22:54:24.463681875+00:00,1,0,1,1,1,1
2026-09-09T22:54:24.463684750+00:00,1,1,1,1,1,1
2026-09-09T22:54:24.463688875+00:00,1,0,1,1,1,1
2026-09-09T22:54:24.463691750+00:00,1,1,1,1,1,1
2026-09-09T22:54:24.463697375+00:00,1,0,1,1,1,1
2026-09-09T22:54:24.463699625+00:00,1,1,1,1,1,1
2026-09-09T22:54:24.463703750+00:00,1,0,1,1,1,1
2026-09-09T22:54:24.463706625+00:00,1,1,1,1,1,1
2026-09-09T22:54:24.463710875+00:00,1,0,1,1,1,1
2026-09-09T22:54:24.463713750+00:00,1,1,1,1,1,1
2026-09-09T22:54:24.463717625+00:00,1,0,1,1,1,1
2026-09-09T22:54:24.463720750+00:00,1,1,1,1,1,1
2026-09-09T22:54:24.463724625+00:00,1,0,1,1,1,1
2026-09-09T22:54:24.463727750+00:00,1,1,1,1,1,1
2026-09-09T22:54:24.463732000+00:00,1,0,0,1,1,1
2026-09-09T22:54:24.463734500+00:00,1,1,0,1,1,1
2026-09-09T22:54:24.463738750+00:00,1,0,0,1,1,1
2026-09-09T22:54:24.463741625+00:00,1,1,0,1,1,1
2026-09-09T22:54:24.463745625+00:00,1,0,0,1,1,1
2026-09-09T22:54:24.463748500+00:00,1,1,0,1,1,1
2026-09-09T22:54:24.463752625+00:00,1,0,0,1,1,1
2026-09-09T22:54:24.463755500+00:00,1,1,0,1,1,1
2026-09-09T22:54:24.463759625+00:00,1,0,0,1,1,1
2026-09-09T22:54:24.463762375+00:00,1,1,0,1,1,1
2026-09-09T22:54:24.463766250+00:00,1,0,0,1,1,1
2026-09-09T22:54:24.463769375+00:00,1,1,0,1,1,1
2026-09-09T22:54:24.463773375+00:00,1,0,0,1,1,1
2026-09-09T22:54:24.463776500+00:00,1,1,0,1,1,1
2026-09-09T22:54:24.463780375+00:00,1,0,0,1,1,1
2026-09-09T22:54:24.463784375+00:00,1,1,0,1,1,1
2026-09-09T22:54:24.463788500+00:00,1,0,0,1,1,1
2026-09-09T22:54:24.463791375+00:00,1,1,0,1,1,1
2026-09-09T22:54:24.463795125+00:00,1,0,0,1,1,1
2026-09-09T22:54:24.463798375+00:00,1,1,0,1,1,1
2026-09-09T22:54:24.463802250+00:00,1,0,0,1,1,1
2026-09-09T22:54:24.463805125+00:00,1,1,0,1,1,1
2026-09-09T22:54:24.463809250+00:00,1,0,0,1,1,1
2026-09-09T22:54:24.463812000+00:00,1,1,0,1,1,1
2026-09-09T22:54:24.463816125+00:00,1,0,0,1,1,1
2026-09-09T22:54:24.463819000+00:00,1,1,0,1,1,1
2026-09-09T22:54:24.463823125+00:00,1,0,0,1,1,1
2026-09-09T22:54:24.463826000+00:00,1,1,0,1,1,1
2026-09-09T22:54:24.463830125+00:00,1,0,0,1,1,1
2026-09-09T22:54:24.463833000+00:00,1,1,0,1,1,1
2026-09-09T22:54:24.463837250+00:00,1,0,0,1,1,1
2026-09-09T22:54:24.463840000+00:00,1,1,0,1,1,1
2026-09-09T22:54:24.463844125+00:00,1,0,0,1,1,1
2026-09-09T22:54:24.463847000+00:00,1,1,0,1,1,1
2026-09-09T22:54:24.463850875+00:00,1,0,0,1,1,1
2026-09-09T22:54:24.463854000+00:00,1,1,0,1,1,1
2026-09-09T22:54:24.463857875+00:00,1,0,1,1,1,1
2026-09-09T22:54:24.463861000+00:00,1,1,1,1,1,1
2026-09-09T22:54:24.463865000+00:00,1,0,0,1,1,1
2026-09-09T22:54:24.463867875+00:00,1,1,0,1,1,1
2026-09-09T22:54:24.463871875+00:00,1,0,0,1,1,1
2026-09-09T22:54:24.463874750+00:00,1,1,0,1,1,1
2026-09-09T22:54:24.463878875+00:00,1,0,0,1,1,1
2026-09-09T22:54:24.463881750+00:00,1,1,0,1,1,1
2026-09-09T22:54:24.463886000+00:00,1,0,0,1,1,1
2026-09-09T22:54:24.463888875+00:00,1,1,0,1,1,1
2026-09-09T22:54:24.463892625+00:00,1,0,0,1,1,1
2026-09-09T22:54:24.463895750+00:00,1,1,0,1,1,1
2026-09-09T22:54:24.463899875+00:00,1,0,0,1,1,1
2026-09-09T22:54:24.463902750+00:00,1,1,0,1,1,1
2026-09-09T22:54:24.463906625+00:00,1,0,0,1,1,1
2026-09-09T22:54:24.463909750+00:00,1,1,0,1,1,1
2026-09-09T22:54:24.463913625+00:00,1,0,0,1,1,1
2026-09-09T22:54:24.463916500+00:00,1,1,0,1,1,1
2026-09-09T22:54:24.463920625+00:00,1,0,0,1,1,1
2026-09-09T22:54:24.463923500+00:00,1,1,0,1,1,1
2026-09-09T22:54:24.463927750+00:00,1,0,0,1,1,1
2026-09-09T22:54:24.463930625+00:00,1,1,0,1,1,1
2026-09-09T22:54:24.463934375+00:00,1,0,0,1,1,1
2026-09-09T22:54:24.463937500+00:00,1,1,0,1,1,1
2026-09-09T22:54:24.463941375+00:00,1,0,0,1,1,1
2026-09-09T22:54:24.463944500+00:00,1,1,0,1,1,1
2026-09-09T22:54:24.463948375+00:00,1,0,0,1,1,1
2026-09-09T22:54:24.463951500+00:00,1,1,0,1,1,1
2026-09-09T22:54:24.463957000+00:00,1,0,0,1,1,1
2026-09-09T22:54:24.463959250+00:00,1,1,0,1,1,1
2026-09-09T22:54:24.463963500+00:00,1,0,0,1,1,1
2026-09-09T22:54:24.463966375+00:00,1,1,0,1,1,1
2026-09-09T22:54:24.463970250+00:00,1,0,0,1,1,1
2026-09-09T22:54:24.463973375+00:00,1,1,0,1,1,1
2026-09-09T22:54:24.463977375+00:00,1,0,0,1,1,1
2026-09-09T22:54:24.463980125+00:00,1,1,0,1,1,1
2026-09-09T22:54:24.463984375+00:00,1,0,0,1,1,1
2026-09-09T22:54:24.463987250+00:00,1,1,0,1,1,1
2026-09-09T22:54:24.463991125+00:00,1,0,0,1,1,1
2026-09-09T22:54:24.463994250+00:00,1,1,0,1,1,1
2026-09-09T22:54:24.463998125+00:00,1,0,0,1,1,1
2026-09-09T22:54:24.464001250+00:00,1,1,0,1,1,1
2026-09-09T22:54:24.464005125+00:00,1,0,0,1,1,1
2026-09-09T22:54:24.464008000+00:00,1,1,0,1,1,1
2026-09-09T22:54:24.464012500+00:00,1,0,0,1,1,1
2026-09-09T22:54:24.464015000+00:00,1,1,0,1,1,1
2026-09-09T22:54:24.464019125+00:00,1,0,0,1,1,1
2026-09-09T22:54:24.464022000+00:00,1,1,0,1,1,1
2026-09-09T22:54:24.464026125+00:00,1,0,0,1,1,1
2026-09-09T22:54:24.464029000+00:00,1,1,0,1,1,1
2026-09-09T22:54:24.464033000+00:00,1,0,0,1,1,1
2026-09-09T22:54:24.464035750+00:00,1,1,0,1,1,1
2026-09-09T22:54:24.464040000+00:00,1,0,0,1,1,1
2026-09-09T22:54:24.464043375+00:00,1,1,0,1,1,1
2026-09-09T22:54:24.464046750+00:00,1,0,0,1,1,1
2026-09-09T22:54:24.464050000+00:00,1,1,0,1,1,1
2026-09-09T22:54:24.464054375+00:00,1,0,0,1,1,1
2026-09-09T22:54:24.464057000+00:00,1,1,0,1,1,1
2026-09-09T22:54:24.464060750+00:00,1,0,0,1,1,1
2026-09-09T22:54:24.464063875+00:00,1,1,0,1,1,1
2026-09-09T22:54:24.464068125+00:00,1,0,1,1,1,1
2026-09-09T22:54:24.464070625+00:00,1,1,1,1,1,1
2026-09-09T22:54:24.464074875+00:00,1,0,1,1,1,1
2026-09-09T22:54:24.464077625+00:00,1,1,1,1,1,1
2026-09-09T22:54:24.464082000+00:00,1,0,1,1,1,1
2026-09-09T22:54:24.464084875+00:00,1,1,1,1,1,1
2026-09-09T22:54:24.464088750+00:00,1,0,0,1,1,1
2026-09-09T22:54:24.464091625+00:00,1,1,0,1,1,1
2026-09-09T22:54:24.464095750+00:00,1,0,0,1,1,1
2026-09-09T22:54:24.464098625+00:00,1,1,0,1,1,1
2026-09-09T22:54:24.464102500+00:00,1,0,0,1,1,1
2026-09-09T22:54:24.464105750+00:00,1,1,0,1,1,1
2026-09-09T22:54:24.464109625+00:00,1,0,0,1,1,1
2026-09-09T22:54:24.464112500+00:00,1,1,0,1,1,1
2026-09-09T22:54:24.464116750+00:00,1,0,0,1,1,1
2026-09-09T22:54:24.464119500+00:00,1,1,0,1,1,1
2026-09-09T22:54:24.464123625+00:00,1,0,1,1,1,1
2026-09-09T22:54:24.464126500+00:00,1,1,1,1,1,1
2026-09-09T22:54:24.464131000+00:00,1,0,0,1,1,1
2026-09-09T22:54:24.464133500+00:00,1,1,0,1,1,1
2026-09-09T22:54:24.464137250+00:00,1,0,0,1,1,1
2026-09-09T22:54:24.464137375+00:00,1,0,1,1,1,1
2026-09-09T22:54:24.464140500+00:00,1,1,1,1,1,1
2026-09-09T22:54:24.464144375+00:00,1,0,1,1,1,1
2026-09-09T22:54:24.464147125+00:00,1,1,1,1,1,1
2026-09-09T22:54:24.464151375+00:00,1,0,1,1,1,1
2026-09-09T22:54:24.464154250+00:00,1,1,1,1,1,1
2026-09-09T22:54:24.464158500+00:00,1,0,0,1,1,1
2026-09-09T22:54:24.464161250+00:00,1,1,0,1,1,1
2026-09-09T22:54:24.464165250+00:00,1,0,0,1,1,1
2026-09-09T22:54:24.464168125+00:00,1,1,0,1,1,1
2026-09-09T22:54:24.464172375+00:00,1,0,1,1,1,1
2026-09-09T22:54:24.464175125+00:00,1,1,1,1,1,1
2026-09-09T22:54:24.464179375+00:00,1,0,0,1,1,1
2026-09-09T22:54:24.464182250+00:00,1,1,0,1,1,1
2026-09-09T22:54:24.464186000+00:00,1,0,0,1,1,1
2026-09-09T22:54:24.464189250+00:00,1,1,0,1,1,1
2026-09-09T22:54:24.464193125+00:00,1,0,0,1,1,1
2026-09-09T22:54:24.464196000+00:00,1,1,0,1,1,1
2026-09-09T22:54:24.464200250+00:00,1,0,0,1,1,1
2026-09-09T22:54:24.464203000+00:00,1,1,0,1,1,1
2026-09-09T22:54:24.464207000+00:00,1,0,0,1,1,1
2026-09-09T22:54:24.464210125+00:00,1,1,0,1,1,1
2026-09-09T22:54:24.464215375+00:00,1,0,0,1,1,1
2026-09-09T22:54:24.464217875+00:00,1,1,0,1,1,1
2026-09-09T22:54:24.464222000+00:00,1,0,1,1,1,1
2026-09-09T22:54:24.464224875+00:00,1,1,1,1,1,1
2026-09-09T22:54:24.464229125+00:00,1,0,1,1,1,1
2026-09-09T22:54:24.464232000+00:00,1,1,1,1,1,1
2026-09-09T22:54:24.464236250+00:00,1,0,1,1,1,1
2026-09-09T22:54:24.464238750+00:00,1,1,1,1,1,1
2026-09-09T22:54:24.464242875+00:00,1,0,1,1,1,1
2026-09-09T22:54:24.464243000+00:00,1,0,0,1,1,1
2026-09-09T22:54:24.464245750+00:00,1,1,0,1,1,1
2026-09-09T22:54:24.464249625+00:00,1,0,0,1,1,1
2026-09-09T22:54:24.464252875+00:00,1,1,0,1,1,1
2026-09-09T22:54:24.464256750+00:00,1,0,0,1,1,1
2026-09-09T22:54:24.464256875+00:00,1,0,1,1,1,1
2026-09-09T22:54:24.464259625+00:00,1,1,1,1,1,1
2026-09-09T22:54:24.464263875+00:00,1,0,0,1,1,1
2026-09-09T22:54:24.464266750+00:00,1,1,0,1,1,1
2026-09-09T22:54:24.464270625+00:00,1,0,1,1,1,1
2026-09-09T22:54:24.464273750+00:00,1,1,1,1,1,1
2026-09-09T22:54:24.464277625+00:00,1,0,1,1,1,1
2026-09-09T22:54:24.464280500+00:00,1,1,1,1,1,1
2026-09-09T22:54:24.464284750+00:00,1,0,1,1,1,1
2026-09-09T22:54:24.464287625+00:00,1,1,1,1,1,1
2026-09-09T22:54:24.464291750+00:00,1,0,0,1,1,1
2026-09-09T22:54:24.464294500+00:00,1,1,0,1,1,1
2026-09-09T22:54:24.464298375+00:00,1,0,0,1,1,1
2026-09-09T22:54:24.464302000+00:00,1,1,0,1,1,1
2026-09-09T22:54:24.464305750+00:00,1,0,1,1,1,1
2026-09-09T22:54:24.464308625+00:00,1,1,1,1,1,1
2026-09-09T22:54:24.464312500+00:00,1,0,1,1,1,1
2026-09-09T22:54:24.464315250+00:00,1,1,1,1,1,1
2026-09-09T22:54:24.464319625+00:00,1,0,1,1,1,1
2026-09-09T22:54:24.464322500+00:00,1,1,1,1,1,1
2026-09-09T22:54:24.464326250+00:00,1,0,0,1,1,1
2026-09-09T22:54:24.464329375+00:00,1,1,0,1,1,1
2026-09-09T22:54:24.464333375+00:00,1,0,1,1,1,1
2026-09-09T22:54:24.464336250+00:00,1,1,1,1,1,1
2026-09-09T22:54:24.464340500+00:00,1,0,1,1,1,1
2026-09-09T22:54:24.464343375+00:00,1,1,1,1,1,1
2026-09-09T22:54:24.464347500+00:00,1,0,0,1,1,1
2026-09-09T22:54:24.464350250+00:00,1,1,0,1,1,1
2026-09-09T22:54:24.464354250+00:00,1,0,0,1,1,1
2026-09-09T22:54:24.464357125+00:00,1,1,0,1,1,1
2026-09-09T22:54:24.464361250+00:00,1,0,0,1,1,1
2026-09-09T22:54:24.464364125+00:00,1,1,0,1,1,1
2026-09-09T22:54:24.464368375+00:00,1,0,0,1,1,1
2026-09-09T22:54:24.464371250+00:00,1,1,0,1,1,1
2026-09-09T22:54:24.464375000+00:00,1,0,0,1,1,1
2026-09-09T22:54:24.464378250+00:00,1,1,0,1,1,1
2026-09-09T22:54:24.464382125+00:00,1,0,0,1,1,1
2026-09-09T22:54:24.464385000+00:00,1,1,0,1,1,1
2026-09-09T22:54:24.464389625+00:00,1,0,0,1,1,1
2026-09-09T22:54:24.464392125+00:00,1,1,0,1,1,1
2026-09-09T22:54:24.464396000+00:00,1,0,0,1,1,1
2026-09-09T22:54:24.464399125+00:00,1,1,0,1,1,1
2026-09-09T22:54:24.464403250+00:00,1,0,0,1,1,1
2026-09-09T22:54:24.464406000+00:00,1,1,0,1,1,1
2026-09-09T22:54:24.464409875+00:00,1,0,0,1,1,1
2026-09-09T22:54:24.464413000+00:00,1,1,0,1,1,1
2026-09-09T22:54:24.464416875+00:00,1,0,0,1,1,1
2026-09-09T22:54:24.464420000+00:00,1,1,0,1,1,1
2026-09-09T22:54:24.464423875+00:00,1,0,0,1,1,1
2026-09-09T22:54:24.464426750+00:00,1,1,0,1,1,1
2026-09-09T22:54:24.464431000+00:00,1,0,0,1,1,1
2026-09-09T22:54:24.464433875+00:00,1,1,0,1,1,1
2026-09-09T22:54:24.464437625+00:00,1,0,0,1,1,1
2026-09-09T22:54:24.464440875+00:00,1,1,0,1,1,1
2026-09-09T22:54:24.464444625+00:00,1,0,0,1,1,1
2026-09-09T22:54:24.464447875+00:00,1,1,0,1,1,1
2026-09-09T22:54:24.464451625+00:00,1,0,0,1,1,1
2026-09-09T22:54:24.464454750+00:00,1,1,0,1,1,1
2026-09-09T22:54:24.464459000+00:00,1,0,0,1,1,1
2026-09-09T22:54:24.464461500+00:00,1,1,0,1,1,1
2026-09-09T22:54:24.464465750+00:00,1,0,0,1,1,1
2026-09-09T22:54:24.464468625+00:00,1,1,0,1,1,1
2026-09-09T22:54:24.464474000+00:00,1,0,0,1,1,1
2026-09-09T22:54:24.464476500+00:00,1,1,0,1,1,1
2026-09-09T22:54:24.464480625+00:00,1,0,0,1,1,1
2026-09-09T22:54:24.464483500+00:00,1,1,0,1,1,1
2026-09-09T22:54:24.464487625+00:00,1,0,0,1,1,1
2026-09-09T22:54:24.464490375+00:00,1,1,0,1,1,1
2026-09-09T22:54:24.464494625+00:00,1,0,0,1,1,1
2026-09-09T22:54:24.464497500+00:00,1,1,0,1,1,1
2026-09-09T22:54:24.464501250+00:00,1,0,0,1,1,1
2026-09-09T22:54:24.464504500+00:00,1,1,0,1,1,1
2026-09-09T22:54:24.464508375+00:00,1,0,0,1,1,1
2026-09-09T22:54:24.464511500+00:00,1,1,0,1,1,1
2026-09-09T22:54:24.464515750+00:00,1,0,0,1,1,1
2026-09-09T22:54:24.464518250+00:00,1,1,0,1,1,1
2026-09-09T22:54:24.464522500+00:00,1,0,0,1,1,1
2026-09-09T22:54:24.464525375+00:00,1,1,0,1,1,1
2026-09-09T22:54:24.464529250+00:00,1,0,0,1,1,1
2026-09-09T22:54:24.464532375+00:00,1,1,0,1,1,1
2026-09-09T22:54:24.464536250+00:00,1,0,0,1,1,1
2026-09-09T22:54:24.464539125+00:00,1,1,0,1,1,1
2026-09-09T22:54:24.464543375+00:00,1,0,0,1,1,1
2026-09-09T22:54:24.464546250+00:00,1,1,0,1,1,1
2026-09-09T22:54:24.464550000+00:00,1,0,0,1,1,1
2026-09-09T22:54:24.464552250+00:00,1,1,0,1,1,1
2026-09-09T22:54:24.464556000+00:00,1,0,0,1,1,1
2026-09-09T22:54:24.464560625+00:00,1,1,0,1,1,1
2026-09-09T22:54:24.464564125+00:00,1,0,0,1,1,1
2026-09-09T22:54:24.464567000+00:00,1,1,0,1,1,1
2026-09-09T22:54:24.464571625+00:00,1,0,0,1,1,1
2026-09-09T22:54:24.464574125+00:00,1,1,0,1,1,1
2026-09-09T22:54:24.464578000+00:00,1,0,0,1,1,1
2026-09-09T22:54:24.464581125+00:00,1,1,0,1,1,1
2026-09-09T22:54:24.464585125+00:00,1,0,0,1,1,1
2026-09-09T22:54:24.464588000+00:00,1,1,0,1,1,1
2026-09-09T22:54:24.464592000+00:00,1,0,0,1,1,1
2026-09-09T22:54:24.464594875+00:00,1,1,0,1,1,1
2026-09-09T22:54:24.464599125+00:00,1,0,0,1,1,1
2026-09-09T22:54:24.464602000+00:00,1,1,0,1,1,1
2026-09-09T22:54:24.464605750+00:00,1,0,0,1,1,1
2026-09-09T22:54:24.464609000+00:00,1,1,0,1,1,1
2026-09-09T22:54:24.464612750+00:00,1,0,0,1,1,1
2026-09-09T22:54:24.464615875+00:00,1,1,0,1,1,1
2026-09-09T22:54:24.464619875+00:00,1,0,0,1,1,1
2026-09-09T22:54:24.464622750+00:00,1,1,0,1,1,1
2026-09-09T22:54:24.464627125+00:00,1,0,0,1,1,1
2026-09-09T22:54:24.464630000+00:00,1,1,0,1,1,1
2026-09-09T22:54:24.464633750+00:00,1,0,0,1,1,1
2026-09-09T22:54:24.464636875+00:00,1,1,0,1,1,1
2026-09-09T22:54:24.464640750+00:00,1,0,0,1,1,1
2026-09-09T22:54:24.464643875+00:00,1,1,0,1,1,1
2026-09-09T22:54:24.464648500+00:00,1,0,0,1,1,1
2026-09-09T22:54:24.464651750+00:00,1,1,0,1,1,1
2026-09-09T22:54:24.464655500+00:00,1,0,0,1,1,1
2026-09-09T22:54:24.464658625+00:00,1,1,0,1,1,1
2026-09-09T22:54:24.464662500+00:00,1,0,0,1,1,1
2026-09-09T22:54:24.464665625+00:00,1,1,0,1,1,1
2026-09-09T22:54:24.464669375+00:00,1,0,0,1,1,1
2026-09-09T22:54:24.464672625+00:00,1,1,0,1,1,1
2026-09-09T22:54:24.464676375+00:00,1,0,0,1,1,1
2026-09-09T22:54:24.464679500+00:00,1,1,0,1,1,1
2026-09-09T22:54:24.464683750+00:00,1,0,0,1,1,1
2026-09-09T22:54:24.464686625+00:00,1,1,0,1,1,1
2026-09-09T22:54:24.464690375+00:00,1,0,0,1,1,1
2026-09-09T22:54:24.464693625+00:00,1,1,0,1,1,1
2026-09-09T22:54:24.464697500+00:00,1,0,0,1,1,1
2026-09-09T22:54:24.464700375+00:00,1,1,0,1,1,1
2026-09-09T22:54:24.464704500+00:00,1,0,0,1,1,1
2026-09-09T22:54:24.464707250+00:00,1,1,0,1,1,1
2026-09-09T22:54:24.464711375+00:00,1,0,0,1,1,1
2026-09-09T22:54:24.464714250+00:00,1,1,0,1,1,1
2026-09-09T22:54:24.464718375+00:00,1,0,0,1,1,1
2026-09-09T22:54:24.464721250+00:00,1,1,0,1,1,1
2026-09-09T22:54:24.464725500+00:00,1,0,1,1,1,1
2026-09-09T22:54:24.464728375+00:00,1,1,1,1,1,1
2026-09-09T22:54:24.464733625+00:00,1,0,0,1,1,1
2026-09-09T22:54:24.464736125+00:00,1,1,0,1,1,1
2026-09-09T22:54:24.464740500+00:00,1,0,0,1,1,1
2026-09-09T22:54:24.464743125+00:00,1,1,0,1,1,1
2026-09-09T22:54:24.464747250+00:00,1,0,0,1,1,1
2026-09-09T22:54:24.464750000+00:00,1,1,0,1,1,1
2026-09-09T22:54:24.464754250+00:00,1,0,0,1,1,1
2026-09-09T22:54:24.464757125+00:00,1,1,0,1,1,1
2026-09-09T22:54:24.464761000+00:00,1,0,0,1,1,1
2026-09-09T22:54:24.464764250+00:00,1,1,0,1,1,1
2026-09-09T22:54:24.464768125+00:00,1,0,0,1,1,1
2026-09-09T22:54:24.464771000+00:00,1,1,0,1,1,1
2026-09-09T22:54:24.464775125+00:00,1,0,0,1,1,1
2026-09-09T22:54:24.464778000+00:00,1,1,0,1,1,1
2026-09-09T22:54:24.464781750+00:00,1,0,0,1,1,1
2026-09-09T22:54:24.464785000+00:00,1,1,0,1,1,1
2026-09-09T22:54:24.464788750+00:00,1,0,0,1,1,1
2026-09-09T22:54:24.464792000+00:00,1,1,0,1,1,1
2026-09-09T22:54:24.464796000+00:00,1,0,0,1,1,1
2026-09-09T22:54:24.464798875+00:00,1,1,0,1,1,1
2026-09-09T22:54:24.464802875+00:00,1,0,0,1,1,1
2026-09-09T22:54:24.464806000+00:00,1,1,0,1,1,1
2026-09-09T22:54:24.464809875+00:00,1,0,0,1,1,1
2026-09-09T22:54:24.464812750+00:00,1,1,0,1,1,1
2026-09-09T22:54:24.464817000+00:00,1,0,0,1,1,1
2026-09-09T22:54:24.464820375+00:00,1,1,0,1,1,1
2026-09-09T22:54:24.464823875+00:00,1,0,0,1,1,1
2026-09-09T22:54:24.464826750+00:00,1,1,0,1,1,1
2026-09-09T22:54:24.464830625+00:00,1,0,0,1,1,1
2026-09-09T22:54:24.464833750+00:00,1,1,0,1,1,1
2026-09-09T22:54:24.464837625+00:00,1,0,0,1,1,1
2026-09-09T22:54:24.464840500+00:00,1,1,0,1,1,1
2026-09-09T22:54:24.464844625+00:00,1,0,0,1,1,1
2026-09-09T22:54:24.464847500+00:00,1,1,0,1,1,1
2026-09-09T22:54:24.464852000+00:00,1,0,0,1,1,1
2026-09-09T22:54:24.464854625+00:00,1,1,0,1,1,1
2026-09-09T22:54:24.464858500+00:00,1,0,0,1,1,1
2026-09-09T22:54:24.464861625+00:00,1,1,0,1,1,1
2026-09-09T22:54:24.464865500+00:00,1,0,0,1,1,1
2026-09-09T22:54:24.464868625+00:00,1,1,0,1,1,1
2026-09-09T22:54:24.464872500+00:00,1,0,0,1,1,1
2026-09-09T22:54:24.464875375+00:00,1,1,0,1,1,1
2026-09-09T22:54:24.464879500+00:00,1,0,0,1,1,1
2026-09-09T22:54:24.464882375+00:00,1,1,0,1,1,1
2026-09-09T22:54:24.464886625+00:00,1,0,0,1,1,1
2026-09-09T22:54:24.464889500+00:00,1,1,0,1,1,1
2026-09-09T22:54:24.464893250+00:00,1,0,0,1,1,1
2026-09-09T22:54:24.464896375+00:00,1,1,0,1,1,1
2026-09-09T22:54:24.464900375+00:00,1,0,0,1,1,1
2026-09-09T22:54:24.464903125+00:00,1,1,0,1,1,1
2026-09-09T22:54:24.464907750+00:00,1,0,0,1,1,1
2026-09-09T22:54:24.464910250+00:00,1,1,0,1,1,1
2026-09-09T22:54:24.464914500+00:00,1,0,0,1,1,1
2026-09-09T22:54:24.464917375+00:00,1,1,0,1,1,1
2026-09-09T22:54:24.464921250+00:00,1,0,0,1,1,1
2026-09-09T22:54:24.464924125+00:00,1,1,0,1,1,1
2026-09-09T22:54:24.464928375+00:00,1,0,0,1,1,1
2026-09-09T22:54:24.464931125+00:00,1,1,0,1,1,1
2026-09-09T22:54:24.464935000+00:00,1,0,0,1,1,1
2026-09-09T22:54:24.464938125+00:00,1,1,0,1,1,1
2026-09-09T22:54:24.464942125+00:00,1,0,0,1,1,1
2026-09-09T22:54:24.464945250+00:00,1,1,0,1,1,1
2026-09-09T22:54:24.464949125+00:00,1,0,0,1,1,1
2026-09-09T22:54:24.464952000+00:00,1,1,0,1,1,1
2026-09-09T22:54:24.464956250+00:00,1,0,1,1,1,1
2026-09-09T22:54:24.464959125+00:00,1,1,1,1,1,1
2026-09-09T22:54:24.464963375+00:00,1,0,0,1,1,1
2026-09-09T22:54:24.464965875+00:00,1,1,0,1,1,1
2026-09-09T22:54:24.464970125+00:00,1,0,0,1,1,1
2026-09-09T22:54:24.464973000+00:00,1,1,0,1,1,1
2026-09-09T22:54:24.464976750+00:00,1,0,0,1,1,1
2026-09-09T22:54:24.464980000+00:00,1,1,0,1,1,1
2026-09-09T22:54:24.464983875+00:00,1,0,0,1,1,1
2026-09-09T22:54:24.464986750+00:00,1,1,0,1,1,1
2026-09-09T22:54:24.464992375+00:00,1,0,0,1,1,1
2026-09-09T22:54:24.464994875+00:00,1,1,0,1,1,1
2026-09-09T22:54:24.464998625+00:00,1,0,0,1,1,1
2026-09-09T22:54:24.465001875+00:00,1,1,0,1,1,1
2026-09-09T22:54:24.465005750+00:00,1,0,0,1,1,1
2026-09-09T22:54:24.465008625+00:00,1,1,0,1,1,1
2026-09-09T22:54:24.465012750+00:00,1,0,0,1,1,1
2026-09-09T22:54:24.465015625+00:00,1,1,0,1,1,1
2026-09-09T22:54:24.465020000+00:00,1,0,0,1,1,1
2026-09-09T22:54:24.465022875+00:00,1,1,0,1,1,1
2026-09-09T22:54:24.465026750+00:00,1,0,0,1,1,1
2026-09-09T22:54:24.465029625+00:00,1,1,0,1,1,1
2026-09-09T22:54:24.465033875+00:00,1,0,0,1,1,1
2026-09-09T22:54:24.465036750+00:00,1,1,0,1,1,1
2026-09-09T22:54:24.465040500+00:00,1,0,0,1,1,1
2026-09-09T22:54:24.465043750+00:00,1,1,0,1,1,1
2026-09-09T22:54:24.465048125+00:00,1,0,0,1,1,1
2026-09-09T22:54:24.465050750+00:00,1,1,0,1,1,1
2026-09-09T22:54:24.465054625+00:00,1,0,1,1,1,1
2026-09-09T22:54:24.465057500+00:00,1,1,1,1,1,1
2026-09-09T22:54:24.465061750+00:00,1,0,1,1,1,1
2026-09-09T22:54:24.465064625+00:00,1,1,1,1,1,1
2026-09-09T22:54:24.465068625+00:00,1,0,0,1,1,1
2026-09-09T22:54:24.465071500+00:00,1,1,0,1,1,1
2026-09-09T22:54:24.465075625+00:00,1,0,0,1,1,1
2026-09-09T22:54:24.465079375+00:00,1,1,0,1,1,1
2026-09-09T22:54:24.465083625+00:00,1,0,0,1,1,1
2026-09-09T22:54:24.465086500+00:00,1,1,0,1,1,1
2026-09-09T22:54:24.465090375+00:00,1,0,0,1,1,1
2026-09-09T22:54:24.465093250+00:00,1,1,0,1,1,1
2026-09-09T22:54:24.465097375+00:00,1,0,0,1,1,1
2026-09-09T22:54:24.465100250+00:00,1,1,0,1,1,1
2026-09-09T22:54:24.465104375+00:00,1,0,0,1,1,1
2026-09-09T22:54:24.465107250+00:00,1,1,0,1,1,1
2026-09-09T22:54:24.465111500+00:00,1,0,0,1,1,1
2026-09-09T22:54:24.465114250+00:00,1,1,0,1,1,1
2026-09-09T22:54:24.465118125+00:00,1,0,0,1,1,1
2026-09-09T22:54:24.465121250+00:00,1,1,0,1,1,1
2026-09-09T22:54:24.465125125+00:00,1,0,0,1,1,1
2026-09-09T22:54:24.465128000+00:00,1,1,0,1,1,1
2026-09-09T22:54:24.465132500+00:00,1,0,0,1,1,1
2026-09-09T22:54:24.465135000+00:00,1,1,0,1,1,1
2026-09-09T22:54:24.465139125+00:00,1,0,0,1,1,1
2026-09-09T22:54:24.465142000+00:00,1,1,0,1,1,1
2026-09-09T22:54:24.465146125+00:00,1,0,0,1,1,1
2026-09-09T22:54:24.465149000+00:00,1,1,0,1,1,1
2026-09-09T22:54:24.465153125+00:00,1,0,0,1,1,1
2026-09-09T22:54:24.465156000+00:00,1,1,0,1,1,1
2026-09-09T22:54:24.465160125+00:00,1,0,0,1,1,1
2026-09-09T22:54:24.465162875+00:00,1,1,0,1,1,1
2026-09-09T22:54:24.465167875+00:00,1,0,0,1,1,1
2026-09-09T22:54:24.465171000+00:00,1,1,0,1,1,1
2026-09-09T22:54:24.465175000+00:00,1,0,0,1,1,1
2026-09-09T22:54:24.465177750+00:00,1,1,0,1,1,1
2026-09-09T22:54:24.465182000+00:00,1,0,0,1,1,1
2026-09-09T22:54:24.465184875+00:00,1,1,0,1,1,1
2026-09-09T22:54:24.465189125+00:00,1,0,0,1,1,1
2026-09-09T22:54:24.465192000+00:00,1,1,0,1,1,1
2026-09-09T22:54:24.465195875+00:00,1,0,0,1,1,1
2026-09-09T22:54:24.465198750+00:00,1,1,0,1,1,1
2026-09-09T22:54:24.465202875+00:00,1,0,0,1,1,1
2026-09-09T22:54:24.465205750+00:00,1,1,0,1,1,1
2026-09-09T22:54:24.465209500+00:00,1,0,0,1,1,1
2026-09-09T22:54:24.465212625+00:00,1,1,0,1,1,1
2026-09-09T22:54:24.465216500+00:00,1,0,0,1,1,1
2026-09-09T22:54:24.465219625+00:00,1,1,0,1,1,1
2026-09-09T22:54:24.465223500+00:00,1,0,0,1,1,1
2026-09-09T22:54:24.465226625+00:00,1,1,0,1,1,1
2026-09-09T22:54:24.465230500+00:00,1,0,0,1,1,1
2026-09-09T22:54:24.465233625+00:00,1,1,0,1,1,1
2026-09-09T22:54:24.465237500+00:00,1,0,0,1,1,1
2026-09-09T22:54:24.465240375+00:00,1,1,0,1,1,1
2026-09-09T22:54:24.465244875+00:00,1,0,0,1,1,1
2026-09-09T22:54:24.465247500+00:00,1,1,0,1,1,1
2026-09-09T22:54:24.465252750+00:00,1,0,0,1,1,1
2026-09-09T22:54:24.465255250+00:00,1,1,0,1,1,1
2026-09-09T22:54:24.465259500+00:00,1,0,0,1,1,1
2026-09-09T22:54:24.465262375+00:00,1,1,0,1,1,1
2026-09-09T22:54:24.465266250+00:00,1,0,0,1,1,1
2026-09-09T22:54:24.465269375+00:00,1,1,0,1,1,1
2026-09-09T22:54:24.465273250+00:00,1,0,0,1,1,1
2026-09-09T22:54:24.465276500+00:00,1,1,0,1,1,1
2026-09-09T22:54:24.465280375+00:00,1,0,0,1,1,1
2026-09-09T22:54:24.465283250+00:00,1,1,0,1,1,1
2026-09-09T22:54:24.465287500+00:00,1,0,0,1,1,1
2026-09-09T22:54:24.465290250+00:00,1,1,0,1,1,1
2026-09-09T22:54:24.465294250+00:00,1,0,0,1,1,1
2026-09-09T22:54:24.465297125+00:00,1,1,0,1,1,1
2026-09-09T22:54:24.465301625+00:00,1,0,0,1,1,1
2026-09-09T22:54:24.465304125+00:00,1,1,0,1,1,1
2026-09-09T22:54:24.465308250+00:00,1,0,0,1,1,1
2026-09-09T22:54:24.465311125+00:00,1,1,0,1,1,1
2026-09-09T22:54:24.465315375+00:00,1,0,0,1,1,1
2026-09-09T22:54:24.465318125+00:00,1,1,0,1,1,1
2026-09-09T22:54:24.465322125+00:00,1,0,0,1,1,1
2026-09-09T22:54:24.465325000+00:00,1,1,0,1,1,1
2026-09-09T22:54:24.465329250+00:00,1,0,0,1,1,1
2026-09-09T22:54:24.465332000+00:00,1,1,0,1,1,1
2026-09-09T22:54:24.465337250+00:00,1,0,0,1,1,1
2026-09-09T22:54:24.465340125+00:00,1,1,0,1,1,1
2026-09-09T22:54:24.465343875+00:00,1,0,0,1,1,1
2026-09-09T22:54:24.465347125+00:00,1,1,0,1,1,1
2026-09-09T22:54:24.465350875+00:00,1,0,0,1,1,1
2026-09-09T22:54:24.465354000+00:00,1,1,0,1,1,1
2026-09-09T22:54:24.465358250+00:00,1,0,0,1,1,1
2026-09-09T22:54:24.465360750+00:00,1,1,0,1,1,1
2026-09-09T22:54:24.465364875+00:00,1,0,0,1,1,1
2026-09-09T22:54:24.465367750+00:00,1,1,0,1,1,1
2026-09-09T22:54:24.465372000+00:00,1,0,0,1,1,1
2026-09-09T22:54:24.465374875+00:00,1,1,0,1,1,1
2026-09-09T22:54:24.465378750+00:00,1,0,0,1,1,1
2026-09-09T22:54:24.465381625+00:00,1,1,0,1,1,1
2026-09-09T22:54:24.465385875+00:00,1,0,0,1,1,1
2026-09-09T22:54:24.465388750+00:00,1,1,0,1,1,1
2026-09-09T22:54:24.465392625+00:00,1,0,0,1,1,1
2026-09-09T22:54:24.465395750+00:00,1,1,0,1,1,1
2026-09-09T22:54:24.465399625+00:00,1,0,0,1,1,1
2026-09-09T22:54:24.465402750+00:00,1,1,0,1,1,1
2026-09-09T22:54:24.465406625+00:00,1,0,0,1,1,1
2026-09-09T22:54:24.465409500+00:00,1,1,0,1,1,1
2026-09-09T22:54:24.465414125+00:00,1,0,0,1,1,1
2026-09-09T22:54:24.465416625+00:00,1,1,0,1,1,1
2026-09-09T22:54:24.465420500+00:00,1,0,0,1,1,1
2026-09-09T22:54:24.465424500+00:00,1,1,0,1,1,1
2026-09-09T22:54:24.465428375+00:00,1,0,0,1,1,1
2026-09-09T22:54:24.465431500+00:00,1,1,0,1,1,1
2026-09-09T22:54:24.465435375+00:00,1,0,0,1,1,1
2026-09-09T22:54:24.465438500+00:00,1,1,0,1,1,1
2026-09-09T22:54:24.465442375+00:00,1,0,0,1,1,1
2026-09-09T22:54:24.465445500+00:00,1,1,0,1,1,1
2026-09-09T22:54:24.465449250+00:00,1,0,0,1,1,1
2026-09-09T22:54:24.465452500+00:00,1,1,0,1,1,1
2026-09-09T22:54:24.465456375+00:00,1,0,0,1,1,1
2026-09-09T22:54:24.465459250+00:00,1,1,0,1,1,1
2026-09-09T22:54:24.465463375+00:00,1,0,0,1,1,1
2026-09-09T22:54:24.465466250+00:00,1,1,0,1,1,1
2026-09-09T22:54:24.465470750+00:00,1,0,0,1,1,1
2026-09-09T22:54:24.465473250+00:00,1,1,0,1,1,1
2026-09-09T22:54:24.465477125+00:00,1,0,0,1,1,1
2026-09-09T22:54:24.465480250+00:00,1,1,0,1,1,1
2026-09-09T22:54:24.465484250+00:00,1,0,0,1,1,1
2026-09-09T22:54:24.465487375+00:00,1,1,0,1,1,1
2026-09-09T22:54:24.465491125+00:00,1,0,0,1,1,1
2026-09-09T22:54:24.465494000+00:00,1,1,0,1,1,1
2026-09-09T22:54:24.465498250+00:00,1,0,0,1,1,1
2026-09-09T22:54:24.465501125+00:00,1,1,0,1,1,1
2026-09-09T22:54:24.465505375+00:00,1,0,0,1,1,1
2026-09-09T22:54:24.465508125+00:00,1,1,0,1,1,1
2026-09-09T22:54:24.465513125+00:00,1,0,0,1,1,1
2026-09-09T22:54:24.465516000+00:00,1,1,0,1,1,1
2026-09-09T22:54:24.465520250+00:00,1,0,0,1,1,1
2026-09-09T22:54:24.465523125+00:00,1,1,0,1,1,1
2026-09-09T22:54:24.465527375+00:00,1,0,0,1,1,1
2026-09-09T22:54:24.465529875+00:00,1,1,0,1,1,1
2026-09-09T22:54:24.465534125+00:00,1,0,0,1,1,1
2026-09-09T22:54:24.465536875+00:00,1,1,0,1,1,1
2026-09-09T22:54:24.465540875+00:00,1,0,0,1,1,1
2026-09-09T22:54:24.465544000+00:00,1,1,0,1,1,1
2026-09-09T22:54:24.465547750+00:00,1,0,0,1,1,1
2026-09-09T22:54:24.465551000+00:00,1,1,0,1,1,1
2026-09-09T22:54:24.465554750+00:00,1,0,0,1,1,1
2026-09-09T22:54:24.465558000+00:00,1,1,0,1,1,1
2026-09-09T22:54:24.465561875+00:00,1,0,0,1,1,1
2026-09-09T22:54:24.465564750+00:00,1,1,0,1,1,1
2026-09-09T22:54:24.465568875+00:00,1,0,0,1,1,1
2026-09-09T22:54:24.465571625+00:00,1,1,0,1,1,1
2026-09-09T22:54:24.465575875+00:00,1,0,0,1,1,1
2026-09-09T22:54:24.465578750+00:00,1,1,0,1,1,1
2026-09-09T22:54:24.465582875+00:00,1,0,0,1,1,1
2026-09-09T22:54:24.465585750+00:00,1,1,0,1,1,1
2026-09-09T22:54:24.465589625+00:00,1,0,0,1,1,1
2026-09-09T22:54:24.465592750+00:00,1,1,0,1,1,1
2026-09-09T22:54:24.465598250+00:00,1,0,0,1,1,1
2026-09-09T22:54:24.465600750+00:00,1,1,0,1,1,1
2026-09-09T22:54:24.465604625+00:00,1,0,0,1,1,1
2026-09-09T22:54:24.465607500+00:00,1,1,0,1,1,1
2026-09-09T22:54:24.465611750+00:00,1,0,0,1,1,1
2026-09-09T22:54:24.465614625+00:00,1,1,0,1,1,1
2026-09-09T22:54:24.465618375+00:00,1,0,0,1,1,1
2026-09-09T22:54:24.465621625+00:00,1,1,0,1,1,1
2026-09-09T22:54:24.465625375+00:00,1,0,0,1,1,1
2026-09-09T22:54:24.465628500+00:00,1,1,0,1,1,1
2026-09-09T22:54:24.465632500+00:00,1,0,0,1,1,1
2026-09-09T22:54:24.465635250+00:00,1,1,0,1,1,1
2026-09-09T22:54:24.465639875+00:00,1,0,0,1,1,1
2026-09-09T22:54:24.465642375+00:00,1,1,0,1,1,1
2026-09-09T22:54:24.465646250+00:00,1,0,0,1,1,1
2026-09-09T22:54:24.465649500+00:00,1,1,0,1,1,1
2026-09-09T22:54:24.465653375+00:00,1,0,0,1,1,1
2026-09-09T22:54:24.465656250+00:00,1,1,0,1,1,1
2026-09-09T22:54:24.465660500+00:00,1,0,0,1,1,1
2026-09-09T22:54:24.465663250+00:00,1,1,0,1,1,1
2026-09-09T22:54:24.465667125+00:00,1,0,0,1,1,1
2026-09-09T22:54:24.465670250+00:00,1,1,0,1,1,1
2026-09-09T22:54:24.465674000+00:00,1,0,0,1,1,1
2026-09-09T22:54:24.465677250+00:00,1,1,0,1,1,1
2026-09-09T22:54:24.465681000+00:00,1,0,0,1,1,1
2026-09-09T22:54:24.465685250+00:00,1,1,0,1,1,1
2026-09-09T22:54:24.465689000+00:00,1,0,0,1,1,1
2026-09-09T22:54:24.465692125+00:00,1,1,0,1,1,1
2026-09-09T22:54:24.465696250+00:00,1,0,0,1,1,1
2026-09-09T22:54:24.465699125+00:00,1,1,0,1,1,1
2026-09-09T22:54:24.465703000+00:00,1,0,0,1,1,1
2026-09-09T22:54:24.465706250+00:00,1,1,0,1,1,1
2026-09-09T22:54:24.465710000+00:00,1,0,0,1,1,1
2026-09-09T22:54:24.465713125+00:00,1,1,0,1,1,1
2026-09-09T22:54:24.465717125+00:00,1,0,0,1,1,1
2026-09-09T22:54:24.465719875+00:00,1,1,0,1,1,1
2026-09-09T22:54:24.465724000+00:00,1,0,0,1,1,1
2026-09-09T22:54:24.465726875+00:00,1,1,0,1,1,1
2026-09-09T22:54:24.465731125+00:00,1,0,0,1,1,1
2026-09-09T22:54:24.465734000+00:00,1,1,0,1,1,1
2026-09-09T22:54:24.465737875+00:00,1,0,0,1,1,1
2026-09-09T22:54:24.465740750+00:00,1,1,0,1,1,1
2026-09-09T22:54:24.465745000+00:00,1,0,0,1,1,1
2026-09-09T22:54:24.465747875+00:00,1,1,0,1,1,1
2026-09-09T22:54:24.465752000+00:00,1,0,0,1,1,1
2026-09-09T22:54:24.465754750+00:00,1,1,0,1,1,1
2026-09-09T22:54:24.465758625+00:00,1,0,0,1,1,1
2026-09-09T22:54:24.465761750+00:00,1,1,0,1,1,1
2026-09-09T22:54:24.465765625+00:00,1,0,0,1,1,1
2026-09-09T22:54:24.465769875+00:00,1,1,0,1,1,1
2026-09-09T22:54:24.465773625+00:00,1,0,0,1,1,1
2026-09-09T22:54:24.465776500+00:00,1,1,0,1,1,1
2026-09-09T22:54:24.465780750+00:00,1,0,0,1,1,1
2026-09-09T22:54:24.465783625+00:00,1,1,0,1,1,1
2026-09-09T22:54:24.465787750+00:00,1,0,0,1,1,1
2026-09-09T22:54:24.465790625+00:00,1,1,0,1,1,1
2026-09-09T22:54:24.465794500+00:00,1,0,0,1,1,1
2026-09-09T22:54:24.465797625+00:00,1,1,0,1,1,1
2026-09-09T22:54:24.465801500+00:00,1,0,0,1,1,1
2026-09-09T22:54:24.465804625+00:00,1,1,0,1,1,1
2026-09-09T22:54:24.465808750+00:00,1,0,1,1,1,1
2026-09-09T22:54:24.465811625+00:00,1,1,1,1,1,1
2026-09-09T22:54:24.465815625+00:00,1,0,0,1,1,1
2026-09-09T22:54:24.465818375+00:00,1,1,0,1,1,1
2026-09-09T22:54:24.465822375+00:00,1,0,0,1,1,1
2026-09-09T22:54:24.465825500+00:00,1,1,0,1,1,1
2026-09-09T22:54:24.465829500+00:00,1,0,0,1,1,1
2026-09-09T22:54:24.465832250+00:00,1,1,0,1,1,1
2026-09-09T22:54:24.465836375+00:00,1,0,0,1,1,1
2026-09-09T22:54:24.465839250+00:00,1,1,0,1,1,1
2026-09-09T22:54:24.465843375+00:00,1,0,0,1,1,1
2026-09-09T22:54:24.465846250+00:00,1,1,0,1,1,1
2026-09-09T22:54:24.465850375+00:00,1,0,0,1,1,1
2026-09-09T22:54:24.465853125+00:00,1,1,0,1,1,1
2026-09-09T22:54:24.465857500+00:00,1,0,0,1,1,1
2026-09-09T22:54:24.465860000+00:00,1,1,0,1,1,1
2026-09-09T22:54:24.465864500+00:00,1,0,0,1,1,1
2026-09-09T22:54:24.465867375+00:00,1,1,0,1,1,1
2026-09-09T22:54:24.465871250+00:00,1,0,0,1,1,1
2026-09-09T22:54:24.465874125+00:00,1,1,0,1,1,1
2026-09-09T22:54:24.465878250+00:00,1,0,0,1,1,1
2026-09-09T22:54:24.465881000+00:00,1,1,0,1,1,1
2026-09-09T22:54:24.465885250+00:00,1,0,0,1,1,1
2026-09-09T22:54:24.465888125+00:00,1,1,0,1,1,1
2026-09-09T22:54:24.465891875+00:00,1,0,0,1,1,1
2026-09-09T22:54:24.465895125+00:00,1,1,0,1,1,1
2026-09-09T22:54:24.465898875+00:00,1,0,0,1,1,1
2026-09-09T22:54:24.465902000+00:00,1,1,0,1,1,1
2026-09-09T22:54:24.465906000+00:00,1,0,0,1,1,1
2026-09-09T22:54:24.465908875+00:00,1,1,0,1,1,1
2026-09-09T22:54:24.465913000+00:00,1,0,0,1,1,1
2026-09-09T22:54:24.465915750+00:00,1,1,0,1,1,1
2026-09-09T22:54:24.465920375+00:00,1,0,0,1,1,1
2026-09-09T22:54:24.465922875+00:00,1,1,0,1,1,1
2026-09-09T22:54:24.465926625+00:00,1,0,0,1,1,1
2026-09-09T22:54:24.465928875+00:00,1,1,0,1,1,1
2026-09-09T22:54:24.465932625+00:00,1,0,1,1,1,1
2026-09-09T22:54:24.465935875+00:00,1,1,1,1,1,1
2026-09-09T22:54:24.465939625+00:00,1,0,1,1,1,1
2026-09-09T22:54:24.465939750+00:00,1,0,0,1,1,1
2026-09-09T22:54:24.465943000+00:00,1,1,0,1,1,1
2026-09-09T22:54:24.465946875+00:00,1,0,1,1,1,1
2026-09-09T22:54:24.465949625+00:00,1,1,1,1,1,1
2026-09-09T22:54:24.465954000+00:00,1,0,0,1,1,1
2026-09-09T22:54:24.465956875+00:00,1,1,0,1,1,1
2026-09-09T22:54:24.465960750+00:00,1,0,0,1,1,1
2026-09-09T22:54:24.465963625+00:00,1,1,0,1,1,1
2026-09-09T22:54:24.465967750+00:00,1,0,1,1,1,1
2026-09-09T22:54:24.465970625+00:00,1,1,1,1,1,1
2026-09-09T22:54:24.465975125+00:00,1,0,1,1,1,1
2026-09-09T22:54:24.465977625+00:00,1,1,1,1,1,1
2026-09-09T22:54:24.465981625+00:00,1,0,1,1,1,1
2026-09-09T22:54:24.465984375+00:00,1,1,1,1,1,1
2026-09-09T22:54:24.465988625+00:00,1,0,1,1,1,1
2026-09-09T22:54:24.465991500+00:00,1,1,1,1,1,1
2026-09-09T22:54:24.465995375+00:00,1,0,0,1,1,1
2026-09-09T22:54:24.465998500+00:00,1,1,0,1,1,1
2026-09-09T22:54:24.466002500+00:00,1,0,1,1,1,1
2026-09-09T22:54:24.466005375+00:00,1,1,1,1,1,1
2026-09-09T22:54:24.466009500+00:00,1,0,1,1,1,1
2026-09-09T22:54:24.466012375+00:00,1,1,1,1,1,1
2026-09-09T22:54:24.466016375+00:00,1,0,0,1,1,1
2026-09-09T22:54:24.466019500+00:00,1,1,0,1,1,1
2026-09-09T22:54:24.466023500+00:00,1,0,1,1,1,1
2026-09-09T22:54:24.466026375+00:00,1,1,1,1,1,1
2026-09-09T22:54:24.466031500+00:00,1,0,0,1,1,1
2026-09-09T22:54:24.466034250+00:00,1,1,0,1,1,1
2026-09-09T22:54:24.466038125+00:00,1,0,0,1,1,1
2026-09-09T22:54:24.466041375+00:00,1,1,0,1,1,1
2026-09-09T22:54:24.466045375+00:00,1,0,0,1,1,1
2026-09-09T22:54:24.466048250+00:00,1,1,0,1,1,1
2026-09-09T22:54:24.466052125+00:00,1,0,1,1,1,1
2026-09-09T22:54:24.466055250+00:00,1,1,1,1,1,1
2026-09-09T22:54:24.466059250+00:00,1,0,0,1,1,1
2026-09-09T22:54:24.466062000+00:00,1,1,0,1,1,1
2026-09-09T22:54:24.466066125+00:00,1,0,0,1,1,1
2026-09-09T22:54:24.466066250+00:00,1,0,1,1,1,1
2026-09-09T22:54:24.466069000+00:00,1,1,1,1,1,1
2026-09-09T22:54:24.466073250+00:00,1,0,0,1,1,1
2026-09-09T22:54:24.466076125+00:00,1,1,0,1,1,1
2026-09-09T22:54:24.466079875+00:00,1,0,1,1,1,1
2026-09-09T22:54:24.466083000+00:00,1,1,1,1,1,1
2026-09-09T22:54:24.466087375+00:00,1,0,0,1,1,1
2026-09-09T22:54:24.466089875+00:00,1,1,0,1,1,1
2026-09-09T22:54:24.466094000+00:00,1,0,0,1,1,1
2026-09-09T22:54:24.466096875+00:00,1,1,0,1,1,1
2026-09-09T22:54:24.466101000+00:00,1,0,0,1,1,1
2026-09-09T22:54:24.466103875+00:00,1,1,0,1,1,1
2026-09-09T22:54:24.466108000+00:00,1,0,0,1,1,1
2026-09-09T22:54:24.466110875+00:00,1,1,0,1,1,1
2026-09-09T22:54:24.466116125+00:00,1,0,0,1,1,1
2026-09-09T22:54:24.466119000+00:00,1,1,0,1,1,1
2026-09-09T22:54:24.466122750+00:00,1,0,1,1,1,1
2026-09-09T22:54:24.466126000+00:00,1,1,1,1,1,1
2026-09-09T22:54:24.466129875+00:00,1,0,0,1,1,1
2026-09-09T22:54:24.466132625+00:00,1,1,0,1,1,1
2026-09-09T22:54:24.466136875+00:00,1,0,0,1,1,1
2026-09-09T22:54:24.466139750+00:00,1,1,0,1,1,1
2026-09-09T22:54:24.466144000+00:00,1,0,0,1,1,1
2026-09-09T22:54:24.466146750+00:00,1,1,0,1,1,1
2026-09-09T22:54:24.466150625+00:00,1,0,1,1,1,1
2026-09-09T22:54:24.466153750+00:00,1,1,1,1,1,1
2026-09-09T22:54:24.466157625+00:00,1,0,1,1,1,1
2026-09-09T22:54:24.466160500+00:00,1,1,1,1,1,1
2026-09-09T22:54:24.466164625+00:00,1,0,1,1,1,1
2026-09-09T22:54:24.466167500+00:00,1,1,1,1,1,1
2026-09-09T22:54:24.466171750+00:00,1,0,1,1,1,1
2026-09-09T22:54:24.466174625+00:00,1,1,1,1,1,1
2026-09-09T22:54:24.466178500+00:00,1,0,1,1,1,1
2026-09-09T22:54:24.466181375+00:00,1,1,1,1,1,1
2026-09-09T22:54:24.466185500+00:00,1,0,0,1,1,1
2026-09-09T22:54:24.466188375+00:00,1,1,0,1,1,1
2026-09-09T22:54:24.466192625+00:00,1,0,1,1,1,1
2026-09-09T22:54:24.466195500+00:00,1,1,1,1,1,1
2026-09-09T22:54:24.466201000+00:00,1,0,0,1,1,1
2026-09-09T22:54:24.466203250+00:00,1,1,0,1,1,1
2026-09-09T22:54:24.466207375+00:00,1,0,0,1,1,1
2026-09-09T22:54:24.466207500+00:00,1,0,1,1,1,1
2026-09-09T22:54:24.466210250+00:00,1,1,1,1,1,1
2026-09-09T22:54:24.466214375+00:00,1,0,0,1,1,1
2026-09-09T22:54:24.466217250+00:00,1,1,0,1,1,1
2026-09-09T22:54:24.466221500+00:00,1,0,1,1,1,1
2026-09-09T22:54:24.466224375+00:00,1,1,1,1,1,1
2026-09-09T22:54:24.466228125+00:00,1,0,0,1,1,1
2026-09-09T22:54:24.466231250+00:00,1,1,0,1,1,1
2026-09-09T22:54:24.466235250+00:00,1,0,0,1,1,1
2026-09-09T22:54:24.466238125+00:00,1,1,0,1,1,1
2026-09-09T22:54:24.466242375+00:00,1,0,0,1,1,1
2026-09-09T22:54:24.466242500+00:00,1,0,1,1,1,1
2026-09-09T22:54:24.466245250+00:00,1,1,1,1,1,1
2026-09-09T22:54:24.466249250+00:00,1,0,1,1,1,1
2026-09-09T22:54:24.466252125+00:00,1,1,1,1,1,1
2026-09-09T22:54:24.466256375+00:00,1,0,0,1,1,1
2026-09-09T22:54:24.466258875+00:00,1,1,0,1,1,1
2026-09-09T22:54:24.466263125+00:00,1,0,1,1,1,1
2026-09-09T22:54:24.466266000+00:00,1,1,1,1,1,1
2026-09-09T22:54:24.466270125+00:00,1,0,0,1,1,1
2026-09-09T22:54:24.466273000+00:00,1,1,0,1,1,1
2026-09-09T22:54:24.466277250+00:00,1,0,0,1,1,1
2026-09-09T22:54:24.466280125+00:00,1,1,0,1,1,1
2026-09-09T22:54:24.466284000+00:00,1,0,0,1,1,1
2026-09-09T22:54:24.466287750+00:00,1,1,0,1,1,1
2026-09-09T22:54:24.466291875+00:00,1,0,1,1,1,1
2026-09-09T22:54:24.466295000+00:00,1,1,1,1,1,1
2026-09-09T22:54:24.466299000+00:00,1,0,0,1,1,1
2026-09-09T22:54:24.466301875+00:00,1,1,0,1,1,1
2026-09-09T22:54:24.466305750+00:00,1,0,0,1,1,1
2026-09-09T22:54:24.466308875+00:00,1,1,0,1,1,1
2026-09-09T22:54:24.466313125+00:00,1,0,0,1,1,1
2026-09-09T22:54:24.466315875+00:00,1,1,0,1,1,1
2026-09-09T22:54:24.466319875+00:00,1,0,1,1,1,1
2026-09-09T22:54:24.466322750+00:00,1,1,1,1,1,1
2026-09-09T22:54:24.466327000+00:00,1,0,0,1,1,1
2026-09-09T22:54:24.466329875+00:00,1,1,0,1,1,1
2026-09-09T22:54:24.466333750+00:00,1,0,0,1,1,1
2026-09-09T22:54:24.466336625+00:00,1,1,0,1,1,1
2026-09-09T22:54:24.466340875+00:00,1,0,0,1,1,1
2026-09-09T22:54:24.466343750+00:00,1,1,0,1,1,1
2026-09-09T22:54:24.466347500+00:00,1,0,0,1,1,1
2026-09-09T22:54:24.466350625+00:00,1,1,0,1,1,1
2026-09-09T22:54:24.466354500+00:00,1,0,1,1,1,1
2026-09-09T22:54:24.466357625+00:00,1,1,1,1,1,1
2026-09-09T22:54:24.466361625+00:00,1,0,1,1,1,1
2026-09-09T22:54:24.466364500+00:00,1,1,1,1,1,1
2026-09-09T22:54:24.466368625+00:00,1,0,1,1,1,1
2026-09-09T22:54:24.466368750+00:00,1,0,0,1,1,1
2026-09-09T22:54:24.466371500+00:00,1,1,0,1,1,1
2026-09-09T22:54:24.466376500+00:00,1,0,1,1,1,1
2026-09-09T22:54:24.466379375+00:00,1,1,1,1,1,1
2026-09-09T22:54:24.466383625+00:00,1,0,0,1,1,1
2026-09-09T22:54:24.466386500+00:00,1,1,0,1,1,1
2026-09-09T22:54:24.466390375+00:00,1,0,0,1,1,1
2026-09-09T22:54:24.466393500+00:00,1,1,0,1,1,1
2026-09-09T22:54:24.466397375+00:00,1,0,0,1,1,1
2026-09-09T22:54:24.466400250+00:00,1,1,0,1,1,1
2026-09-09T22:54:24.466404375+00:00,1,0,0,1,1,1
2026-09-09T22:54:24.466407125+00:00,1,1,0,1,1,1
2026-09-09T22:54:24.466411375+00:00,1,0,0,1,1,1
2026-09-09T22:54:24.466414250+00:00,1,1,0,1,1,1
2026-09-09T22:54:24.466418125+00:00,1,0,0,1,1,1
2026-09-09T22:54:24.466418250+00:00,1,0,1,1,1,1
2026-09-09T22:54:24.466421375+00:00,1,1,1,1,1,1
2026-09-09T22:54:24.466425625+00:00,1,0,0,1,1,1
2026-09-09T22:54:24.466428125+00:00,1,1,0,1,1,1
2026-09-09T22:54:24.466432250+00:00,1,0,1,1,1,1
2026-09-09T22:54:24.466435125+00:00,1,1,1,1,1,1
2026-09-09T22:54:24.466439000+00:00,1,0,0,1,1,1
2026-09-09T22:54:24.466442250+00:00,1,1,0,1,1,1
2026-09-09T22:54:24.466446000+00:00,1,0,1,1,1,1
2026-09-09T22:54:24.466449125+00:00,1,1,1,1,1,1
2026-09-09T22:54:24.466453125+00:00,1,0,0,1,1,1
2026-09-09T22:54:24.466455875+00:00,1,1,0,1,1,1
2026-09-09T22:54:24.466461250+00:00,1,0,0,1,1,1
2026-09-09T22:54:24.466464125+00:00,1,1,0,1,1,1
2026-09-09T22:54:24.466468000+00:00,1,0,1,1,1,1
2026-09-09T22:54:24.466470875+00:00,1,1,1,1,1,1
2026-09-09T22:54:24.466475125+00:00,1,0,0,1,1,1
2026-09-09T22:54:24.466477875+00:00,1,1,0,1,1,1
2026-09-09T22:54:24.466482000+00:00,1,0,0,1,1,1
2026-09-09T22:54:24.466484875+00:00,1,1,0,1,1,1
2026-09-09T22:54:24.466489125+00:00,1,0,1,1,1,1
2026-09-09T22:54:24.466492000+00:00,1,1,1,1,1,1
2026-09-09T22:54:24.466495750+00:00,1,0,1,1,1,1
2026-09-09T22:54:24.466495875+00:00,1,0,0,1,1,1
2026-09-09T22:54:24.466499000+00:00,1,1,0,1,1,1
2026-09-09T22:54:24.466502750+00:00,1,0,0,1,1,1
2026-09-09T22:54:24.466506000+00:00,1,1,0,1,1,1
2026-09-09T22:54:24.466509875+00:00,1,0,0,1,1,1
2026-09-09T22:54:24.466512750+00:00,1,1,0,1,1,1
2026-09-09T22:54:24.466516875+00:00,1,0,1,1,1,1
2026-09-09T22:54:24.466519625+00:00,1,1,1,1,1,1
2026-09-09T22:54:24.466524000+00:00,1,0,0,1,1,1
2026-09-09T22:54:24.466526875+00:00,1,1,0,1,1,1
2026-09-09T22:54:24.466530625+00:00,1,0,0,1,1,1
2026-09-09T22:54:24.466533750+00:00,1,1,0,1,1,1
2026-09-09T22:54:24.466538000+00:00,1,0,0,1,1,1
2026-09-09T22:54:24.466540500+00:00,1,1,0,1,1,1
2026-09-09T22:54:24.466546125+00:00,1,0,0,1,1,1
2026-09-09T22:54:24.466548625+00:00,1,1,0,1,1,1
2026-09-09T22:54:24.466552625+00:00,1,0,1,1,1,1
2026-09-09T22:54:24.466555500+00:00,1,1,1,1,1,1
2026-09-09T22:54:24.466559750+00:00,1,0,0,1,1,1
2026-09-09T22:54:24.466562625+00:00,1,1,0,1,1,1
2026-09-09T22:54:24.466566500+00:00,1,0,0,1,1,1
2026-09-09T22:54:24.466569375+00:00,1,1,0,1,1,1
2026-09-09T22:54:24.466573625+00:00,1,0,0,1,1,1
2026-09-09T22:54:24.466576500+00:00,1,1,0,1,1,1
2026-09-09T22:54:24.466580375+00:00,1,0,0,1,1,1
2026-09-09T22:54:24.466583250+00:00,1,1,0,1,1,1
2026-09-09T22:54:24.466587375+00:00,1,0,0,1,1,1
2026-09-09T22:54:24.466590250+00:00,1,1,0,1,1,1
2026-09-09T22:54:24.466594625+00:00,1,0,0,1,1,1
2026-09-09T22:54:24.466597125+00:00,1,1,0,1,1,1
2026-09-09T22:54:24.466601250+00:00,1,0,0,1,1,1
2026-09-09T22:54:24.466604125+00:00,1,1,0,1,1,1
2026-09-09T22:54:24.466608375+00:00,1,0,1,1,1,1
2026-09-09T22:54:24.466611250+00:00,1,1,1,1,1,1
2026-09-09T22:54:24.466615125+00:00,1,0,0,1,1,1
2026-09-09T22:54:24.466618250+00:00,1,1,0,1,1,1
2026-09-09T22:54:24.466622125+00:00,1,0,0,1,1,1
2026-09-09T22:54:24.466625250+00:00,1,1,0,1,1,1
2026-09-09T22:54:24.466629125+00:00,1,0,0,1,1,1
2026-09-09T22:54:24.466633125+00:00,1,1,0,1,1,1
2026-09-09T22:54:24.466636875+00:00,1,0,0,1,1,1
2026-09-09T22:54:24.466640125+00:00,1,1,0,1,1,1
2026-09-09T22:54:24.466644000+00:00,1,0,0,1,1,1
2026-09-09T22:54:24.466647125+00:00,1,1,0,1,1,1
2026-09-09T22:54:24.466651250+00:00,1,0,0,1,1,1
2026-09-09T22:54:24.466654125+00:00,1,1,0,1,1,1
2026-09-09T22:54:24.466658125+00:00,1,0,0,1,1,1
2026-09-09T22:54:24.466660875+00:00,1,1,0,1,1,1
2026-09-09T22:54:24.466665125+00:00,1,0,1,1,1,1
2026-09-09T22:54:24.466668000+00:00,1,1,1,1,1,1
2026-09-09T22:54:24.466671875+00:00,1,0,0,1,1,1
2026-09-09T22:54:24.466675000+00:00,1,1,0,1,1,1
2026-09-09T22:54:24.466679000+00:00,1,0,0,1,1,1
2026-09-09T22:54:24.466681750+00:00,1,1,0,1,1,1
2026-09-09T22:54:24.466686000+00:00,1,0,0,1,1,1
2026-09-09T22:54:24.466688875+00:00,1,1,0,1,1,1
2026-09-09T22:54:24.466692750+00:00,1,0,0,1,1,1
2026-09-09T22:54:24.466695875+00:00,1,1,0,1,1,1
2026-09-09T22:54:24.466699750+00:00,1,0,0,1,1,1
2026-09-09T22:54:24.466702625+00:00,1,1,0,1,1,1
2026-09-09T22:54:24.466707125+00:00,1,0,0,1,1,1
2026-09-09T22:54:24.466709625+00:00,1,1,0,1,1,1
2026-09-09T22:54:24.466713750+00:00,1,0,0,1,1,1
2026-09-09T22:54:24.466716625+00:00,1,1,0,1,1,1
2026-09-09T22:54:24.466720875+00:00,1,0,1,1,1,1
2026-09-09T22:54:24.466723750+00:00,1,1,1,1,1,1
2026-09-09T22:54:24.466727625+00:00,1,0,0,1,1,1
2026-09-09T22:54:24.466730500+00:00,1,1,0,1,1,1
2026-09-09T22:54:24.466734750+00:00,1,0,0,1,1,1
2026-09-09T22:54:24.466737500+00:00,1,1,0,1,1,1
2026-09-09T22:54:24.466741500+00:00,1,0,0,1,1,1
2026-09-09T22:54:24.466744625+00:00,1,1,0,1,1,1
2026-09-09T22:54:24.466748375+00:00,1,0,0,1,1,1
2026-09-09T22:54:24.466751625+00:00,1,1,0,1,1,1
2026-09-09T22:54:24.466755375+00:00,1,0,0,1,1,1
2026-09-09T22:54:24.466758500+00:00,1,1,0,1,1,1
2026-09-09T22:54:24.466762625+00:00,1,0,0,1,1,1
2026-09-09T22:54:24.466765500+00:00,1,1,0,1,1,1
2026-09-09T22:54:24.466769375+00:00,1,0,0,1,1,1
2026-09-09T22:54:24.466772250+00:00,1,1,0,1,1,1
2026-09-09T22:54:24.466776375+00:00,1,0,1,1,1,1
2026-09-09T22:54:24.466779250+00:00,1,1,1,1,1,1
2026-09-09T22:54:24.466783375+00:00,1,0,0,1,1,1
2026-09-09T22:54:24.466786250+00:00,1,1,0,1,1,1
2026-09-09T22:54:24.466790375+00:00,1,0,0,1,1,1
2026-09-09T22:54:24.466793250+00:00,1,1,0,1,1,1
2026-09-09T22:54:24.466797500+00:00,1,0,0,1,1,1
2026-09-09T22:54:24.466800375+00:00,1,1,0,1,1,1
2026-09-09T22:54:24.466805500+00:00,1,0,0,1,1,1
2026-09-09T22:54:24.466808000+00:00,1,1,0,1,1,1
2026-09-09T22:54:24.466812125+00:00,1,0,0,1,1,1
2026-09-09T22:54:24.466815000+00:00,1,1,0,1,1,1
2026-09-09T22:54:24.466819500+00:00,1,0,0,1,1,1
2026-09-09T22:54:24.466822125+00:00,1,1,0,1,1,1
2026-09-09T22:54:24.466826250+00:00,1,0,1,1,1,1
2026-09-09T22:54:24.466829000+00:00,1,1,1,1,1,1
2026-09-09T22:54:24.466833250+00:00,1,0,0,1,1,1
2026-09-09T22:54:24.466836125+00:00,1,1,0,1,1,1
2026-09-09T22:54:24.466840000+00:00,1,0,0,1,1,1
2026-09-09T22:54:24.466843125+00:00,1,1,0,1,1,1
2026-09-09T22:54:24.466847000+00:00,1,0,0,1,1,1
2026-09-09T22:54:24.466850125+00:00,1,1,0,1,1,1
2026-09-09T22:54:24.466853875+00:00,1,0,1,1,1,1
2026-09-09T22:54:24.466857125+00:00,1,1,1,1,1,1
2026-09-09T22:54:24.466861125+00:00,1,0,1,1,1,1
2026-09-09T22:54:24.466863875+00:00,1,1,1,1,1,1
2026-09-09T22:54:24.466867750+00:00,1,0,0,1,1,1
2026-09-09T22:54:24.466871000+00:00,1,1,0,1,1,1
2026-09-09T22:54:24.466875250+00:00,1,0,0,1,1,1
2026-09-09T22:54:24.466877750+00:00,1,1,0,1,1,1
2026-09-09T22:54:24.466882125+00:00,1,0,1,1,1,1
2026-09-09T22:54:24.466884875+00:00,1,1,1,1,1,1
2026-09-09T22:54:24.466888875+00:00,1,0,0,1,1,1
2026-09-09T22:54:24.466892250+00:00,1,1,0,1,1,1
2026-09-09T22:54:24.466895750+00:00,1,0,0,1,1,1
2026-09-09T22:54:24.466898625+00:00,1,1,0,1,1,1
2026-09-09T22:54:24.466902750+00:00,1,0,0,1,1,1
2026-09-09T22:54:24.466905625+00:00,1,1,0,1,1,1
2026-09-09T22:54:24.466909875+00:00,1,0,0,1,1,1
2026-09-09T22:54:24.466912750+00:00,1,1,0,1,1,1
2026-09-09T22:54:24.466916500+00:00,1,0,0,1,1,1
2026-09-09T22:54:24.466919750+00:00,1,1,0,1,1,1
2026-09-09T22:54:24.466923500+00:00,1,0,1,1,1,1
2026-09-09T22:54:24.466926750+00:00,1,1,1,1,1,1
2026-09-09T22:54:24.466930875+00:00,1,0,0,1,1,1
2026-09-09T22:54:24.466933375+00:00,1,1,0,1,1,1
2026-09-09T22:54:24.466937500+00:00,1,0,1,1,1,1
2026-09-09T22:54:24.466940375+00:00,1,1,1,1,1,1
2026-09-09T22:54:24.466944750+00:00,1,0,0,1,1,1
2026-09-09T22:54:24.466947500+00:00,1,1,0,1,1,1
2026-09-09T22:54:24.466951375+00:00,1,0,1,1,1,1
2026-09-09T22:54:24.466954500+00:00,1,1,1,1,1,1
2026-09-09T22:54:24.466958375+00:00,1,0,0,1,1,1
2026-09-09T22:54:24.466961250+00:00,1,1,0,1,1,1
2026-09-09T22:54:24.466965375+00:00,1,0,1,1,1,1
2026-09-09T22:54:24.466968250+00:00,1,1,1,1,1,1
2026-09-09T22:54:24.466972500+00:00,1,0,0,1,1,1
2026-09-09T22:54:24.466975250+00:00,1,1,0,1,1,1
2026-09-09T22:54:24.466979750+00:00,1,0,0,1,1,1
2026-09-09T22:54:24.466982250+00:00,1,1,0,1,1,1
2026-09-09T22:54:24.466986750+00:00,1,0,0,1,1,1
2026-09-09T22:54:24.466989250+00:00,1,1,0,1,1,1
2026-09-09T22:54:24.466993250+00:00,1,0,0,1,1,1
2026-09-09T22:54:24.466996125+00:00,1,1,0,1,1,1
2026-09-09T22:54:24.467000250+00:00,1,0,1,1,1,1
2026-09-09T22:54:24.467003000+00:00,1,1,1,1,1,1
2026-09-09T22:54:24.467007375+00:00,1,0,1,1,1,1
2026-09-09T22:54:24.467010125+00:00,1,1,1,1,1,1
2026-09-09T22:54:24.467014125+00:00,1,0,0,1,1,1
2026-09-09T22:54:24.467017000+00:00,1,1,0,1,1,1
2026-09-09T22:54:24.467021250+00:00,1,0,0,1,1,1
2026-09-09T22:54:24.467024125+00:00,1,1,0,1,1,1
2026-09-09T22:54:24.467028000+00:00,1,0,0,1,1,1
2026-09-09T22:54:24.467028125+00:00,1,0,1,1,1,1
2026-09-09T22:54:24.467030875+00:00,1,1,1,1,1,1
2026-09-09T22:54:24.467035250+00:00,1,0,1,1,1,1
2026-09-09T22:54:24.467038000+00:00,1,1,1,1,1,1
2026-09-09T22:54:24.467042250+00:00,1,0,0,1,1,1
2026-09-09T22:54:24.467045125+00:00,1,1,0,1,1,1
2026-09-09T22:54:24.467049000+00:00,1,0,0,1,1,1
2026-09-09T22:54:24.467051875+00:00,1,1,0,1,1,1
2026-09-09T22:54:24.467055750+00:00,1,0,1,1,1,1
2026-09-09T22:54:24.467058875+00:00,1,1,1,1,1,1
2026-09-09T22:54:24.467064125+00:00,1,0,1,1,1,1
2026-09-09T22:54:24.467067000+00:00,1,1,1,1,1,1
2026-09-09T22:54:24.467071000+00:00,1,0,0,1,1,1
2026-09-09T22:54:24.467073875+00:00,1,1,0,1,1,1
2026-09-09T22:54:24.467077625+00:00,1,0,0,1,1,1
2026-09-09T22:54:24.467080875+00:00,1,1,0,1,1,1
2026-09-09T22:54:24.467084750+00:00,1,0,1,1,1,1
2026-09-09T22:54:24.467087500+00:00,1,1,1,1,1,1
2026-09-09T22:54:24.467091750+00:00,1,0,0,1,1,1
2026-09-09T22:54:24.467094625+00:00,1,1,0,1,1,1
2026-09-09T22:54:24.467099000+00:00,1,0,0,1,1,1
2026-09-09T22:54:24.467101500+00:00,1,1,0,1,1,1
2026-09-09T22:54:24.467105750+00:00,1,0,0,1,1,1
2026-09-09T22:54:24.467108625+00:00,1,1,0,1,1,1
2026-09-09T22:54:24.467112375+00:00,1,0,1,1,1,1
2026-09-09T22:54:24.467115625+00:00,1,1,1,1,1,1
2026-09-09T22:54:24.467119500+00:00,1,0,0,1,1,1
2026-09-09T22:54:24.467122625+00:00,1,1,0,1,1,1
2026-09-09T22:54:24.467126375+00:00,1,0,0,1,1,1
2026-09-09T22:54:24.467129625+00:00,1,1,0,1,1,1
2026-09-09T22:54:24.467133375+00:00,1,0,0,1,1,1
2026-09-09T22:54:24.467136500+00:00,1,1,0,1,1,1
2026-09-09T22:54:24.467140375+00:00,1,0,0,1,1,1
2026-09-09T22:54:24.467143500+00:00,1,1,0,1,1,1
2026-09-09T22:54:24.467147375+00:00,1,0,0,1,1,1
2026-09-09T22:54:24.467151125+00:00,1,1,0,1,1,1
2026-09-09T22:54:24.467154500+00:00,1,0,0,1,1,1
2026-09-09T22:54:24.467157375+00:00,1,1,0,1,1,1
2026-09-09T22:54:24.467161375+00:00,1,0,0,1,1,1
2026-09-09T22:54:24.467164125+00:00,1,1,0,1,1,1
2026-09-09T22:54:24.467168250+00:00,1,0,1,1,1,1
2026-09-09T22:54:24.467171125+00:00,1,1,1,1,1,1
2026-09-09T22:54:24.467175375+00:00,1,0,0,1,1,1
2026-09-09T22:54:24.467178125+00:00,1,1,0,1,1,1
2026-09-09T22:54:24.467182250+00:00,1,0,0,1,1,1
2026-09-09T22:54:24.467185125+00:00,1,1,0,1,1,1
2026-09-09T22:54:24.467189375+00:00,1,0,0,1,1,1
2026-09-09T22:54:24.467192250+00:00,1,1,0,1,1,1
2026-09-09T22:54:24.467196000+00:00,1,0,0,1,1,1
2026-09-09T22:54:24.467199125+00:00,1,1,0,1,1,1
2026-09-09T22:54:24.467203000+00:00,1,0,0,1,1,1
2026-09-09T22:54:24.467206125+00:00,1,1,0,1,1,1
2026-09-09T22:54:24.467210250+00:00,1,0,0,1,1,1
2026-09-09T22:54:24.467213125+00:00,1,1,0,1,1,1
2026-09-09T22:54:24.467216875+00:00,1,0,0,1,1,1
2026-09-09T22:54:24.467220000+00:00,1,1,0,1,1,1
2026-09-09T22:54:24.467224000+00:00,1,0,1,1,1,1
2026-09-09T22:54:24.467227125+00:00,1,1,1,1,1,1
2026-09-09T22:54:24.467231125+00:00,1,0,0,1,1,1
2026-09-09T22:54:24.467234000+00:00,1,1,0,1,1,1
2026-09-09T22:54:24.467238250+00:00,1,0,0,1,1,1
2026-09-09T22:54:24.467240750+00:00,1,1,0,1,1,1
2026-09-09T22:54:24.467245000+00:00,1,0,0,1,1,1
2026-09-09T22:54:24.467247875+00:00,1,1,0,1,1,1
2026-09-09T22:54:24.467252000+00:00,1,0,0,1,1,1
2026-09-09T22:54:24.467254750+00:00,1,1,0,1,1,1
2026-09-09T22:54:24.467258750+00:00,1,0,0,1,1,1
2026-09-09T22:54:24.467261875+00:00,1,1,0,1,1,1
2026-09-09T22:54:24.467266125+00:00,1,0,1,1,1,1
2026-09-09T22:54:24.467268625+00:00,1,1,1,1,1,1
2026-09-09T22:54:24.467272875+00:00,1,0,1,1,1,1
2026-09-09T22:54:24.467275625+00:00,1,1,1,1,1,1
2026-09-09T22:54:24.467279875+00:00,1,0,1,1,1,1
2026-09-09T22:54:24.467282750+00:00,1,1,1,1,1,1
2026-09-09T22:54:24.467286625+00:00,1,0,1,1,1,1
2026-09-09T22:54:24.467289750+00:00,1,1,1,1,1,1
2026-09-09T22:54:24.467293750+00:00,1,0,1,1,1,1
2026-09-09T22:54:24.467296500+00:00,1,1,1,1,1,1
2026-09-09T22:54:24.467300750+00:00,1,0,0,1,1,1
2026-09-09T22:54:24.467303500+00:00,1,1,0,1,1,1
2026-09-09T22:54:24.467307375+00:00,1,0,0,1,1,1
2026-09-09T22:54:24.467307500+00:00,1,0,1,1,1,1
2026-09-09T22:54:24.467310625+00:00,1,1,1,1,1,1
2026-09-09T22:54:24.467314375+00:00,1,0,0,1,1,1
2026-09-09T22:54:24.467317625+00:00,1,1,0,1,1,1
2026-09-09T22:54:24.467323125+00:00,1,0,0,1,1,1
2026-09-09T22:54:24.467325375+00:00,1,1,0,1,1,1
2026-09-09T22:54:24.467329625+00:00,1,0,0,1,1,1
2026-09-09T22:54:24.467332500+00:00,1,1,0,1,1,1
2026-09-09T22:54:24.467336375+00:00,1,0,1,1,1,1
2026-09-09T22:54:24.467339250+00:00,1,1,1,1,1,1
2026-09-09T22:54:24.467343625+00:00,1,0,1,1,1,1
2026-09-09T22:54:24.467346375+00:00,1,1,1,1,1,1
2026-09-09T22:54:24.467350375+00:00,1,0,0,1,1,1
2026-09-09T22:54:24.467353250+00:00,1,1,0,1,1,1
2026-09-09T22:54:24.467357500+00:00,1,0,0,1,1,1
2026-09-09T22:54:24.467360375+00:00,1,1,0,1,1,1
2026-09-09T22:54:24.467364375+00:00,1,0,0,1,1,1
2026-09-09T22:54:24.467367250+00:00,1,1,0,1,1,1
2026-09-09T22:54:24.467371000+00:00,1,0,1,1,1,1
2026-09-09T22:54:24.467374250+00:00,1,1,1,1,1,1
2026-09-09T22:54:24.467378500+00:00,1,0,1,1,1,1
2026-09-09T22:54:24.467381000+00:00,1,1,1,1,1,1
2026-09-09T22:54:24.467385250+00:00,1,0,1,1,1,1
2026-09-09T22:54:24.467388000+00:00,1,1,1,1,1,1
2026-09-09T22:54:24.467392125+00:00,1,0,0,1,1,1
2026-09-09T22:54:24.467395000+00:00,1,1,0,1,1,1
2026-09-09T22:54:24.467399125+00:00,1,0,0,1,1,1
2026-09-09T22:54:24.467402000+00:00,1,1,0,1,1,1
2026-09-09T22:54:24.467405875+00:00,1,0,0,1,1,1
2026-09-09T22:54:24.467409875+00:00,1,1,0,1,1,1
2026-09-09T22:54:24.467414125+00:00,1,0,0,1,1,1
2026-09-09T22:54:24.467417000+00:00,1,1,0,1,1,1
2026-09-09T22:54:24.467420750+00:00,1,0,0,1,1,1
2026-09-09T22:54:24.467422875+00:00,1,1,0,1,1,1
2026-09-09T22:54:24.467426750+00:00,1,0,0,1,1,1
2026-09-09T22:54:24.467429875+00:00,1,1,0,1,1,1
2026-09-09T22:54:24.467434125+00:00,1,0,1,1,1,1
2026-09-09T22:54:24.467437000+00:00,1,1,1,1,1,1
2026-09-09T22:54:24.467440875+00:00,1,0,0,1,1,1
2026-09-09T22:54:24.467443625+00:00,1,1,0,1,1,1
2026-09-09T22:54:24.467447750+00:00,1,0,0,1,1,1
2026-09-09T22:54:24.467450625+00:00,1,1,0,1,1,1
2026-09-09T22:54:24.467454750+00:00,1,0,0,1,1,1
2026-09-09T22:54:24.467457625+00:00,1,1,0,1,1,1
2026-09-09T22:54:24.467461750+00:00,1,0,1,1,1,1
2026-09-09T22:54:24.467464500+00:00,1,1,1,1,1,1
2026-09-09T22:54:24.467468875+00:00,1,0,1,1,1,1
2026-09-09T22:54:24.467471750+00:00,1,1,1,1,1,1
2026-09-09T22:54:24.467475750+00:00,1,0,1,1,1,1
2026-09-09T22:54:24.467478500+00:00,1,1,1,1,1,1
2026-09-09T22:54:24.467482750+00:00,1,0,0,1,1,1
2026-09-09T22:54:24.467485500+00:00,1,1,0,1,1,1
2026-09-09T22:54:24.467490125+00:00,1,0,1,1,1,1
2026-09-09T22:54:24.467492625+00:00,1,1,1,1,1,1
2026-09-09T22:54:24.467497500+00:00,1,0,1,1,1,1
2026-09-09T22:54:24.467500625+00:00,1,1,1,1,1,1
2026-09-09T22:54:24.467504375+00:00,1,0,0,1,1,1
2026-09-09T22:54:24.467507625+00:00,1,1,0,1,1,1
2026-09-09T22:54:24.467511500+00:00,1,0,1,1,1,1
2026-09-09T22:54:24.467514625+00:00,1,1,1,1,1,1
2026-09-09T22:54:24.467518500+00:00,1,0,0,1,1,1
2026-09-09T22:54:24.467521375+00:00,1,1,0,1,1,1
2026-09-09T22:54:24.467525750+00:00,1,0,0,1,1,1
2026-09-09T22:54:24.467528500+00:00,1,1,0,1,1,1
2026-09-09T22:54:24.467532500+00:00,1,0,0,1,1,1
2026-09-09T22:54:24.467535375+00:00,1,1,0,1,1,1
2026-09-09T22:54:24.467539250+00:00,1,0,0,1,1,1
2026-09-09T22:54:24.467542500+00:00,1,1,0,1,1,1
2026-09-09T22:54:24.467546625+00:00,1,0,1,1,1,1
2026-09-09T22:54:24.467549250+00:00,1,1,1,1,1,1
2026-09-09T22:54:24.467553500+00:00,1,0,0,1,1,1
2026-09-09T22:54:24.467556375+00:00,1,1,0,1,1,1
2026-09-09T22:54:24.467560125+00:00,1,0,1,1,1,1
2026-09-09T22:54:24.467563375+00:00,1,1,1,1,1,1
2026-09-09T22:54:24.467567250+00:00,1,0,1,1,1,1
2026-09-09T22:54:24.467570125+00:00,1,1,1,1,1,1
2026-09-09T22:54:24.467574375+00:00,1,0,1,1,1,1
2026-09-09T22:54:24.467577250+00:00,1,1,1,1,1,1
2026-09-09T22:54:24.467582500+00:00,1,0,1,1,1,1
2026-09-09T22:54:24.467585000+00:00,1,1,1,1,1,1
2026-09-09T22:54:24.467589125+00:00,1,0,0,1,1,1
2026-09-09T22:54:24.467592000+00:00,1,1,0,1,1,1
2026-09-09T22:54:24.467596125+00:00,1,0,0,1,1,1
2026-09-09T22:54:24.467599000+00:00,1,1,0,1,1,1
2026-09-09T22:54:24.467603250+00:00,1,0,0,1,1,1
2026-09-09T22:54:24.467606000+00:00,1,1,0,1,1,1
2026-09-09T22:54:24.467609875+00:00,1,0,0,1,1,1
2026-09-09T22:54:24.467613000+00:00,1,1,0,1,1,1
2026-09-09T22:54:24.467616875+00:00,1,0,0,1,1,1
2026-09-09T22:54:24.467620000+00:00,1,1,0,1,1,1
2026-09-09T22:54:24.467623875+00:00,1,0,0,1,1,1
2026-09-09T22:54:24.467626750+00:00,1,1,0,1,1,1
2026-09-09T22:54:24.467630875+00:00,1,0,0,1,1,1
2026-09-09T22:54:24.467633750+00:00,1,1,0,1,1,1
2026-09-09T22:54:24.467637875+00:00,1,0,0,1,1,1
2026-09-09T22:54:24.467640750+00:00,1,1,0,1,1,1
2026-09-09T22:54:24.467645000+00:00,1,0,0,1,1,1
2026-09-09T22:54:24.467647875+00:00,1,1,0,1,1,1
2026-09-09T22:54:24.467651750+00:00,1,0,0,1,1,1
2026-09-09T22:54:24.467654625+00:00,1,1,0,1,1,1
2026-09-09T22:54:24.467659125+00:00,1,0,0,1,1,1
2026-09-09T22:54:24.467661625+00:00,1,1,0,1,1,1
2026-09-09T22:54:24.467665625+00:00,1,0,1,1,1,1
2026-09-09T22:54:24.467668875+00:00,1,1,1,1,1,1
2026-09-09T22:54:24.467672750+00:00,1,0,1,1,1,1
2026-09-09T22:54:24.467675500+00:00,1,1,1,1,1,1
2026-09-09T22:54:24.467679750+00:00,1,0,1,1,1,1
2026-09-09T22:54:24.467682625+00:00,1,1,1,1,1,1
2026-09-09T22:54:24.467686375+00:00,1,0,1,1,1,1
2026-09-09T22:54:24.467689625+00:00,1,1,1,1,1,1
2026-09-09T22:54:24.467693500+00:00,1,0,1,1,1,1
2026-09-09T22:54:24.467696375+00:00,1,1,1,1,1,1
2026-09-09T22:54:24.467700500+00:00,1,0,0,1,1,1
2026-09-09T22:54:24.467703375+00:00,1,1,0,1,1,1
2026-09-09T22:54:24.467707500+00:00,1,0,0,1,1,1
2026-09-09T22:54:24.467710375+00:00,1,1,0,1,1,1
2026-09-09T22:54:24.467714625+00:00,1,0,1,1,1,1
2026-09-09T22:54:24.467717375+00:00,1,1,1,1,1,1
2026-09-09T22:54:24.467721375+00:00,1,0,1,1,1,1
2026-09-09T22:54:24.467724250+00:00,1,1,1,1,1,1
2026-09-09T22:54:24.467728500+00:00,1,0,1,1,1,1
2026-09-09T22:54:24.467731250+00:00,1,1,1,1,1,1
2026-09-09T22:54:24.467735125+00:00,1,0,1,1,1,1
2026-09-09T22:54:24.467738250+00:00,1,1,1,1,1,1
2026-09-09T22:54:24.467742250+00:00,1,0,1,1,1,1
2026-09-09T22:54:24.467745375+00:00,1,1,1,1,1,1
2026-09-09T22:54:24.467749125+00:00,1,0,1,1,1,1
2026-09-09T22:54:24.467749250+00:00,1,0,0,1,1,1
2026-09-09T22:54:24.467752000+00:00,1,1,0,1,1,1
2026-09-09T22:54:24.467756500+00:00,1,0,1,1,1,1
2026-09-09T22:54:24.467759250+00:00,1,1,1,1,1,1
2026-09-09T22:54:24.467763125+00:00,1,0,1,1,1,1
2026-09-09T22:54:24.467766000+00:00,1,1,1,1,1,1
2026-09-09T22:54:24.467770500+00:00,1,0,1,1,1,1
2026-09-09T22:54:24.467773000+00:00,1,1,1,1,1,1
2026-09-09T22:54:24.467777250+00:00,1,0,0,1,1,1
2026-09-09T22:54:24.467780125+00:00,1,1,0,1,1,1
2026-09-09T22:54:24.467784000+00:00,1,0,0,1,1,1
2026-09-09T22:54:24.467787125+00:00,1,1,0,1,1,1
2026-09-09T22:54:24.467791125+00:00,1,0,0,1,1,1
2026-09-09T22:54:24.467794000+00:00,1,1,0,1,1,1
2026-09-09T22:54:24.467797875+00:00,1,0,1,1,1,1
2026-09-09T22:54:24.467801000+00:00,1,1,1,1,1,1
2026-09-09T22:54:24.467805000+00:00,1,0,1,1,1,1
2026-09-09T22:54:24.467807875+00:00,1,1,1,1,1,1
2026-09-09T22:54:24.467811750+00:00,1,0,1,1,1,1
2026-09-09T22:54:24.467815000+00:00,1,1,1,1,1,1
2026-09-09T22:54:24.467818750+00:00,1,0,0,1,1,1
2026-09-09T22:54:24.467821875+00:00,1,1,0,1,1,1
2026-09-09T22:54:24.467826125+00:00,1,0,1,1,1,1
2026-09-09T22:54:24.467828625+00:00,1,1,1,1,1,1
2026-09-09T22:54:24.467832750+00:00,1,0,1,1,1,1
2026-09-09T22:54:24.467835625+00:00,1,1,1,1,1,1
2026-09-09T22:54:24.467841250+00:00,1,0,0,1,1,1
2026-09-09T22:54:24.467843750+00:00,1,1,0,1,1,1
2026-09-09T22:54:24.467847750+00:00,1,0,1,1,1,1
2026-09-09T22:54:24.467850625+00:00,1,1,1,1,1,1
2026-09-09T22:54:24.467854750+00:00,1,0,1,1,1,1
2026-09-09T22:54:24.467857625+00:00,1,1,1,1,1,1
2026-09-09T22:54:24.467861875+00:00,1,0,0,1,1,1
2026-09-09T22:54:24.467864625+00:00,1,1,0,1,1,1
2026-09-09T22:54:24.467868625+00:00,1,0,0,1,1,1
2026-09-09T22:54:24.467871500+00:00,1,1,0,1,1,1
2026-09-09T22:54:24.467875750+00:00,1,0,0,1,1,1
2026-09-09T22:54:24.467878625+00:00,1,1,0,1,1,1
2026-09-09T22:54:24.467882875+00:00,1,0,1,1,1,1
2026-09-09T22:54:24.467885375+00:00,1,1,1,1,1,1
2026-09-09T22:54:24.467889750+00:00,1,0,1,1,1,1
2026-09-09T22:54:24.467892500+00:00,1,1,1,1,1,1
2026-09-09T22:54:24.467896500+00:00,1,0,1,1,1,1
2026-09-09T22:54:24.467899375+00:00,1,1,1,1,1,1
2026-09-09T22:54:24.467903250+00:00,1,0,0,1,1,1
2026-09-09T22:54:24.467906375+00:00,1,1,0,1,1,1
2026-09-09T22:54:24.467910375+00:00,1,0,1,1,1,1
2026-09-09T22:54:24.467913250+00:00,1,1,1,1,1,1
2026-09-09T22:54:24.467917375+00:00,1,0,1,1,1,1
2026-09-09T22:54:24.467917500+00:00,1,0,0,1,1,1
2026-09-09T22:54:24.467920250+00:00,1,1,0,1,1,1
2026-09-09T22:54:24.467924125+00:00,1,0,0,1,1,1
2026-09-09T22:54:24.467927750+00:00,1,1,0,1,1,1
2026-09-09T22:54:24.467931375+00:00,1,0,0,1,1,1
2026-09-09T22:54:24.467934125+00:00,1,1,0,1,1,1
2026-09-09T22:54:24.467938625+00:00,1,0,0,1,1,1
2026-09-09T22:54:24.467941125+00:00,1,1,0,1,1,1
2026-09-09T22:54:24.467945250+00:00,1,0,0,1,1,1
2026-09-09T22:54:24.467948125+00:00,1,1,0,1,1,1
2026-09-09T22:54:24.467952125+00:00,1,0,0,1,1,1
2026-09-09T22:54:24.467955000+00:00,1,1,0,1,1,1
2026-09-09T22:54:24.467959125+00:00,1,0,0,1,1,1
2026-09-09T22:54:24.467962000+00:00,1,1,0,1,1,1
2026-09-09T22:54:24.467966250+00:00,1,0,0,1,1,1
2026-09-09T22:54:24.467969125+00:00,1,1,0,1,1,1
2026-09-09T22:54:24.467972875+00:00,1,0,0,1,1,1
2026-09-09T22:54:24.467976000+00:00,1,1,0,1,1,1
2026-09-09T22:54:24.467979875+00:00,1,0,0,1,1,1
2026-09-09T22:54:24.467983000+00:00,1,1,0,1,1,1
2026-09-09T22:54:24.467986750+00:00,1,0,0,1,1,1
2026-09-09T22:54:24.467990000+00:00,1,1,0,1,1,1
2026-09-09T22:54:24.467994250+00:00,1,0,0,1,1,1
2026-09-09T22:54:24.467997000+00:00,1,1,0,1,1,1
2026-09-09T22:54:24.468001000+00:00,1,0,0,1,1,1
2026-09-09T22:54:24.468003750+00:00,1,1,0,1,1,1
2026-09-09T22:54:24.468008000+00:00,1,0,0,1,1,1
2026-09-09T22:54:24.468010750+00:00,1,1,0,1,1,1
2026-09-09T22:54:24.468015125+00:00,1,0,0,1,1,1
2026-09-09T22:54:24.468017875+00:00,1,1,0,1,1,1
2026-09-09T22:54:24.468021750+00:00,1,0,0,1,1,1
2026-09-09T22:54:24.468024625+00:00,1,1,0,1,1,1
2026-09-09T22:54:24.468028750+00:00,1,0,0,1,1,1
2026-09-09T22:54:24.468032250+00:00,1,1,0,1,1,1
2026-09-09T22:54:24.468035750+00:00,1,0,0,1,1,1
2026-09-09T22:54:24.468038625+00:00,1,1,0,1,1,1
2026-09-09T22:54:24.468042875+00:00,1,0,0,1,1,1
2026-09-09T22:54:24.468045625+00:00,1,1,0,1,1,1
2026-09-09T22:54:24.468049750+00:00,1,0,0,1,1,1
2026-09-09T22:54:24.468052625+00:00,1,1,0,1,1,1
2026-09-09T22:54:24.468056500+00:00,1,0,1,1,1,1
2026-09-09T22:54:24.468059625+00:00,1,1,1,1,1,1
2026-09-09T22:54:24.468063625+00:00,1,0,0,1,1,1
2026-09-09T22:54:24.468066500+00:00,1,1,0,1,1,1
2026-09-09T22:54:24.468070625+00:00,1,0,1,1,1,1
2026-09-09T22:54:24.468073375+00:00,1,1,1,1,1,1
2026-09-09T22:54:24.468077750+00:00,1,0,1,1,1,1
2026-09-09T22:54:24.468080625+00:00,1,1,1,1,1,1
2026-09-09T22:54:24.468084500+00:00,1,0,1,1,1,1
2026-09-09T22:54:24.468087250+00:00,1,1,1,1,1,1
2026-09-09T22:54:24.468091500+00:00,1,0,1,1,1,1
2026-09-09T22:54:24.468094375+00:00,1,1,1,1,1,1
2026-09-09T22:54:24.468098250+00:00,1,0,0,1,1,1
2026-09-09T22:54:24.468102500+00:00,1,1,0,1,1,1
2026-09-09T22:54:24.468106750+00:00,1,0,1,1,1,1
2026-09-09T22:54:24.468109250+00:00,1,1,1,1,1,1
2026-09-09T22:54:24.468113125+00:00,1,0,0,1,1,1
2026-09-09T22:54:24.468116375+00:00,1,1,0,1,1,1
2026-09-09T22:54:24.468120375+00:00,1,0,0,1,1,1
2026-09-09T22:54:24.468123125+00:00,1,1,0,1,1,1
2026-09-09T22:54:24.468127125+00:00,1,0,0,1,1,1
2026-09-09T22:54:24.468130000+00:00,1,1,0,1,1,1
2026-09-09T22:54:24.468134250+00:00,1,0,0,1,1,1
2026-09-09T22:54:24.468137125+00:00,1,1,0,1,1,1
2026-09-09T22:54:24.468141250+00:00,1,0,0,1,1,1
2026-09-09T22:54:24.468144125+00:00,1,1,0,1,1,1
2026-09-09T22:54:24.468147875+00:00,1,0,1,1,1,1
2026-09-09T22:54:24.468151125+00:00,1,1,1,1,1,1
2026-09-09T22:54:24.468155000+00:00,1,0,1,1,1,1
2026-09-09T22:54:24.468157875+00:00,1,1,1,1,1,1
2026-09-09T22:54:24.468162375+00:00,1,0,1,1,1,1
2026-09-09T22:54:24.468164875+00:00,1,1,1,1,1,1
2026-09-09T22:54:24.468169125+00:00,1,0,1,1,1,1
2026-09-09T22:54:24.468171875+00:00,1,1,1,1,1,1
2026-09-09T22:54:24.468176000+00:00,1,0,1,1,1,1
2026-09-09T22:54:24.468176125+00:00,1,0,0,1,1,1
2026-09-09T22:54:24.468178875+00:00,1,1,0,1,1,1
2026-09-09T22:54:24.468182750+00:00,1,0,0,1,1,1
2026-09-09T22:54:24.468186750+00:00,1,1,0,1,1,1
2026-09-09T22:54:24.468191000+00:00,1,0,0,1,1,1
2026-09-09T22:54:24.468193750+00:00,1,1,0,1,1,1
2026-09-09T22:54:24.468198000+00:00,1,0,1,1,1,1
2026-09-09T22:54:24.468200750+00:00,1,1,1,1,1,1
2026-09-09T22:54:24.468204625+00:00,1,0,1,1,1,1
2026-09-09T22:54:24.468207875+00:00,1,1,1,1,1,1
2026-09-09T22:54:24.468211750+00:00,1,0,0,1,1,1
2026-09-09T22:54:24.468214875+00:00,1,1,0,1,1,1
2026-09-09T22:54:24.468219125+00:00,1,0,0,1,1,1
2026-09-09T22:54:24.468221750+00:00,1,1,0,1,1,1
2026-09-09T22:54:24.468225625+00:00,1,0,0,1,1,1
2026-09-09T22:54:24.468228500+00:00,1,1,0,1,1,1
2026-09-09T22:54:24.468232625+00:00,1,0,0,1,1,1
2026-09-09T22:54:24.468235500+00:00,1,1,0,1,1,1
2026-09-09T22:54:24.468239750+00:00,1,0,1,1,1,1
2026-09-09T22:54:24.468242625+00:00,1,1,1,1,1,1
2026-09-09T22:54:24.468246500+00:00,1,0,1,1,1,1
2026-09-09T22:54:24.468249625+00:00,1,1,1,1,1,1
2026-09-09T22:54:24.468253625+00:00,1,0,0,1,1,1
2026-09-09T22:54:24.468256500+00:00,1,1,0,1,1,1
2026-09-09T22:54:24.468260625+00:00,1,0,0,1,1,1
2026-09-09T22:54:24.468263500+00:00,1,1,0,1,1,1
2026-09-09T22:54:24.468267375+00:00,1,0,1,1,1,1
2026-09-09T22:54:24.468270500+00:00,1,1,1,1,1,1
2026-09-09T22:54:24.468274875+00:00,1,0,1,1,1,1
2026-09-09T22:54:24.468277500+00:00,1,1,1,1,1,1
2026-09-09T22:54:24.468281250+00:00,1,0,1,1,1,1
2026-09-09T22:54:24.468281375+00:00,1,0,0,1,1,1
2026-09-09T22:54:24.468284500+00:00,1,1,0,1,1,1
2026-09-09T22:54:24.468288375+00:00,1,0,1,1,1,1
2026-09-09T22:54:24.468291125+00:00,1,1,1,1,1,1
2026-09-09T22:54:24.468295250+00:00,1,0,1,1,1,1
2026-09-09T22:54:24.468298125+00:00,1,1,1,1,1,1
2026-09-09T22:54:24.468302375+00:00,1,0,1,1,1,1
2026-09-09T22:54:24.468305250+00:00,1,1,1,1,1,1
2026-09-09T22:54:24.468309000+00:00,1,0,0,1,1,1
2026-09-09T22:54:24.468312250+00:00,1,1,0,1,1,1
2026-09-09T22:54:24.468316000+00:00,1,0,0,1,1,1
2026-09-09T22:54:24.468316125+00:00,1,0,1,1,1,1
2026-09-09T22:54:24.468319250+00:00,1,1,1,1,1,1
2026-09-09T22:54:24.468323000+00:00,1,0,1,1,1,1
2026-09-09T22:54:24.468326250+00:00,1,1,1,1,1,1
2026-09-09T22:54:24.468330375+00:00,1,0,0,1,1,1
2026-09-09T22:54:24.468332875+00:00,1,1,0,1,1,1
2026-09-09T22:54:24.468337125+00:00,1,0,0,1,1,1
2026-09-09T22:54:24.468340000+00:00,1,1,0,1,1,1
2026-09-09T22:54:24.468344125+00:00,1,0,0,1,1,1
2026-09-09T22:54:24.468347000+00:00,1,1,0,1,1,1
2026-09-09T22:54:24.468350750+00:00,1,0,0,1,1,1
2026-09-09T22:54:24.468353000+00:00,1,1,0,1,1,1
2026-09-09T22:54:24.468356875+00:00,1,0,0,1,1,1
2026-09-09T22:54:24.468360875+00:00,1,1,0,1,1,1
2026-09-09T22:54:24.468364875+00:00,1,0,1,1,1,1
2026-09-09T22:54:24.468368000+00:00,1,1,1,1,1,1
2026-09-09T22:54:24.468371875+00:00,1,0,1,1,1,1
2026-09-09T22:54:24.468374750+00:00,1,1,1,1,1,1
2026-09-09T22:54:24.468379000+00:00,1,0,1,1,1,1
2026-09-09T22:54:24.468381875+00:00,1,1,1,1,1,1
2026-09-09T22:54:24.468386000+00:00,1,0,0,1,1,1
2026-09-09T22:54:24.468388875+00:00,1,1,0,1,1,1
2026-09-09T22:54:24.468392750+00:00,1,0,0,1,1,1
2026-09-09T22:54:24.468395875+00:00,1,1,0,1,1,1
2026-09-09T22:54:24.468399750+00:00,1,0,0,1,1,1
2026-09-09T22:54:24.468402625+00:00,1,1,0,1,1,1
2026-09-09T22:54:24.468406750+00:00,1,0,0,1,1,1
2026-09-09T22:54:24.468409625+00:00,1,1,0,1,1,1
2026-09-09T22:54:24.468413875+00:00,1,0,0,1,1,1
2026-09-09T22:54:24.468416750+00:00,1,1,0,1,1,1
2026-09-09T22:54:24.468420500+00:00,1,0,0,1,1,1
2026-09-09T22:54:24.468423750+00:00,1,1,0,1,1,1
2026-09-09T22:54:24.468427500+00:00,1,0,0,1,1,1
2026-09-09T22:54:24.468430750+00:00,1,1,0,1,1,1
2026-09-09T22:54:24.468434625+00:00,1,0,0,1,1,1
2026-09-09T22:54:24.468437500+00:00,1,1,0,1,1,1
2026-09-09T22:54:24.468442000+00:00,1,0,1,1,1,1
2026-09-09T22:54:24.468446000+00:00,1,1,1,1,1,1
2026-09-09T22:54:24.468449750+00:00,1,0,1,1,1,1
2026-09-09T22:54:24.468452500+00:00,1,1,1,1,1,1
2026-09-09T22:54:24.468456375+00:00,1,0,1,1,1,1
2026-09-09T22:54:24.468459500+00:00,1,1,1,1,1,1
2026-09-09T22:54:24.468463375+00:00,1,0,1,1,1,1
2026-09-09T22:54:24.468466500+00:00,1,1,1,1,1,1
2026-09-09T22:54:24.468470500+00:00,1,0,1,1,1,1
2026-09-09T22:54:24.468473250+00:00,1,1,1,1,1,1
2026-09-09T22:54:24.468477375+00:00,1,0,1,1,1,1
2026-09-09T22:54:24.468480250+00:00,1,1,1,1,1,1
2026-09-09T22:54:24.468484500+00:00,1,0,0,1,1,1
2026-09-09T22:54:24.468487375+00:00,1,1,0,1,1,1
2026-09-09T22:54:24.468491250+00:00,1,0,0,1,1,1
2026-09-09T22:54:24.468494375+00:00,1,1,0,1,1,1
2026-09-09T22:54:24.468498625+00:00,1,0,1,1,1,1
2026-09-09T22:54:24.468501125+00:00,1,1,1,1,1,1
2026-09-09T22:54:24.468505500+00:00,1,0,0,1,1,1
2026-09-09T22:54:24.468508000+00:00,1,1,0,1,1,1
2026-09-09T22:54:24.468512250+00:00,1,0,1,1,1,1
2026-09-09T22:54:24.468515125+00:00,1,1,1,1,1,1
2026-09-09T22:54:24.468519375+00:00,1,0,0,1,1,1
2026-09-09T22:54:24.468522250+00:00,1,1,0,1,1,1
2026-09-09T22:54:24.468526000+00:00,1,0,1,1,1,1
2026-09-09T22:54:24.468529250+00:00,1,1,1,1,1,1
2026-09-09T22:54:24.468533250+00:00,1,0,1,1,1,1
2026-09-09T22:54:24.468536125+00:00,1,1,1,1,1,1
2026-09-09T22:54:24.468540000+00:00,1,0,0,1,1,1
2026-09-09T22:54:24.468542875+00:00,1,1,0,1,1,1
2026-09-09T22:54:24.468547125+00:00,1,0,0,1,1,1
2026-09-09T22:54:24.468550000+00:00,1,1,0,1,1,1
2026-09-09T22:54:24.468554250+00:00,1,0,1,1,1,1
2026-09-09T22:54:24.468557000+00:00,1,1,1,1,1,1
2026-09-09T22:54:24.468560875+00:00,1,0,0,1,1,1
2026-09-09T22:54:24.468563750+00:00,1,1,0,1,1,1
2026-09-09T22:54:24.468567875+00:00,1,0,0,1,1,1
2026-09-09T22:54:24.468570750+00:00,1,1,0,1,1,1
2026-09-09T22:54:24.468574875+00:00,1,0,0,1,1,1
2026-09-09T22:54:24.468577625+00:00,1,1,0,1,1,1
2026-09-09T22:54:24.468581750+00:00,1,0,0,1,1,1
2026-09-09T22:54:24.468584625+00:00,1,1,0,1,1,1
2026-09-09T22:54:24.468588750+00:00,1,0,1,1,1,1
2026-09-09T22:54:24.468591625+00:00,1,1,1,1,1,1
2026-09-09T22:54:24.468595750+00:00,1,0,0,1,1,1
2026-09-09T22:54:24.468598625+00:00,1,1,0,1,1,1
2026-09-09T22:54:24.468602750+00:00,1,0,0,1,1,1
2026-09-09T22:54:24.468605625+00:00,1,1,0,1,1,1
2026-09-09T22:54:24.468610000+00:00,1,0,1,1,1,1
2026-09-09T22:54:24.468612500+00:00,1,1,1,1,1,1
2026-09-09T22:54:24.468618125+00:00,1,0,1,1,1,1
2026-09-09T22:54:24.468620625+00:00,1,1,1,1,1,1
2026-09-09T22:54:24.468624500+00:00,1,0,0,1,1,1
2026-09-09T22:54:24.468627375+00:00,1,1,0,1,1,1
2026-09-09T22:54:24.468631500+00:00,1,0,0,1,1,1
2026-09-09T22:54:24.468634375+00:00,1,1,0,1,1,1
2026-09-09T22:54:24.468638625+00:00,1,0,0,1,1,1
2026-09-09T22:54:24.468641375+00:00,1,1,0,1,1,1
2026-09-09T22:54:24.468645375+00:00,1,0,0,1,1,1
2026-09-09T22:54:24.468648500+00:00,1,1,0,1,1,1
2026-09-09T22:54:24.468652375+00:00,1,0,0,1,1,1
2026-09-09T22:54:24.468655500+00:00,1,1,0,1,1,1
2026-09-09T22:54:24.468659375+00:00,1,0,0,1,1,1
2026-09-09T22:54:24.468662250+00:00,1,1,0,1,1,1
2026-09-09T22:54:24.468666625+00:00,1,0,0,1,1,1
2026-09-09T22:54:24.468669125+00:00,1,1,0,1,1,1
2026-09-09T22:54:24.468673375+00:00,1,0,1,1,1,1
2026-09-09T22:54:24.468676250+00:00,1,1,1,1,1,1
2026-09-09T22:54:24.468680250+00:00,1,0,1,1,1,1
2026-09-09T22:54:24.468683125+00:00,1,1,1,1,1,1
2026-09-09T22:54:24.468687375+00:00,1,0,1,1,1,1
2026-09-09T22:54:24.468690250+00:00,1,1,1,1,1,1
2026-09-09T22:54:24.468694125+00:00,1,0,0,1,1,1
2026-09-09T22:54:24.468697250+00:00,1,1,0,1,1,1
2026-09-09T22:54:24.468701125+00:00,1,0,1,1,1,1
2026-09-09T22:54:24.468704750+00:00,1,1,1,1,1,1
2026-09-09T22:54:24.468708125+00:00,1,0,0,1,1,1
2026-09-09T22:54:24.468710875+00:00,1,1,0,1,1,1
2026-09-09T22:54:24.468715250+00:00,1,0,0,1,1,1
2026-09-09T22:54:24.468718000+00:00,1,1,0,1,1,1
2026-09-09T22:54:24.468722250+00:00,1,0,0,1,1,1
2026-09-09T22:54:24.468725125+00:00,1,1,0,1,1,1
2026-09-09T22:54:24.468729000+00:00,1,0,0,1,1,1
2026-09-09T22:54:24.468731875+00:00,1,1,0,1,1,1
2026-09-09T22:54:24.468736125+00:00,1,0,0,1,1,1
2026-09-09T22:54:24.468738875+00:00,1,1,0,1,1,1
2026-09-09T22:54:24.468742875+00:00,1,0,0,1,1,1
2026-09-09T22:54:24.468746000+00:00,1,1,0,1,1,1
2026-09-09T22:54:24.468749875+00:00,1,0,0,1,1,1
2026-09-09T22:54:24.468753000+00:00,1,1,0,1,1,1
2026-09-09T22:54:24.468756750+00:00,1,0,0,1,1,1
2026-09-09T22:54:24.468756875+00:00,1,0,1,1,1,1
2026-09-09T22:54:24.468759625+00:00,1,1,1,1,1,1
2026-09-09T22:54:24.468764000+00:00,1,0,1,1,1,1
2026-09-09T22:54:24.468766750+00:00,1,1,1,1,1,1
2026-09-09T22:54:24.468770625+00:00,1,0,1,1,1,1
2026-09-09T22:54:24.468770750+00:00,1,0,0,1,1,1
2026-09-09T22:54:24.468773875+00:00,1,1,0,1,1,1
2026-09-09T22:54:24.468778125+00:00,1,0,1,1,1,1
2026-09-09T22:54:24.468780625+00:00,1,1,1,1,1,1
2026-09-09T22:54:24.468784500+00:00,1,0,0,1,1,1
2026-09-09T22:54:24.468787625+00:00,1,1,0,1,1,1
2026-09-09T22:54:24.468792375+00:00,1,0,1,1,1,1
2026-09-09T22:54:24.468794500+00:00,1,1,1,1,1,1
2026-09-09T22:54:24.468798750+00:00,1,0,1,1,1,1
2026-09-09T22:54:24.468801625+00:00,1,1,1,1,1,1
2026-09-09T22:54:24.468805375+00:00,1,0,0,1,1,1
2026-09-09T22:54:24.468808625+00:00,1,1,0,1,1,1
2026-09-09T22:54:24.468812500+00:00,1,0,1,1,1,1
2026-09-09T22:54:24.468815625+00:00,1,1,1,1,1,1
2026-09-09T22:54:24.468819500+00:00,1,0,1,1,1,1
2026-09-09T22:54:24.468819625+00:00,1,0,0,1,1,1
2026-09-09T22:54:24.468822375+00:00,1,1,0,1,1,1
2026-09-09T22:54:24.468826625+00:00,1,0,0,1,1,1
2026-09-09T22:54:24.468829500+00:00,1,1,0,1,1,1
2026-09-09T22:54:24.468833750+00:00,1,0,0,1,1,1
2026-09-09T22:54:24.468836250+00:00,1,1,0,1,1,1
2026-09-09T22:54:24.468840500+00:00,1,0,0,1,1,1
2026-09-09T22:54:24.468843375+00:00,1,1,0,1,1,1
2026-09-09T22:54:24.468847125+00:00,1,0,0,1,1,1
2026-09-09T22:54:24.468849375+00:00,1,1,0,1,1,1
2026-09-09T22:54:24.468853250+00:00,1,0,0,1,1,1
2026-09-09T22:54:24.468856375+00:00,1,1,0,1,1,1
2026-09-09T22:54:24.468860250+00:00,1,0,1,1,1,1
2026-09-09T22:54:24.468863375+00:00,1,1,1,1,1,1
2026-09-09T22:54:24.468867375+00:00,1,0,1,1,1,1
2026-09-09T22:54:24.468870250+00:00,1,1,1,1,1,1
2026-09-09T22:54:24.468874250+00:00,1,0,1,1,1,1
2026-09-09T22:54:24.468877500+00:00,1,1,1,1,1,1
2026-09-09T22:54:24.468881000+00:00,1,0,1,1,1,1
2026-09-09T22:54:24.468881125+00:00,1,0,0,1,1,1
2026-09-09T22:54:24.468884250+00:00,1,1,0,1,1,1
2026-09-09T22:54:24.468888375+00:00,1,0,1,1,1,1
2026-09-09T22:54:24.468890875+00:00,1,1,1,1,1,1
2026-09-09T22:54:24.468895125+00:00,1,0,1,1,1,1
2026-09-09T22:54:24.468897875+00:00,1,1,1,1,1,1
2026-09-09T22:54:24.468902125+00:00,1,0,0,1,1,1
2026-09-09T22:54:24.468905000+00:00,1,1,0,1,1,1
2026-09-09T22:54:24.468909000+00:00,1,0,0,1,1,1
2026-09-09T22:54:24.468911875+00:00,1,1,0,1,1,1
2026-09-09T22:54:24.468916000+00:00,1,0,1,1,1,1
2026-09-09T22:54:24.468918875+00:00,1,1,1,1,1,1
2026-09-09T22:54:24.468923125+00:00,1,0,1,1,1,1
2026-09-09T22:54:24.468926000+00:00,1,1,1,1,1,1
2026-09-09T22:54:24.468929875+00:00,1,0,0,1,1,1
2026-09-09T22:54:24.468932750+00:00,1,1,0,1,1,1
2026-09-09T22:54:24.468937000+00:00,1,0,1,1,1,1
2026-09-09T22:54:24.468939875+00:00,1,1,1,1,1,1
2026-09-09T22:54:24.468944000+00:00,1,0,0,1,1,1
2026-09-09T22:54:24.468946750+00:00,1,1,0,1,1,1
2026-09-09T22:54:24.468950625+00:00,1,0,0,1,1,1
2026-09-09T22:54:24.468953875+00:00,1,1,0,1,1,1
2026-09-09T22:54:24.468957750+00:00,1,0,0,1,1,1
2026-09-09T22:54:24.468960500+00:00,1,1,0,1,1,1
2026-09-09T22:54:24.468964875+00:00,1,0,1,1,1,1
2026-09-09T22:54:24.468967750+00:00,1,1,1,1,1,1
2026-09-09T22:54:24.468971625+00:00,1,0,0,1,1,1
2026-09-09T22:54:24.468974750+00:00,1,1,0,1,1,1
2026-09-09T22:54:24.468978750+00:00,1,0,0,1,1,1
2026-09-09T22:54:24.468981500+00:00,1,1,0,1,1,1
2026-09-09T22:54:24.468985750+00:00,1,0,0,1,1,1
2026-09-09T22:54:24.468988625+00:00,1,1,0,1,1,1
2026-09-09T22:54:24.468992500+00:00,1,0,0,1,1,1
2026-09-09T22:54:24.468995625+00:00,1,1,0,1,1,1
2026-09-09T22:54:24.468999875+00:00,1,0,1,1,1,1
2026-09-09T22:54:24.469002375+00:00,1,1,1,1,1,1
2026-09-09T22:54:24.469006625+00:00,1,0,1,1,1,1
2026-09-09T22:54:24.469009375+00:00,1,1,1,1,1,1
2026-09-09T22:54:24.469013250+00:00,1,0,1,1,1,1
2026-09-09T22:54:24.469016500+00:00,1,1,1,1,1,1
2026-09-09T22:54:24.469020375+00:00,1,0,0,1,1,1
2026-09-09T22:54:24.469023250+00:00,1,1,0,1,1,1
2026-09-09T22:54:24.469028250+00:00,1,0,1,1,1,1
2026-09-09T22:54:24.469031375+00:00,1,1,1,1,1,1
2026-09-09T22:54:24.469035250+00:00,1,0,0,1,1,1
2026-09-09T22:54:24.469038125+00:00,1,1,0,1,1,1
2026-09-09T22:54:24.469042375+00:00,1,0,1,1,1,1
2026-09-09T22:54:24.469045125+00:00,1,1,1,1,1,1
2026-09-09T22:54:24.469050625+00:00,1,0,1,1,1,1
2026-09-09T22:54:24.469053250+00:00,1,1,1,1,1,1
2026-09-09T22:54:24.469057250+00:00,1,0,1,1,1,1
2026-09-09T22:54:24.469060125+00:00,1,1,1,1,1,1
2026-09-09T22:54:24.469064375+00:00,1,0,1,1,1,1
2026-09-09T22:54:24.469067250+00:00,1,1,1,1,1,1
2026-09-09T22:54:24.469071000+00:00,1,0,1,1,1,1
2026-09-09T22:54:24.469074250+00:00,1,1,1,1,1,1
2026-09-09T22:54:24.469078000+00:00,1,0,1,1,1,1
2026-09-09T22:54:24.469081125+00:00,1,1,1,1,1,1
2026-09-09T22:54:24.469085000+00:00,1,0,0,1,1,1
2026-09-09T22:54:24.469088125+00:00,1,1,0,1,1,1
2026-09-09T22:54:24.469092125+00:00,1,0,1,1,1,1
2026-09-09T22:54:24.469095000+00:00,1,1,1,1,1,1
2026-09-09T22:54:24.469099125+00:00,1,0,0,1,1,1
2026-09-09T22:54:24.469101875+00:00,1,1,0,1,1,1
2026-09-09T22:54:24.469106250+00:00,1,0,1,1,1,1
2026-09-09T22:54:24.469108750+00:00,1,1,1,1,1,1
2026-09-09T22:54:24.469113125+00:00,1,0,0,1,1,1
2026-09-09T22:54:24.469116000+00:00,1,1,0,1,1,1
2026-09-09T22:54:24.469119875+00:00,1,0,0,1,1,1
2026-09-09T22:54:24.469122750+00:00,1,1,0,1,1,1
2026-09-09T22:54:24.469127000+00:00,1,0,1,1,1,1
2026-09-09T22:54:24.469129875+00:00,1,1,1,1,1,1
2026-09-09T22:54:24.469133750+00:00,1,0,1,1,1,1
2026-09-09T22:54:24.469136625+00:00,1,1,1,1,1,1
2026-09-09T22:54:24.469140625+00:00,1,0,0,1,1,1
2026-09-09T22:54:24.469143750+00:00,1,1,0,1,1,1
2026-09-09T22:54:24.469147750+00:00,1,0,0,1,1,1
2026-09-09T22:54:24.469150625+00:00,1,1,0,1,1,1
2026-09-09T22:54:24.469154875+00:00,1,0,0,1,1,1
2026-09-09T22:54:24.469157750+00:00,1,1,0,1,1,1
2026-09-09T22:54:24.469161750+00:00,1,0,0,1,1,1
2026-09-09T22:54:24.469164500+00:00,1,1,0,1,1,1
2026-09-09T22:54:24.469169000+00:00,1,0,1,1,1,1
2026-09-09T22:54:24.469171500+00:00,1,1,1,1,1,1
2026-09-09T22:54:24.469175750+00:00,1,0,1,1,1,1
2026-09-09T22:54:24.469178500+00:00,1,1,1,1,1,1
2026-09-09T22:54:24.469182375+00:00,1,0,1,1,1,1
2026-09-09T22:54:24.469185625+00:00,1,1,1,1,1,1
2026-09-09T22:54:24.469189375+00:00,1,0,0,1,1,1
2026-09-09T22:54:24.469192625+00:00,1,1,0,1,1,1
2026-09-09T22:54:24.469196500+00:00,1,0,0,1,1,1
2026-09-09T22:54:24.469199250+00:00,1,1,0,1,1,1
2026-09-09T22:54:24.469203500+00:00,1,0,1,1,1,1
2026-09-09T22:54:24.469206375+00:00,1,1,1,1,1,1
2026-09-09T22:54:24.469210375+00:00,1,0,0,1,1,1
2026-09-09T22:54:24.469213125+00:00,1,1,0,1,1,1
2026-09-09T22:54:24.469217375+00:00,1,0,0,1,1,1
2026-09-09T22:54:24.469220250+00:00,1,1,0,1,1,1
2026-09-09T22:54:24.469225500+00:00,1,0,1,1,1,1
2026-09-09T22:54:24.469228250+00:00,1,1,1,1,1,1
2026-09-09T22:54:24.469232250+00:00,1,0,1,1,1,1
2026-09-09T22:54:24.469235125+00:00,1,1,1,1,1,1
2026-09-09T22:54:24.469239250+00:00,1,0,1,1,1,1
2026-09-09T22:54:24.469239375+00:00,1,0,0,1,1,1
2026-09-09T22:54:24.469242125+00:00,1,1,0,1,1,1
2026-09-09T22:54:24.469246500+00:00,1,0,0,1,1,1
2026-09-09T22:54:24.469249000+00:00,1,1,0,1,1,1
2026-09-09T22:54:24.469253250+00:00,1,0,1,1,1,1
2026-09-09T22:54:24.469256125+00:00,1,1,1,1,1,1
2026-09-09T22:54:24.469260125+00:00,1,0,1,1,1,1
2026-09-09T22:54:24.469263000+00:00,1,1,1,1,1,1
2026-09-09T22:54:24.469267125+00:00,1,0,1,1,1,1
2026-09-09T22:54:24.469267250+00:00,1,0,0,1,1,1
2026-09-09T22:54:24.469270000+00:00,1,1,0,1,1,1
2026-09-09T22:54:24.469274000+00:00,1,0,1,1,1,1
2026-09-09T22:54:24.469276875+00:00,1,1,1,1,1,1
2026-09-09T22:54:24.469281375+00:00,1,0,0,1,1,1
2026-09-09T22:54:24.469283875+00:00,1,1,0,1,1,1
2026-09-09T22:54:24.469288250+00:00,1,0,0,1,1,1
2026-09-09T22:54:24.469291125+00:00,1,1,0,1,1,1
2026-09-09T22:54:24.469294875+00:00,1,0,0,1,1,1
2026-09-09T22:54:24.469297750+00:00,1,1,0,1,1,1
2026-09-09T22:54:24.469302000+00:00,1,0,1,1,1,1
2026-09-09T22:54:24.469304875+00:00,1,1,1,1,1,1
2026-09-09T22:54:24.469310375+00:00,1,0,0,1,1,1
2026-09-09T22:54:24.469312875+00:00,1,1,0,1,1,1
2026-09-09T22:54:24.469316750+00:00,1,0,1,1,1,1
2026-09-09T22:54:24.469319625+00:00,1,1,1,1,1,1
2026-09-09T22:54:24.469324000+00:00,1,0,1,1,1,1
2026-09-09T22:54:24.469326750+00:00,1,1,1,1,1,1
2026-09-09T22:54:24.469330750+00:00,1,0,0,1,1,1
2026-09-09T22:54:24.469333625+00:00,1,1,0,1,1,1
2026-09-09T22:54:24.469338250+00:00,1,0,1,1,1,1
2026-09-09T22:54:24.469340750+00:00,1,1,1,1,1,1
2026-09-09T22:54:24.469344625+00:00,1,0,1,1,1,1
2026-09-09T22:54:24.469347750+00:00,1,1,1,1,1,1
2026-09-09T22:54:24.469351625+00:00,1,0,0,1,1,1
2026-09-09T22:54:24.469354750+00:00,1,1,0,1,1,1
2026-09-09T22:54:24.469358750+00:00,1,0,0,1,1,1
2026-09-09T22:54:24.469361625+00:00,1,1,0,1,1,1
2026-09-09T22:54:24.469365500+00:00,1,0,1,1,1,1
2026-09-09T22:54:24.469368625+00:00,1,1,1,1,1,1
2026-09-09T22:54:24.469372625+00:00,1,0,1,1,1,1
2026-09-09T22:54:24.469375500+00:00,1,1,1,1,1,1
2026-09-09T22:54:24.469379500+00:00,1,0,0,1,1,1
2026-09-09T22:54:24.469382625+00:00,1,1,0,1,1,1
2026-09-09T22:54:24.469386625+00:00,1,0,1,1,1,1
2026-09-09T22:54:24.469389500+00:00,1,1,1,1,1,1
2026-09-09T22:54:24.469394875+00:00,1,0,0,1,1,1
2026-09-09T22:54:24.469397375+00:00,1,1,0,1,1,1
2026-09-09T22:54:24.469401375+00:00,1,0,0,1,1,1
2026-09-09T22:54:24.469404250+00:00,1,1,0,1,1,1
2026-09-09T22:54:24.469408625+00:00,1,0,0,1,1,1
2026-09-09T22:54:24.469411375+00:00,1,1,0,1,1,1
2026-09-09T22:54:24.469415250+00:00,1,0,1,1,1,1
2026-09-09T22:54:24.469418375+00:00,1,1,1,1,1,1
2026-09-09T22:54:24.469422250+00:00,1,0,1,1,1,1
2026-09-09T22:54:24.469425125+00:00,1,1,1,1,1,1
2026-09-09T22:54:24.469429375+00:00,1,0,0,1,1,1
2026-09-09T22:54:24.469432125+00:00,1,1,0,1,1,1
2026-09-09T22:54:24.469436125+00:00,1,0,0,1,1,1
2026-09-09T22:54:24.469439250+00:00,1,1,0,1,1,1
2026-09-09T22:54:24.469443125+00:00,1,0,1,1,1,1
2026-09-09T22:54:24.469446000+00:00,1,1,1,1,1,1
2026-09-09T22:54:24.469450500+00:00,1,0,0,1,1,1
2026-09-09T22:54:24.469453000+00:00,1,1,0,1,1,1
2026-09-09T22:54:24.469457250+00:00,1,0,0,1,1,1
2026-09-09T22:54:24.469460125+00:00,1,1,0,1,1,1
2026-09-09T22:54:24.469463875+00:00,1,0,0,1,1,1
2026-09-09T22:54:24.469467000+00:00,1,1,0,1,1,1
2026-09-09T22:54:24.469470875+00:00,1,0,0,1,1,1
2026-09-09T22:54:24.469474000+00:00,1,1,0,1,1,1
2026-09-09T22:54:24.469477875+00:00,1,0,1,1,1,1
2026-09-09T22:54:24.469481875+00:00,1,1,1,1,1,1
2026-09-09T22:54:24.469485875+00:00,1,0,1,1,1,1
2026-09-09T22:54:24.469488750+00:00,1,1,1,1,1,1
2026-09-09T22:54:24.469492875+00:00,1,0,0,1,1,1
2026-09-09T22:54:24.469495750+00:00,1,1,0,1,1,1
2026-09-09T22:54:24.469500000+00:00,1,0,1,1,1,1
2026-09-09T22:54:24.469502750+00:00,1,1,1,1,1,1
2026-09-09T22:54:24.469506875+00:00,1,0,1,1,1,1
2026-09-09T22:54:24.469507000+00:00,1,0,0,1,1,1
2026-09-09T22:54:24.469509750+00:00,1,1,0,1,1,1
2026-09-09T22:54:24.469513750+00:00,1,0,0,1,1,1
2026-09-09T22:54:24.469516625+00:00,1,1,0,1,1,1
2026-09-09T22:54:24.469520750+00:00,1,0,0,1,1,1
2026-09-09T22:54:24.469523625+00:00,1,1,0,1,1,1
2026-09-09T22:54:24.469527500+00:00,1,0,0,1,1,1
2026-09-09T22:54:24.469530625+00:00,1,1,0,1,1,1
2026-09-09T22:54:24.469534500+00:00,1,0,1,1,1,1
2026-09-09T22:54:24.469537750+00:00,1,1,1,1,1,1
2026-09-09T22:54:24.469541625+00:00,1,0,0,1,1,1
2026-09-09T22:54:24.469544500+00:00,1,1,0,1,1,1
2026-09-09T22:54:24.469548625+00:00,1,0,1,1,1,1
2026-09-09T22:54:24.469551375+00:00,1,1,1,1,1,1
2026-09-09T22:54:24.469555750+00:00,1,0,0,1,1,1
2026-09-09T22:54:24.469558625+00:00,1,1,0,1,1,1
2026-09-09T22:54:24.469562750+00:00,1,0,0,1,1,1
2026-09-09T22:54:24.469565500+00:00,1,1,0,1,1,1
2026-09-09T22:54:24.469570500+00:00,1,0,1,1,1,1
2026-09-09T22:54:24.469573375+00:00,1,1,1,1,1,1
2026-09-09T22:54:24.469577375+00:00,1,0,0,1,1,1
2026-09-09T22:54:24.469580250+00:00,1,1,0,1,1,1
2026-09-09T22:54:24.469584375+00:00,1,0,0,1,1,1
2026-09-09T22:54:24.469587125+00:00,1,1,0,1,1,1
2026-09-09T22:54:24.469591250+00:00,1,0,1,1,1,1
2026-09-09T22:54:24.469594125+00:00,1,1,1,1,1,1
2026-09-09T22:54:24.469598250+00:00,1,0,1,1,1,1
2026-09-09T22:54:24.469601125+00:00,1,1,1,1,1,1
2026-09-09T22:54:24.469605500+00:00,1,0,1,1,1,1
2026-09-09T22:54:24.469608250+00:00,1,1,1,1,1,1
2026-09-09T22:54:24.469612125+00:00,1,0,0,1,1,1
2026-09-09T22:54:24.469615250+00:00,1,1,0,1,1,1
2026-09-09T22:54:24.469619375+00:00,1,0,0,1,1,1
2026-09-09T22:54:24.469622250+00:00,1,1,0,1,1,1
2026-09-09T22:54:24.469626250+00:00,1,0,1,1,1,1
2026-09-09T22:54:24.469629125+00:00,1,1,1,1,1,1
2026-09-09T22:54:24.469633125+00:00,1,0,1,1,1,1
2026-09-09T22:54:24.469636000+00:00,1,1,1,1,1,1
2026-09-09T22:54:24.469640125+00:00,1,0,0,1,1,1
2026-09-09T22:54:24.469643000+00:00,1,1,0,1,1,1
2026-09-09T22:54:24.469647000+00:00,1,0,1,1,1,1
2026-09-09T22:54:24.469649875+00:00,1,1,1,1,1,1
2026-09-09T22:54:24.469655500+00:00,1,0,1,1,1,1
2026-09-09T22:54:24.469658000+00:00,1,1,1,1,1,1
2026-09-09T22:54:24.469661750+00:00,1,0,1,1,1,1
2026-09-09T22:54:24.469665000+00:00,1,1,1,1,1,1
2026-09-09T22:54:24.469668875+00:00,1,0,1,1,1,1
2026-09-09T22:54:24.469671750+00:00,1,1,1,1,1,1
2026-09-09T22:54:24.469676250+00:00,1,0,0,1,1,1
2026-09-09T22:54:24.469678750+00:00,1,1,0,1,1,1
2026-09-09T22:54:24.469682625+00:00,1,0,1,1,1,1
2026-09-09T22:54:24.469685750+00:00,1,1,1,1,1,1
2026-09-09T22:54:24.469689625+00:00,1,0,1,1,1,1
2026-09-09T22:54:24.469692750+00:00,1,1,1,1,1,1
2026-09-09T22:54:24.469696750+00:00,1,0,0,1,1,1
2026-09-09T22:54:24.469699500+00:00,1,1,0,1,1,1
2026-09-09T22:54:24.469703875+00:00,1,0,1,1,1,1
2026-09-09T22:54:24.469706625+00:00,1,1,1,1,1,1
2026-09-09T22:54:24.469710625+00:00,1,0,1,1,1,1
2026-09-09T22:54:24.469713750+00:00,1,1,1,1,1,1
2026-09-09T22:54:24.469717625+00:00,1,0,1,1,1,1
2026-09-09T22:54:24.469720375+00:00,1,1,1,1,1,1
2026-09-09T22:54:24.469724625+00:00,1,0,0,1,1,1
2026-09-09T22:54:24.469727500+00:00,1,1,0,1,1,1
2026-09-09T22:54:24.469731750+00:00,1,0,0,1,1,1
2026-09-09T22:54:24.469734625+00:00,1,1,0,1,1,1
2026-09-09T22:54:24.469739875+00:00,1,0,0,1,1,1
2026-09-09T22:54:24.469742375+00:00,1,1,0,1,1,1
2026-09-09T22:54:24.469746500+00:00,1,0,1,1,1,1
2026-09-09T22:54:24.469749375+00:00,1,1,1,1,1,1
2026-09-09T22:54:24.469753500+00:00,1,0,0,1,1,1
2026-09-09T22:54:24.469756375+00:00,1,1,0,1,1,1
2026-09-09T22:54:24.469760125+00:00,1,0,1,1,1,1
2026-09-09T22:54:24.469762375+00:00,1,1,1,1,1,1
2026-09-09T22:54:24.469766250+00:00,1,0,1,1,1,1
2026-09-09T22:54:24.469769375+00:00,1,1,1,1,1,1
2026-09-09T22:54:24.469773375+00:00,1,0,0,1,1,1
2026-09-09T22:54:24.469776250+00:00,1,1,0,1,1,1
2026-09-09T22:54:24.469780500+00:00,1,0,1,1,1,1
2026-09-09T22:54:24.469783375+00:00,1,1,1,1,1,1
2026-09-09T22:54:24.469787500+00:00,1,0,0,1,1,1
2026-09-09T22:54:24.469790375+00:00,1,1,0,1,1,1
2026-09-09T22:54:24.469794250+00:00,1,0,1,1,1,1
2026-09-09T22:54:24.469797125+00:00,1,1,1,1,1,1
2026-09-09T22:54:24.469801375+00:00,1,0,1,1,1,1
2026-09-09T22:54:24.469804125+00:00,1,1,1,1,1,1
2026-09-09T22:54:24.469808000+00:00,1,0,1,1,1,1
2026-09-09T22:54:24.469811125+00:00,1,1,1,1,1,1
2026-09-09T22:54:24.469815000+00:00,1,0,0,1,1,1
2026-09-09T22:54:24.469818125+00:00,1,1,0,1,1,1
2026-09-09T22:54:24.469822000+00:00,1,0,0,1,1,1
2026-09-09T22:54:24.469826625+00:00,1,1,0,1,1,1
2026-09-09T22:54:24.469830125+00:00,1,0,1,1,1,1
2026-09-09T22:54:24.469833000+00:00,1,1,1,1,1,1
2026-09-09T22:54:24.469837000+00:00,1,0,1,1,1,1
2026-09-09T22:54:24.469839750+00:00,1,1,1,1,1,1
2026-09-09T22:54:24.469844375+00:00,1,0,0,1,1,1
2026-09-09T22:54:24.469846875+00:00,1,1,0,1,1,1
2026-09-09T22:54:24.469850750+00:00,1,0,1,1,1,1
2026-09-09T22:54:24.469854000+00:00,1,1,1,1,1,1
2026-09-09T22:54:24.469857875+00:00,1,0,1,1,1,1
2026-09-09T22:54:24.469860750+00:00,1,1,1,1,1,1
2026-09-09T22:54:24.469864875+00:00,1,0,1,1,1,1
2026-09-09T22:54:24.469867625+00:00,1,1,1,1,1,1
2026-09-09T22:54:24.469871750+00:00,1,0,1,1,1,1
2026-09-09T22:54:24.469874625+00:00,1,1,1,1,1,1
2026-09-09T22:54:24.469878875+00:00,1,0,0,1,1,1
2026-09-09T22:54:24.469881750+00:00,1,1,0,1,1,1
2026-09-09T22:54:24.469885750+00:00,1,0,0,1,1,1
2026-09-09T22:54:24.469888625+00:00,1,1,0,1,1,1
2026-09-09T22:54:24.469892875+00:00,1,0,1,1,1,1
2026-09-09T22:54:24.469895750+00:00,1,1,1,1,1,1
2026-09-09T22:54:24.469899875+00:00,1,0,0,1,1,1
2026-09-09T22:54:24.469902750+00:00,1,1,0,1,1,1
2026-09-09T22:54:24.469906625+00:00,1,0,1,1,1,1
2026-09-09T22:54:24.469909375+00:00,1,1,1,1,1,1
2026-09-09T22:54:24.469914625+00:00,1,0,1,1,1,1
2026-09-09T22:54:24.469917375+00:00,1,1,1,1,1,1
2026-09-09T22:54:24.469921750+00:00,1,0,1,1,1,1
2026-09-09T22:54:24.469924625+00:00,1,1,1,1,1,1
2026-09-09T22:54:24.469928500+00:00,1,0,0,1,1,1
2026-09-09T22:54:24.469931375+00:00,1,1,0,1,1,1
2026-09-09T22:54:24.469935625+00:00,1,0,0,1,1,1
2026-09-09T22:54:24.469938500+00:00,1,1,0,1,1,1
2026-09-09T22:54:24.469942375+00:00,1,0,1,1,1,1
2026-09-09T22:54:24.469945250+00:00,1,1,1,1,1,1
2026-09-09T22:54:24.469949500+00:00,1,0,1,1,1,1
2026-09-09T22:54:24.469952250+00:00,1,1,1,1,1,1
2026-09-09T22:54:24.469956750+00:00,1,0,0,1,1,1
2026-09-09T22:54:24.469959375+00:00,1,1,0,1,1,1
2026-09-09T22:54:24.469963250+00:00,1,0,1,1,1,1
2026-09-09T22:54:24.469966125+00:00,1,1,1,1,1,1
2026-09-09T22:54:24.469970250+00:00,1,0,1,1,1,1
2026-09-09T22:54:24.469973125+00:00,1,1,1,1,1,1
2026-09-09T22:54:24.469977250+00:00,1,0,1,1,1,1
2026-09-09T22:54:24.469980125+00:00,1,1,1,1,1,1
2026-09-09T22:54:24.469984250+00:00,1,0,0,1,1,1
2026-09-09T22:54:24.469987125+00:00,1,1,0,1,1,1
2026-09-09T22:54:24.469991250+00:00,1,0,0,1,1,1
2026-09-09T22:54:24.469991375+00:00,1,0,1,1,1,1
2026-09-09T22:54:24.469994125+00:00,1,1,1,1,1,1
2026-09-09T22:54:24.469999375+00:00,1,0,0,1,1,1
2026-09-09T22:54:24.470001875+00:00,1,1,0,1,1,1
2026-09-09T22:54:24.470006250+00:00,1,0,0,1,1,1
2026-09-09T22:54:24.470009125+00:00,1,1,0,1,1,1
2026-09-09T22:54:24.470013250+00:00,1,0,0,1,1,1
2026-09-09T22:54:24.470016125+00:00,1,1,0,1,1,1
2026-09-09T22:54:24.470019875+00:00,1,0,1,1,1,1
2026-09-09T22:54:24.470022875+00:00,1,1,1,1,1,1
2026-09-09T22:54:24.470027000+00:00,1,0,1,1,1,1
2026-09-09T22:54:24.470029875+00:00,1,1,1,1,1,1
2026-09-09T22:54:24.470034125+00:00,1,0,1,1,1,1
2026-09-09T22:54:24.470034250+00:00,1,0,0,1,1,1
2026-09-09T22:54:24.470037000+00:00,1,1,0,1,1,1
2026-09-09T22:54:24.470041000+00:00,1,0,0,1,1,1
2026-09-09T22:54:24.470043875+00:00,1,1,0,1,1,1
2026-09-09T22:54:24.470047875+00:00,1,0,1,1,1,1
2026-09-09T22:54:24.470050750+00:00,1,1,1,1,1,1
2026-09-09T22:54:24.470054875+00:00,1,0,0,1,1,1
2026-09-09T22:54:24.470057750+00:00,1,1,0,1,1,1
2026-09-09T22:54:24.470061875+00:00,1,0,1,1,1,1
2026-09-09T22:54:24.470064625+00:00,1,1,1,1,1,1
2026-09-09T22:54:24.470069250+00:00,1,0,0,1,1,1
2026-09-09T22:54:24.470071875+00:00,1,1,0,1,1,1
2026-09-09T22:54:24.470075625+00:00,1,0,1,1,1,1
2026-09-09T22:54:24.470078750+00:00,1,1,1,1,1,1
2026-09-09T22:54:24.470082625+00:00,1,0,1,1,1,1
2026-09-09T22:54:24.470086000+00:00,1,1,1,1,1,1
2026-09-09T22:54:24.470089625+00:00,1,0,0,1,1,1
2026-09-09T22:54:24.470092500+00:00,1,1,0,1,1,1
2026-09-09T22:54:24.470096750+00:00,1,0,1,1,1,1
2026-09-09T22:54:24.470099625+00:00,1,1,1,1,1,1
2026-09-09T22:54:24.470103500+00:00,1,0,1,1,1,1
2026-09-09T22:54:24.470106625+00:00,1,1,1,1,1,1
2026-09-09T22:54:24.470110500+00:00,1,0,0,1,1,1
2026-09-09T22:54:24.470113375+00:00,1,1,0,1,1,1
2026-09-09T22:54:24.470117625+00:00,1,0,1,1,1,1
2026-09-09T22:54:24.470120375+00:00,1,1,1,1,1,1
2026-09-09T22:54:24.470124625+00:00,1,0,0,1,1,1
2026-09-09T22:54:24.470127500+00:00,1,1,0,1,1,1
2026-09-09T22:54:24.470131500+00:00,1,0,0,1,1,1
2026-09-09T22:54:24.470134375+00:00,1,1,0,1,1,1
2026-09-09T22:54:24.470138625+00:00,1,0,1,1,1,1
2026-09-09T22:54:24.470141500+00:00,1,1,1,1,1,1
2026-09-09T22:54:24.470145500+00:00,1,0,0,1,1,1
2026-09-09T22:54:24.470148250+00:00,1,1,0,1,1,1
2026-09-09T22:54:24.470152250+00:00,1,0,0,1,1,1
2026-09-09T22:54:24.470155375+00:00,1,1,0,1,1,1
2026-09-09T22:54:24.470159250+00:00,1,0,0,1,1,1
2026-09-09T22:54:24.470162000+00:00,1,1,0,1,1,1
2026-09-09T22:54:24.470166250+00:00,1,0,0,1,1,1
2026-09-09T22:54:24.470169125+00:00,1,1,0,1,1,1
2026-09-09T22:54:24.470173500+00:00,1,0,0,1,1,1
2026-09-09T22:54:24.470176250+00:00,1,1,0,1,1,1
2026-09-09T22:54:24.470180375+00:00,1,0,0,1,1,1
2026-09-09T22:54:24.470183250+00:00,1,1,0,1,1,1
2026-09-09T22:54:24.470187125+00:00,1,0,1,1,1,1
2026-09-09T22:54:24.470190000+00:00,1,1,1,1,1,1
2026-09-09T22:54:24.470194250+00:00,1,0,1,1,1,1
2026-09-09T22:54:24.470197000+00:00,1,1,1,1,1,1
2026-09-09T22:54:24.470200875+00:00,1,0,0,1,1,1
2026-09-09T22:54:24.470204125+00:00,1,1,0,1,1,1
2026-09-09T22:54:24.470208125+00:00,1,0,0,1,1,1
2026-09-09T22:54:24.470210875+00:00,1,1,0,1,1,1
2026-09-09T22:54:24.470215250+00:00,1,0,1,1,1,1
2026-09-09T22:54:24.470218125+00:00,1,1,1,1,1,1
2026-09-09T22:54:24.470222000+00:00,1,0,1,1,1,1
2026-09-09T22:54:24.470222125+00:00,1,0,0,1,1,1
2026-09-09T22:54:24.470224875+00:00,1,1,0,1,1,1
2026-09-09T22:54:24.470228750+00:00,1,0,0,1,1,1
2026-09-09T22:54:24.470231875+00:00,1,1,0,1,1,1
2026-09-09T22:54:24.470236125+00:00,1,0,0,1,1,1
2026-09-09T22:54:24.470239000+00:00,1,1,0,1,1,1
2026-09-09T22:54:24.470242750+00:00,1,0,1,1,1,1
2026-09-09T22:54:24.470245875+00:00,1,1,1,1,1,1
2026-09-09T22:54:24.470249875+00:00,1,0,1,1,1,1
2026-09-09T22:54:24.470252750+00:00,1,1,1,1,1,1
2026-09-09T22:54:24.470258000+00:00,1,0,0,1,1,1
2026-09-09T22:54:24.470260875+00:00,1,1,0,1,1,1
2026-09-09T22:54:24.470264750+00:00,1,0,1,1,1,1
2026-09-09T22:54:24.470267500+00:00,1,1,1,1,1,1
2026-09-09T22:54:24.470271750+00:00,1,0,0,1,1,1
2026-09-09T22:54:24.470274500+00:00,1,1,0,1,1,1
2026-09-09T22:54:24.470278875+00:00,1,0,0,1,1,1
2026-09-09T22:54:24.470281750+00:00,1,1,0,1,1,1
2026-09-09T22:54:24.470285625+00:00,1,0,0,1,1,1
2026-09-09T22:54:24.470285750+00:00,1,0,1,1,1,1
2026-09-09T22:54:24.470288500+00:00,1,1,1,1,1,1
2026-09-09T22:54:24.470293125+00:00,1,0,0,1,1,1
2026-09-09T22:54:24.470295625+00:00,1,1,0,1,1,1
2026-09-09T22:54:24.470299500+00:00,1,0,1,1,1,1
2026-09-09T22:54:24.470302625+00:00,1,1,1,1,1,1
2026-09-09T22:54:24.470306500+00:00,1,0,1,1,1,1
2026-09-09T22:54:24.470309375+00:00,1,1,1,1,1,1
2026-09-09T22:54:24.470313625+00:00,1,0,1,1,1,1
2026-09-09T22:54:24.470316500+00:00,1,1,1,1,1,1
2026-09-09T22:54:24.470320250+00:00,1,0,0,1,1,1
2026-09-09T22:54:24.470323500+00:00,1,1,0,1,1,1
2026-09-09T22:54:24.470327500+00:00,1,0,0,1,1,1
2026-09-09T22:54:24.470330250+00:00,1,1,0,1,1,1
2026-09-09T22:54:24.470334625+00:00,1,0,1,1,1,1
2026-09-09T22:54:24.470337500+00:00,1,1,1,1,1,1
2026-09-09T22:54:24.470341500+00:00,1,0,1,1,1,1
2026-09-09T22:54:24.470345000+00:00,1,1,1,1,1,1
2026-09-09T22:54:24.470348750+00:00,1,0,0,1,1,1
2026-09-09T22:54:24.470351250+00:00,1,1,0,1,1,1
2026-09-09T22:54:24.470355125+00:00,1,0,1,1,1,1
2026-09-09T22:54:24.470358250+00:00,1,1,1,1,1,1
2026-09-09T22:54:24.470362000+00:00,1,0,1,1,1,1
2026-09-09T22:54:24.470365250+00:00,1,1,1,1,1,1
2026-09-09T22:54:24.470369125+00:00,1,0,0,1,1,1
2026-09-09T22:54:24.470372000+00:00,1,1,0,1,1,1
2026-09-09T22:54:24.470376250+00:00,1,0,1,1,1,1
2026-09-09T22:54:24.470379125+00:00,1,1,1,1,1,1
2026-09-09T22:54:24.470383000+00:00,1,0,0,1,1,1
2026-09-09T22:54:24.470385875+00:00,1,1,0,1,1,1
2026-09-09T22:54:24.470390125+00:00,1,0,1,1,1,1
2026-09-09T22:54:24.470393000+00:00,1,1,1,1,1,1
2026-09-09T22:54:24.470397125+00:00,1,0,1,1,1,1
2026-09-09T22:54:24.470400000+00:00,1,1,1,1,1,1
2026-09-09T22:54:24.470404250+00:00,1,0,0,1,1,1
2026-09-09T22:54:24.470407125+00:00,1,1,0,1,1,1
2026-09-09T22:54:24.470411125+00:00,1,0,0,1,1,1
2026-09-09T22:54:24.470413875+00:00,1,1,0,1,1,1
2026-09-09T22:54:24.470417875+00:00,1,0,0,1,1,1
2026-09-09T22:54:24.470420750+00:00,1,1,0,1,1,1
2026-09-09T22:54:24.470424875+00:00,1,0,0,1,1,1
2026-09-09T22:54:24.470427750+00:00,1,1,0,1,1,1
2026-09-09T22:54:24.470432500+00:00,1,0,1,1,1,1
2026-09-09T22:54:24.470434625+00:00,1,1,1,1,1,1
2026-09-09T22:54:24.470438875+00:00,1,0,1,1,1,1
2026-09-09T22:54:24.470441750+00:00,1,1,1,1,1,1
2026-09-09T22:54:24.470446000+00:00,1,0,0,1,1,1
2026-09-09T22:54:24.470448875+00:00,1,1,0,1,1,1
2026-09-09T22:54:24.470452875+00:00,1,0,1,1,1,1
2026-09-09T22:54:24.470455750+00:00,1,1,1,1,1,1
2026-09-09T22:54:24.470459875+00:00,1,0,0,1,1,1
2026-09-09T22:54:24.470462750+00:00,1,1,0,1,1,1
2026-09-09T22:54:24.470466625+00:00,1,0,0,1,1,1
2026-09-09T22:54:24.470469500+00:00,1,1,0,1,1,1
2026-09-09T22:54:24.470473625+00:00,1,0,0,1,1,1
2026-09-09T22:54:24.470476500+00:00,1,1,0,1,1,1
2026-09-09T22:54:24.470480750+00:00,1,0,0,1,1,1
2026-09-09T22:54:24.470483625+00:00,1,1,0,1,1,1
2026-09-09T22:54:24.470487500+00:00,1,0,1,1,1,1
2026-09-09T22:54:24.470490375+00:00,1,1,1,1,1,1
2026-09-09T22:54:24.470494625+00:00,1,0,0,1,1,1
2026-09-09T22:54:24.470497500+00:00,1,1,0,1,1,1
2026-09-09T22:54:24.470501375+00:00,1,0,1,1,1,1
2026-09-09T22:54:24.470504250+00:00,1,1,1,1,1,1
2026-09-09T22:54:24.470508500+00:00,1,0,0,1,1,1
2026-09-09T22:54:24.470511250+00:00,1,1,0,1,1,1
2026-09-09T22:54:24.470517125+00:00,1,0,0,1,1,1
2026-09-09T22:54:24.470519250+00:00,1,1,0,1,1,1
2026-09-09T22:54:24.470523500+00:00,1,0,1,1,1,1
2026-09-09T22:54:24.470526375+00:00,1,1,1,1,1,1
2026-09-09T22:54:24.470530250+00:00,1,0,0,1,1,1
2026-09-09T22:54:24.470533375+00:00,1,1,0,1,1,1
2026-09-09T22:54:24.470537250+00:00,1,0,1,1,1,1
2026-09-09T22:54:24.470540375+00:00,1,1,1,1,1,1
2026-09-09T22:54:24.470544375+00:00,1,0,0,1,1,1
2026-09-09T22:54:24.470547250+00:00,1,1,0,1,1,1
2026-09-09T22:54:24.470551000+00:00,1,0,0,1,1,1
2026-09-09T22:54:24.470554125+00:00,1,1,0,1,1,1
2026-09-09T22:54:24.470558125+00:00,1,0,0,1,1,1
2026-09-09T22:54:24.470561250+00:00,1,1,0,1,1,1
2026-09-09T22:54:24.470565125+00:00,1,0,0,1,1,1
2026-09-09T22:54:24.470568000+00:00,1,1,0,1,1,1
2026-09-09T22:54:24.470572500+00:00,1,0,0,1,1,1
2026-09-09T22:54:24.470575125+00:00,1,1,0,1,1,1
2026-09-09T22:54:24.470579000+00:00,1,0,1,1,1,1
2026-09-09T22:54:24.470581875+00:00,1,1,1,1,1,1
2026-09-09T22:54:24.470586000+00:00,1,0,1,1,1,1
2026-09-09T22:54:24.470588875+00:00,1,1,1,1,1,1
2026-09-09T22:54:24.470593125+00:00,1,0,1,1,1,1
2026-09-09T22:54:24.470596000+00:00,1,1,1,1,1,1
2026-09-09T22:54:24.470600000+00:00,1,0,0,1,1,1
2026-09-09T22:54:24.470604000+00:00,1,1,0,1,1,1
2026-09-09T22:54:24.470608000+00:00,1,0,0,1,1,1
2026-09-09T22:54:24.470610750+00:00,1,1,0,1,1,1
2026-09-09T22:54:24.470615125+00:00,1,0,1,1,1,1
2026-09-09T22:54:24.470618000+00:00,1,1,1,1,1,1
2026-09-09T22:54:24.470621875+00:00,1,0,1,1,1,1
2026-09-09T22:54:24.470622000+00:00,1,0,0,1,1,1
2026-09-09T22:54:24.470624750+00:00,1,1,0,1,1,1
2026-09-09T22:54:24.470629000+00:00,1,0,0,1,1,1
2026-09-09T22:54:24.470631875+00:00,1,1,0,1,1,1
2026-09-09T22:54:24.470635750+00:00,1,0,1,1,1,1
2026-09-09T22:54:24.470638625+00:00,1,1,1,1,1,1
2026-09-09T22:54:24.470642875+00:00,1,0,1,1,1,1
2026-09-09T22:54:24.470645750+00:00,1,1,1,1,1,1
2026-09-09T22:54:24.470649625+00:00,1,0,0,1,1,1
2026-09-09T22:54:24.470652500+00:00,1,1,0,1,1,1
2026-09-09T22:54:24.470656625+00:00,1,0,0,1,1,1
2026-09-09T22:54:24.470659500+00:00,1,1,0,1,1,1
2026-09-09T22:54:24.470663625+00:00,1,0,0,1,1,1
2026-09-09T22:54:24.470663750+00:00,1,0,1,1,1,1
2026-09-09T22:54:24.470666500+00:00,1,1,1,1,1,1
2026-09-09T22:54:24.470670500+00:00,1,0,0,1,1,1
2026-09-09T22:54:24.470673375+00:00,1,1,0,1,1,1
2026-09-09T22:54:24.470677500+00:00,1,0,1,1,1,1
2026-09-09T22:54:24.470680250+00:00,1,1,1,1,1,1
2026-09-09T22:54:24.470684875+00:00,1,0,0,1,1,1
2026-09-09T22:54:24.470687500+00:00,1,1,0,1,1,1
2026-09-09T22:54:24.470691250+00:00,1,0,1,1,1,1
2026-09-09T22:54:24.470694250+00:00,1,1,1,1,1,1
2026-09-09T22:54:24.470698500+00:00,1,0,1,1,1,1
2026-09-09T22:54:24.470701375+00:00,1,1,1,1,1,1
2026-09-09T22:54:24.470705375+00:00,1,0,1,1,1,1
2026-09-09T22:54:24.470708250+00:00,1,1,1,1,1,1
2026-09-09T22:54:24.470712375+00:00,1,0,0,1,1,1
2026-09-09T22:54:24.470715250+00:00,1,1,0,1,1,1
2026-09-09T22:54:24.470719500+00:00,1,0,0,1,1,1
2026-09-09T22:54:24.470722375+00:00,1,1,0,1,1,1
2026-09-09T22:54:24.470726250+00:00,1,0,1,1,1,1
2026-09-09T22:54:24.470729125+00:00,1,1,1,1,1,1
2026-09-09T22:54:24.470733250+00:00,1,0,1,1,1,1
2026-09-09T22:54:24.470736125+00:00,1,1,1,1,1,1
2026-09-09T22:54:24.470740250+00:00,1,0,1,1,1,1
2026-09-09T22:54:24.470740375+00:00,1,0,0,1,1,1
2026-09-09T22:54:24.470743125+00:00,1,1,0,1,1,1
2026-09-09T22:54:24.470747000+00:00,1,0,1,1,1,1
2026-09-09T22:54:24.470750250+00:00,1,1,1,1,1,1
2026-09-09T22:54:24.470754125+00:00,1,0,1,1,1,1
2026-09-09T22:54:24.470757000+00:00,1,1,1,1,1,1
2026-09-09T22:54:24.470761125+00:00,1,0,1,1,1,1
2026-09-09T22:54:24.470764000+00:00,1,1,1,1,1,1
2026-09-09T22:54:24.470768250+00:00,1,0,0,1,1,1
2026-09-09T22:54:24.470771000+00:00,1,1,0,1,1,1
2026-09-09T22:54:24.470776500+00:00,1,0,0,1,1,1
2026-09-09T22:54:24.470779000+00:00,1,1,0,1,1,1
2026-09-09T22:54:24.470782875+00:00,1,0,1,1,1,1
2026-09-09T22:54:24.470786000+00:00,1,1,1,1,1,1
2026-09-09T22:54:24.470790000+00:00,1,0,1,1,1,1
2026-09-09T22:54:24.470792875+00:00,1,1,1,1,1,1
2026-09-09T22:54:24.470797000+00:00,1,0,0,1,1,1
2026-09-09T22:54:24.470799875+00:00,1,1,0,1,1,1
2026-09-09T22:54:24.470803875+00:00,1,0,0,1,1,1
2026-09-09T22:54:24.470806625+00:00,1,1,0,1,1,1
2026-09-09T22:54:24.470810875+00:00,1,0,1,1,1,1
2026-09-09T22:54:24.470813750+00:00,1,1,1,1,1,1
2026-09-09T22:54:24.470817500+00:00,1,0,1,1,1,1
2026-09-09T22:54:24.470817625+00:00,1,0,0,1,1,1
2026-09-09T22:54:24.470820750+00:00,1,1,0,1,1,1
2026-09-09T22:54:24.470824500+00:00,1,0,0,1,1,1
2026-09-09T22:54:24.470827625+00:00,1,1,0,1,1,1
2026-09-09T22:54:24.470831625+00:00,1,0,0,1,1,1
2026-09-09T22:54:24.470834500+00:00,1,1,0,1,1,1
2026-09-09T22:54:24.470838625+00:00,1,0,0,1,1,1
2026-09-09T22:54:24.470841375+00:00,1,1,0,1,1,1
2026-09-09T22:54:24.470845625+00:00,1,0,0,1,1,1
2026-09-09T22:54:24.470848500+00:00,1,1,0,1,1,1
2026-09-09T22:54:24.470852750+00:00,1,0,0,1,1,1
2026-09-09T22:54:24.470855625+00:00,1,1,0,1,1,1
2026-09-09T22:54:24.470859500+00:00,1,0,1,1,1,1
2026-09-09T22:54:24.470862750+00:00,1,1,1,1,1,1
2026-09-09T22:54:24.470866750+00:00,1,0,1,1,1,1
2026-09-09T22:54:24.470869500+00:00,1,1,1,1,1,1
2026-09-09T22:54:24.470873500+00:00,1,0,0,1,1,1
2026-09-09T22:54:24.470876375+00:00,1,1,0,1,1,1
2026-09-09T22:54:24.470880250+00:00,1,0,0,1,1,1
2026-09-09T22:54:24.470883375+00:00,1,1,0,1,1,1
2026-09-09T22:54:24.470887250+00:00,1,0,0,1,1,1
2026-09-09T22:54:24.470890500+00:00,1,1,0,1,1,1
2026-09-09T22:54:24.470894250+00:00,1,0,0,1,1,1
2026-09-09T22:54:24.470897375+00:00,1,1,0,1,1,1
2026-09-09T22:54:24.470901250+00:00,1,0,1,1,1,1
2026-09-09T22:54:24.470904375+00:00,1,1,1,1,1,1
2026-09-09T22:54:24.470908500+00:00,1,0,0,1,1,1
2026-09-09T22:54:24.470911000+00:00,1,1,0,1,1,1
2026-09-09T22:54:24.470915250+00:00,1,0,0,1,1,1
2026-09-09T22:54:24.470915375+00:00,1,0,1,1,1,1
2026-09-09T22:54:24.470918125+00:00,1,1,1,1,1,1
2026-09-09T22:54:24.470922000+00:00,1,0,1,1,1,1
2026-09-09T22:54:24.470925125+00:00,1,1,1,1,1,1
2026-09-09T22:54:24.470929000+00:00,1,0,0,1,1,1
2026-09-09T22:54:24.470932250+00:00,1,1,0,1,1,1
2026-09-09T22:54:24.470936125+00:00,1,0,1,1,1,1
2026-09-09T22:54:24.470938875+00:00,1,1,1,1,1,1
2026-09-09T22:54:24.470943125+00:00,1,0,1,1,1,1
2026-09-09T22:54:24.470946000+00:00,1,1,1,1,1,1
2026-09-09T22:54:24.470950250+00:00,1,0,1,1,1,1
2026-09-09T22:54:24.470952750+00:00,1,1,1,1,1,1
2026-09-09T22:54:24.470956875+00:00,1,0,0,1,1,1
2026-09-09T22:54:24.470959750+00:00,1,1,0,1,1,1
2026-09-09T22:54:24.470964375+00:00,1,0,0,1,1,1
2026-09-09T22:54:24.470966875+00:00,1,1,0,1,1,1
2026-09-09T22:54:24.470970875+00:00,1,0,1,1,1,1
2026-09-09T22:54:24.470973750+00:00,1,1,1,1,1,1
2026-09-09T22:54:24.470978000+00:00,1,0,1,1,1,1
2026-09-09T22:54:24.470980750+00:00,1,1,1,1,1,1
2026-09-09T22:54:24.470984750+00:00,1,0,1,1,1,1
2026-09-09T22:54:24.470987625+00:00,1,1,1,1,1,1
2026-09-09T22:54:24.470991750+00:00,1,0,1,1,1,1
2026-09-09T22:54:24.470994625+00:00,1,1,1,1,1,1
2026-09-09T22:54:24.470998875+00:00,1,0,0,1,1,1
2026-09-09T22:54:24.471001625+00:00,1,1,0,1,1,1
2026-09-09T22:54:24.471005625+00:00,1,0,0,1,1,1
2026-09-09T22:54:24.471008750+00:00,1,1,0,1,1,1
2026-09-09T22:54:24.471012750+00:00,1,0,1,1,1,1
2026-09-09T22:54:24.471016250+00:00,1,1,1,1,1,1
2026-09-09T22:54:24.471020125+00:00,1,0,0,1,1,1
2026-09-09T22:54:24.471022625+00:00,1,1,0,1,1,1
2026-09-09T22:54:24.471026375+00:00,1,0,0,1,1,1
2026-09-09T22:54:24.471029625+00:00,1,1,0,1,1,1
2026-09-09T22:54:24.471034875+00:00,1,0,1,1,1,1
2026-09-09T22:54:24.471037375+00:00,1,1,1,1,1,1
2026-09-09T22:54:24.471041750+00:00,1,0,0,1,1,1
2026-09-09T22:54:24.471044500+00:00,1,1,0,1,1,1
2026-09-09T22:54:24.471048500+00:00,1,0,0,1,1,1
2026-09-09T22:54:24.471051250+00:00,1,1,0,1,1,1
2026-09-09T22:54:24.471055500+00:00,1,0,0,1,1,1
2026-09-09T22:54:24.471058375+00:00,1,1,0,1,1,1
2026-09-09T22:54:24.471062375+00:00,1,0,0,1,1,1
2026-09-09T22:54:24.471065500+00:00,1,1,0,1,1,1
2026-09-09T22:54:24.471069250+00:00,1,0,0,1,1,1
2026-09-09T22:54:24.471072125+00:00,1,1,0,1,1,1
2026-09-09T22:54:24.471076625+00:00,1,0,0,1,1,1
2026-09-09T22:54:24.471079125+00:00,1,1,0,1,1,1
2026-09-09T22:54:24.471083250+00:00,1,0,1,1,1,1
2026-09-09T22:54:24.471086125+00:00,1,1,1,1,1,1
2026-09-09T22:54:24.471090250+00:00,1,0,1,1,1,1
2026-09-09T22:54:24.471093125+00:00,1,1,1,1,1,1
2026-09-09T22:54:24.471097375+00:00,1,0,0,1,1,1
2026-09-09T22:54:24.471100250+00:00,1,1,0,1,1,1
2026-09-09T22:54:24.471104125+00:00,1,0,1,1,1,1
2026-09-09T22:54:24.471107250+00:00,1,1,1,1,1,1
2026-09-09T22:54:24.471111125+00:00,1,0,0,1,1,1
2026-09-09T22:54:24.471114250+00:00,1,1,0,1,1,1
2026-09-09T22:54:24.471118250+00:00,1,0,1,1,1,1
2026-09-09T22:54:24.471121875+00:00,1,1,1,1,1,1
2026-09-09T22:54:24.471126125+00:00,1,0,1,1,1,1
2026-09-09T22:54:24.471129000+00:00,1,1,1,1,1,1
2026-09-09T22:54:24.471133125+00:00,1,0,0,1,1,1
2026-09-09T22:54:24.471135875+00:00,1,1,0,1,1,1
2026-09-09T22:54:24.471139875+00:00,1,0,1,1,1,1
2026-09-09T22:54:24.471142750+00:00,1,1,1,1,1,1
2026-09-09T22:54:24.471147000+00:00,1,0,1,1,1,1
2026-09-09T22:54:24.471149875+00:00,1,1,1,1,1,1
2026-09-09T22:54:24.471153750+00:00,1,0,0,1,1,1
2026-09-09T22:54:24.471157000+00:00,1,1,0,1,1,1
2026-09-09T22:54:24.471160875+00:00,1,0,0,1,1,1
2026-09-09T22:54:24.471163625+00:00,1,1,0,1,1,1
2026-09-09T22:54:24.471167875+00:00,1,0,1,1,1,1
2026-09-09T22:54:24.471170750+00:00,1,1,1,1,1,1
2026-09-09T22:54:24.471175000+00:00,1,0,0,1,1,1
2026-09-09T22:54:24.471177875+00:00,1,1,0,1,1,1
2026-09-09T22:54:24.471181750+00:00,1,0,1,1,1,1
2026-09-09T22:54:24.471184625+00:00,1,1,1,1,1,1
2026-09-09T22:54:24.471189125+00:00,1,0,0,1,1,1
2026-09-09T22:54:24.471191625+00:00,1,1,0,1,1,1
2026-09-09T22:54:24.471195500+00:00,1,0,1,1,1,1
2026-09-09T22:54:24.471197625+00:00,1,1,1,1,1,1
2026-09-09T22:54:24.471201500+00:00,1,0,1,1,1,1
2026-09-09T22:54:24.471204625+00:00,1,1,1,1,1,1
2026-09-09T22:54:24.471209000+00:00,1,0,1,1,1,1
2026-09-09T22:54:24.471211500+00:00,1,1,1,1,1,1
2026-09-09T22:54:24.471215750+00:00,1,0,1,1,1,1
2026-09-09T22:54:24.471218625+00:00,1,1,1,1,1,1
2026-09-09T22:54:24.471222500+00:00,1,0,0,1,1,1
2026-09-09T22:54:24.471225375+00:00,1,1,0,1,1,1
2026-09-09T22:54:24.471229750+00:00,1,0,0,1,1,1
2026-09-09T22:54:24.471232500+00:00,1,1,0,1,1,1
2026-09-09T22:54:24.471236375+00:00,1,0,1,1,1,1
2026-09-09T22:54:24.471239250+00:00,1,1,1,1,1,1
2026-09-09T22:54:24.471243750+00:00,1,0,0,1,1,1
2026-09-09T22:54:24.471246250+00:00,1,1,0,1,1,1
2026-09-09T22:54:24.471250500+00:00,1,0,0,1,1,1
2026-09-09T22:54:24.471253375+00:00,1,1,0,1,1,1
2026-09-09T22:54:24.471257250+00:00,1,0,1,1,1,1
2026-09-09T22:54:24.471260375+00:00,1,1,1,1,1,1
2026-09-09T22:54:24.471264375+00:00,1,0,0,1,1,1
2026-09-09T22:54:24.471267250+00:00,1,1,0,1,1,1
2026-09-09T22:54:24.471271375+00:00,1,0,0,1,1,1
2026-09-09T22:54:24.471274250+00:00,1,1,0,1,1,1
2026-09-09T22:54:24.471278250+00:00,1,0,0,1,1,1
2026-09-09T22:54:24.471281000+00:00,1,1,0,1,1,1
2026-09-09T22:54:24.471285250+00:00,1,0,0,1,1,1
2026-09-09T22:54:24.471288125+00:00,1,1,0,1,1,1
2026-09-09T22:54:24.471292000+00:00,1,0,0,1,1,1
2026-09-09T22:54:24.471296250+00:00,1,1,0,1,1,1
2026-09-09T22:54:24.471300375+00:00,1,0,0,1,1,1
2026-09-09T22:54:24.471303125+00:00,1,1,0,1,1,1
2026-09-09T22:54:24.471307000+00:00,1,0,1,1,1,1
2026-09-09T22:54:24.471310125+00:00,1,1,1,1,1,1
2026-09-09T22:54:24.471314000+00:00,1,0,1,1,1,1
2026-09-09T22:54:24.471316875+00:00,1,1,1,1,1,1
2026-09-09T22:54:24.471321125+00:00,1,0,1,1,1,1
2026-09-09T22:54:24.471323875+00:00,1,1,1,1,1,1
2026-09-09T22:54:24.471328125+00:00,1,0,0,1,1,1
2026-09-09T22:54:24.471330875+00:00,1,1,0,1,1,1
2026-09-09T22:54:24.471334750+00:00,1,0,0,1,1,1
2026-09-09T22:54:24.471334875+00:00,1,0,1,1,1,1
2026-09-09T22:54:24.471338000+00:00,1,1,1,1,1,1
2026-09-09T22:54:24.471341875+00:00,1,0,0,1,1,1
2026-09-09T22:54:24.471344750+00:00,1,1,0,1,1,1
2026-09-09T22:54:24.471349000+00:00,1,0,0,1,1,1
2026-09-09T22:54:24.471351875+00:00,1,1,0,1,1,1
2026-09-09T22:54:24.471356125+00:00,1,0,0,1,1,1
2026-09-09T22:54:24.471358750+00:00,1,1,0,1,1,1
2026-09-09T22:54:24.471362875+00:00,1,0,1,1,1,1
2026-09-09T22:54:24.471365625+00:00,1,1,1,1,1,1
2026-09-09T22:54:24.471370000+00:00,1,0,1,1,1,1
2026-09-09T22:54:24.471372875+00:00,1,1,1,1,1,1
2026-09-09T22:54:24.471376750+00:00,1,0,0,1,1,1
2026-09-09T22:54:24.471380625+00:00,1,1,0,1,1,1
2026-09-09T22:54:24.471384500+00:00,1,0,1,1,1,1
2026-09-09T22:54:24.471387750+00:00,1,1,1,1,1,1
2026-09-09T22:54:24.471391625+00:00,1,0,1,1,1,1
2026-09-09T22:54:24.471394500+00:00,1,1,1,1,1,1
2026-09-09T22:54:24.471398625+00:00,1,0,1,1,1,1
2026-09-09T22:54:24.471401375+00:00,1,1,1,1,1,1
2026-09-09T22:54:24.471405625+00:00,1,0,1,1,1,1
2026-09-09T22:54:24.471408500+00:00,1,1,1,1,1,1
2026-09-09T22:54:24.471412750+00:00,1,0,0,1,1,1
2026-09-09T22:54:24.471415625+00:00,1,1,0,1,1,1
2026-09-09T22:54:24.471419625+00:00,1,0,0,1,1,1
2026-09-09T22:54:24.471422375+00:00,1,1,0,1,1,1
2026-09-09T22:54:24.471426625+00:00,1,0,1,1,1,1
2026-09-09T22:54:24.471429500+00:00,1,1,1,1,1,1
2026-09-09T22:54:24.471433500+00:00,1,0,0,1,1,1
2026-09-09T22:54:24.471436250+00:00,1,1,0,1,1,1
2026-09-09T22:54:24.471440500+00:00,1,0,0,1,1,1
2026-09-09T22:54:24.471443375+00:00,1,1,0,1,1,1
2026-09-09T22:54:24.471447125+00:00,1,0,0,1,1,1
2026-09-09T22:54:24.471450375+00:00,1,1,0,1,1,1
2026-09-09T22:54:24.471454250+00:00,1,0,0,1,1,1
2026-09-09T22:54:24.471457375+00:00,1,1,0,1,1,1
2026-09-09T22:54:24.471461250+00:00,1,0,0,1,1,1
2026-09-09T22:54:24.471464375+00:00,1,1,0,1,1,1
2026-09-09T22:54:24.471468500+00:00,1,0,0,1,1,1
2026-09-09T22:54:24.471471125+00:00,1,1,0,1,1,1
2026-09-09T22:54:24.471475250+00:00,1,0,1,1,1,1
2026-09-09T22:54:24.471478125+00:00,1,1,1,1,1,1
2026-09-09T22:54:24.471482250+00:00,1,0,1,1,1,1
2026-09-09T22:54:24.471485125+00:00,1,1,1,1,1,1
2026-09-09T22:54:24.471489000+00:00,1,0,1,1,1,1
2026-09-09T22:54:24.471492125+00:00,1,1,1,1,1,1
2026-09-09T22:54:24.471496125+00:00,1,0,0,1,1,1
2026-09-09T22:54:24.471499000+00:00,1,1,0,1,1,1
2026-09-09T22:54:24.471503125+00:00,1,0,0,1,1,1
2026-09-09T22:54:24.471506000+00:00,1,1,0,1,1,1
2026-09-09T22:54:24.471510125+00:00,1,0,1,1,1,1
2026-09-09T22:54:24.471513000+00:00,1,1,1,1,1,1
2026-09-09T22:54:24.471516875+00:00,1,0,0,1,1,1
2026-09-09T22:54:24.471520000+00:00,1,1,0,1,1,1
2026-09-09T22:54:24.471524125+00:00,1,0,0,1,1,1
2026-09-09T22:54:24.471527000+00:00,1,1,0,1,1,1
2026-09-09T22:54:24.471530875+00:00,1,0,1,1,1,1
2026-09-09T22:54:24.471533750+00:00,1,1,1,1,1,1
2026-09-09T22:54:24.471537875+00:00,1,0,1,1,1,1
2026-09-09T22:54:24.471540750+00:00,1,1,1,1,1,1
2026-09-09T22:54:24.471545125+00:00,1,0,0,1,1,1
2026-09-09T22:54:24.471547875+00:00,1,1,0,1,1,1
2026-09-09T22:54:24.471553250+00:00,1,0,0,1,1,1
2026-09-09T22:54:24.471555750+00:00,1,1,0,1,1,1
2026-09-09T22:54:24.471559750+00:00,1,0,1,1,1,1
2026-09-09T22:54:24.471562625+00:00,1,1,1,1,1,1
2026-09-09T22:54:24.471566750+00:00,1,0,0,1,1,1
2026-09-09T22:54:24.471569625+00:00,1,1,0,1,1,1
2026-09-09T22:54:24.471573750+00:00,1,0,1,1,1,1
2026-09-09T22:54:24.471576625+00:00,1,1,1,1,1,1
2026-09-09T22:54:24.471581250+00:00,1,0,0,1,1,1
2026-09-09T22:54:24.471583750+00:00,1,1,0,1,1,1
2026-09-09T22:54:24.471587625+00:00,1,0,1,1,1,1
2026-09-09T22:54:24.471590500+00:00,1,1,1,1,1,1
2026-09-09T22:54:24.471594750+00:00,1,0,1,1,1,1
2026-09-09T22:54:24.471597500+00:00,1,1,1,1,1,1
2026-09-09T22:54:24.471601375+00:00,1,0,0,1,1,1
2026-09-09T22:54:24.471604625+00:00,1,1,0,1,1,1
2026-09-09T22:54:24.471608500+00:00,1,0,0,1,1,1
2026-09-09T22:54:24.471611250+00:00,1,1,0,1,1,1
2026-09-09T22:54:24.471615500+00:00,1,0,0,1,1,1
2026-09-09T22:54:24.471618375+00:00,1,1,0,1,1,1
2026-09-09T22:54:24.471622625+00:00,1,0,1,1,1,1
2026-09-09T22:54:24.471625500+00:00,1,1,1,1,1,1
2026-09-09T22:54:24.471629375+00:00,1,0,1,1,1,1
2026-09-09T22:54:24.471629500+00:00,1,0,0,1,1,1
2026-09-09T22:54:24.471632250+00:00,1,1,0,1,1,1
2026-09-09T22:54:24.471636750+00:00,1,0,0,1,1,1
2026-09-09T22:54:24.471640000+00:00,1,1,0,1,1,1
2026-09-09T22:54:24.471643250+00:00,1,0,1,1,1,1
2026-09-09T22:54:24.471646375+00:00,1,1,1,1,1,1
2026-09-09T22:54:24.471650375+00:00,1,0,1,1,1,1
2026-09-09T22:54:24.471653250+00:00,1,1,1,1,1,1
2026-09-09T22:54:24.471657250+00:00,1,0,0,1,1,1
2026-09-09T22:54:24.471660000+00:00,1,1,0,1,1,1
2026-09-09T22:54:24.471664250+00:00,1,0,1,1,1,1
2026-09-09T22:54:24.471667125+00:00,1,1,1,1,1,1
2026-09-09T22:54:24.471671250+00:00,1,0,1,1,1,1
2026-09-09T22:54:24.471674125+00:00,1,1,1,1,1,1
2026-09-09T22:54:24.471678250+00:00,1,0,1,1,1,1
2026-09-09T22:54:24.471681125+00:00,1,1,1,1,1,1
2026-09-09T22:54:24.471684875+00:00,1,0,1,1,1,1
2026-09-09T22:54:24.471688000+00:00,1,1,1,1,1,1
2026-09-09T22:54:24.471692250+00:00,1,0,0,1,1,1
2026-09-09T22:54:24.471695125+00:00,1,1,0,1,1,1
2026-09-09T22:54:24.471699125+00:00,1,0,1,1,1,1
2026-09-09T22:54:24.471702000+00:00,1,1,1,1,1,1
2026-09-09T22:54:24.471706250+00:00,1,0,1,1,1,1
2026-09-09T22:54:24.471709000+00:00,1,1,1,1,1,1
2026-09-09T22:54:24.471713000+00:00,1,0,0,1,1,1
2026-09-09T22:54:24.471715750+00:00,1,1,0,1,1,1
2026-09-09T22:54:24.471720000+00:00,1,0,1,1,1,1
2026-09-09T22:54:24.471722875+00:00,1,1,1,1,1,1
2026-09-09T22:54:24.471727125+00:00,1,0,1,1,1,1
2026-09-09T22:54:24.471730000+00:00,1,1,1,1,1,1
2026-09-09T22:54:24.471733750+00:00,1,0,1,1,1,1
2026-09-09T22:54:24.471737000+00:00,1,1,1,1,1,1
2026-09-09T22:54:24.471740750+00:00,1,0,1,1,1,1
2026-09-09T22:54:24.471743625+00:00,1,1,1,1,1,1
2026-09-09T22:54:24.471748000+00:00,1,0,0,1,1,1
2026-09-09T22:54:24.471750625+00:00,1,1,0,1,1,1
2026-09-09T22:54:24.471754875+00:00,1,0,1,1,1,1
2026-09-09T22:54:24.471757750+00:00,1,1,1,1,1,1
2026-09-09T22:54:24.471761625+00:00,1,0,1,1,1,1
2026-09-09T22:54:24.471764750+00:00,1,1,1,1,1,1
2026-09-09T22:54:24.471768750+00:00,1,0,1,1,1,1
2026-09-09T22:54:24.471771625+00:00,1,1,1,1,1,1
2026-09-09T22:54:24.471775875+00:00,1,0,0,1,1,1
2026-09-09T22:54:24.471778625+00:00,1,1,0,1,1,1
2026-09-09T22:54:24.471782625+00:00,1,0,1,1,1,1
2026-09-09T22:54:24.471785500+00:00,1,1,1,1,1,1
2026-09-09T22:54:24.471789625+00:00,1,0,0,1,1,1
2026-09-09T22:54:24.471792500+00:00,1,1,0,1,1,1
2026-09-09T22:54:24.471796625+00:00,1,0,0,1,1,1
2026-09-09T22:54:24.471799500+00:00,1,1,0,1,1,1
2026-09-09T22:54:24.471803875+00:00,1,0,0,1,1,1
2026-09-09T22:54:24.471806375+00:00,1,1,0,1,1,1
2026-09-09T22:54:24.471811875+00:00,1,0,0,1,1,1
2026-09-09T22:54:24.471814375+00:00,1,1,0,1,1,1
2026-09-09T22:54:24.471818500+00:00,1,0,0,1,1,1
2026-09-09T22:54:24.471821375+00:00,1,1,0,1,1,1
2026-09-09T22:54:24.471825500+00:00,1,0,0,1,1,1
2026-09-09T22:54:24.471828250+00:00,1,1,0,1,1,1
2026-09-09T22:54:24.471832125+00:00,1,0,1,1,1,1
2026-09-09T22:54:24.471835250+00:00,1,1,1,1,1,1
2026-09-09T22:54:24.471839125+00:00,1,0,1,1,1,1
2026-09-09T22:54:24.471842375+00:00,1,1,1,1,1,1
2026-09-09T22:54:24.471846375+00:00,1,0,0,1,1,1
2026-09-09T22:54:24.471849125+00:00,1,1,0,1,1,1
2026-09-09T22:54:24.471853375+00:00,1,0,1,1,1,1
2026-09-09T22:54:24.471856250+00:00,1,1,1,1,1,1
2026-09-09T22:54:24.471860375+00:00,1,0,0,1,1,1
2026-09-09T22:54:24.471863125+00:00,1,1,0,1,1,1
2026-09-09T22:54:24.471867125+00:00,1,0,0,1,1,1
2026-09-09T22:54:24.471870000+00:00,1,1,0,1,1,1
2026-09-09T22:54:24.471874250+00:00,1,0,0,1,1,1
2026-09-09T22:54:24.471877125+00:00,1,1,0,1,1,1
2026-09-09T22:54:24.471881000+00:00,1,0,0,1,1,1
2026-09-09T22:54:24.471884125+00:00,1,1,0,1,1,1
2026-09-09T22:54:24.471888000+00:00,1,0,1,1,1,1
2026-09-09T22:54:24.471891125+00:00,1,1,1,1,1,1
2026-09-09T22:54:24.471895125+00:00,1,0,0,1,1,1
2026-09-09T22:54:24.471898750+00:00,1,1,0,1,1,1
2026-09-09T22:54:24.471903000+00:00,1,0,1,1,1,1
2026-09-09T22:54:24.471905750+00:00,1,1,1,1,1,1
2026-09-09T22:54:24.471910000+00:00,1,0,0,1,1,1
2026-09-09T22:54:24.471912875+00:00,1,1,0,1,1,1
2026-09-09T22:54:24.471917125+00:00,1,0,0,1,1,1
2026-09-09T22:54:24.471919875+00:00,1,1,0,1,1,1
2026-09-09T22:54:24.471923750+00:00,1,0,0,1,1,1
2026-09-09T22:54:24.471926875+00:00,1,1,0,1,1,1
2026-09-09T22:54:24.471930750+00:00,1,0,0,1,1,1
2026-09-09T22:54:24.471933875+00:00,1,1,0,1,1,1
2026-09-09T22:54:24.471937750+00:00,1,0,0,1,1,1
2026-09-09T22:54:24.471940875+00:00,1,1,0,1,1,1
2026-09-09T22:54:24.471944625+00:00,1,0,0,1,1,1
2026-09-09T22:54:24.471947875+00:00,1,1,0,1,1,1
2026-09-09T22:54:24.471951625+00:00,1,0,0,1,1,1
2026-09-09T22:54:24.471954500+00:00,1,1,0,1,1,1
2026-09-09T22:54:24.471958625+00:00,1,0,0,1,1,1
2026-09-09T22:54:24.471961500+00:00,1,1,0,1,1,1
2026-09-09T22:54:24.471965625+00:00,1,0,0,1,1,1
2026-09-09T22:54:24.471968500+00:00,1,1,0,1,1,1
2026-09-09T22:54:24.471973000+00:00,1,0,0,1,1,1
2026-09-09T22:54:24.471975500+00:00,1,1,0,1,1,1
2026-09-09T22:54:24.471979500+00:00,1,0,0,1,1,1
2026-09-09T22:54:24.471982625+00:00,1,1,0,1,1,1
2026-09-09T22:54:24.471987500+00:00,1,0,0,1,1,1
2026-09-09T22:54:24.471990375+00:00,1,1,0,1,1,1
2026-09-09T22:54:24.471994625+00:00,1,0,0,1,1,1
2026-09-09T22:54:24.471997500+00:00,1,1,0,1,1,1
2026-09-09T22:54:24.472001375+00:00,1,0,0,1,1,1
2026-09-09T22:54:24.472004250+00:00,1,1,0,1,1,1
2026-09-09T22:54:24.472008375+00:00,1,0,0,1,1,1
2026-09-09T22:54:24.472011750+00:00,1,1,0,1,1,1
2026-09-09T22:54:24.472015125+00:00,1,0,0,1,1,1
2026-09-09T22:54:24.472018375+00:00,1,1,0,1,1,1
2026-09-09T22:54:24.472022125+00:00,1,0,0,1,1,1
2026-09-09T22:54:24.472025375+00:00,1,1,0,1,1,1
2026-09-09T22:54:24.472029500+00:00,1,0,0,1,1,1
2026-09-09T22:54:24.472032250+00:00,1,1,0,1,1,1
2026-09-09T22:54:24.472036125+00:00,1,0,0,1,1,1
2026-09-09T22:54:24.472039250+00:00,1,1,0,1,1,1
2026-09-09T22:54:24.472043125+00:00,1,0,0,1,1,1
2026-09-09T22:54:24.472046250+00:00,1,1,0,1,1,1
2026-09-09T22:54:24.472050125+00:00,1,0,0,1,1,1
2026-09-09T22:54:24.472053000+00:00,1,1,0,1,1,1
2026-09-09T22:54:24.472057250+00:00,1,0,0,1,1,1
2026-09-09T22:54:24.472060125+00:00,1,1,0,1,1,1
2026-09-09T22:54:24.472064000+00:00,1,0,0,1,1,1
2026-09-09T22:54:24.472067250+00:00,1,1,0,1,1,1
2026-09-09T22:54:24.472072625+00:00,1,0,0,1,1,1
2026-09-09T22:54:24.472075125+00:00,1,1,0,1,1,1
2026-09-09T22:54:24.472079000+00:00,1,0,0,1,1,1
2026-09-09T22:54:24.472082125+00:00,1,1,0,1,1,1
2026-09-09T22:54:24.472086250+00:00,1,0,0,1,1,1
2026-09-09T22:54:24.472089125+00:00,1,1,0,1,1,1
2026-09-09T22:54:24.472093000+00:00,1,0,0,1,1,1
2026-09-09T22:54:24.472095875+00:00,1,1,0,1,1,1
2026-09-09T22:54:24.472100000+00:00,1,0,0,1,1,1
2026-09-09T22:54:24.472102875+00:00,1,1,0,1,1,1
2026-09-09T22:54:24.472107000+00:00,1,0,0,1,1,1
2026-09-09T22:54:24.472109875+00:00,1,1,0,1,1,1
2026-09-09T22:54:24.472113750+00:00,1,0,0,1,1,1
2026-09-09T22:54:24.472116875+00:00,1,1,0,1,1,1
2026-09-09T22:54:24.472120875+00:00,1,0,0,1,1,1
2026-09-09T22:54:24.472123625+00:00,1,1,0,1,1,1
2026-09-09T22:54:24.472127750+00:00,1,0,0,1,1,1
2026-09-09T22:54:24.472130625+00:00,1,1,0,1,1,1
2026-09-09T22:54:24.472134750+00:00,1,0,0,1,1,1
2026-09-09T22:54:24.472137625+00:00,1,1,0,1,1,1
2026-09-09T22:54:24.472142000+00:00,1,0,0,1,1,1
2026-09-09T22:54:24.472144500+00:00,1,1,0,1,1,1
2026-09-09T22:54:24.472148625+00:00,1,0,0,1,1,1
2026-09-09T22:54:24.472151500+00:00,1,1,0,1,1,1
2026-09-09T22:54:24.472157000+00:00,1,0,0,1,1,1
2026-09-09T22:54:24.472159500+00:00,1,1,0,1,1,1
2026-09-09T22:54:24.472163750+00:00,1,0,0,1,1,1
2026-09-09T22:54:24.472166625+00:00,1,1,0,1,1,1
2026-09-09T22:54:24.472170375+00:00,1,0,0,1,1,1
2026-09-09T22:54:24.472173500+00:00,1,1,0,1,1,1
2026-09-09T22:54:24.472177375+00:00,1,0,0,1,1,1
2026-09-09T22:54:24.472180500+00:00,1,1,0,1,1,1
2026-09-09T22:54:24.472184250+00:00,1,0,0,1,1,1
2026-09-09T22:54:24.472187500+00:00,1,1,0,1,1,1
2026-09-09T22:54:24.472191250+00:00,1,0,0,1,1,1
2026-09-09T22:54:24.472194375+00:00,1,1,0,1,1,1
2026-09-09T22:54:24.472198625+00:00,1,0,0,1,1,1
2026-09-09T22:54:24.472201500+00:00,1,1,0,1,1,1
2026-09-09T22:54:24.472205250+00:00,1,0,0,1,1,1
2026-09-09T22:54:24.472208500+00:00,1,1,0,1,1,1
2026-09-09T22:54:24.472212375+00:00,1,0,0,1,1,1
2026-09-09T22:54:24.472215250+00:00,1,1,0,1,1,1
2026-09-09T22:54:24.472219500+00:00,1,0,0,1,1,1
2026-09-09T22:54:24.472222375+00:00,1,1,0,1,1,1
2026-09-09T22:54:24.472226125+00:00,1,0,0,1,1,1
2026-09-09T22:54:24.472229375+00:00,1,1,0,1,1,1
2026-09-09T22:54:24.472233250+00:00,1,0,0,1,1,1
2026-09-09T22:54:24.472236125+00:00,1,1,0,1,1,1
2026-09-09T22:54:24.472240375+00:00,1,0,0,1,1,1
2026-09-09T22:54:24.472244000+00:00,1,1,0,1,1,1
2026-09-09T22:54:24.472248250+00:00,1,0,0,1,1,1
2026-09-09T22:54:24.472251000+00:00,1,1,0,1,1,1
2026-09-09T22:54:24.472255625+00:00,1,0,0,1,1,1
2026-09-09T22:54:24.472258125+00:00,1,1,0,1,1,1
2026-09-09T22:54:24.472262000+00:00,1,0,0,1,1,1
2026-09-09T22:54:24.472264875+00:00,1,1,0,1,1,1
2026-09-09T22:54:24.472269125+00:00,1,0,0,1,1,1
2026-09-09T22:54:24.472272000+00:00,1,1,0,1,1,1
2026-09-09T22:54:24.472276250+00:00,1,0,0,1,1,1
2026-09-09T22:54:24.472279125+00:00,1,1,0,1,1,1
2026-09-09T22:54:24.472283000+00:00,1,0,0,1,1,1
2026-09-09T22:54:24.472285875+00:00,1,1,0,1,1,1
2026-09-09T22:54:24.472290000+00:00,1,0,0,1,1,1
2026-09-09T22:54:24.472292875+00:00,1,1,0,1,1,1
2026-09-09T22:54:24.472297000+00:00,1,0,0,1,1,1
2026-09-09T22:54:24.472299750+00:00,1,1,0,1,1,1
2026-09-09T22:54:24.472304000+00:00,1,0,0,1,1,1
2026-09-09T22:54:24.472306875+00:00,1,1,0,1,1,1
2026-09-09T22:54:24.472311125+00:00,1,0,0,1,1,1
2026-09-09T22:54:24.472313625+00:00,1,1,0,1,1,1
2026-09-09T22:54:24.472317875+00:00,1,0,0,1,1,1
2026-09-09T22:54:24.472320750+00:00,1,1,0,1,1,1
2026-09-09T22:54:24.472325000+00:00,1,0,0,1,1,1
2026-09-09T22:54:24.472327875+00:00,1,1,0,1,1,1
2026-09-09T22:54:24.472332875+00:00,1,0,0,1,1,1
2026-09-09T22:54:24.472335750+00:00,1,1,0,1,1,1
2026-09-09T22:54:24.472339500+00:00,1,0,0,1,1,1
2026-09-09T22:54:24.472342625+00:00,1,1,0,1,1,1
2026-09-09T22:54:24.472346500+00:00,1,0,0,1,1,1
2026-09-09T22:54:24.472349625+00:00,1,1,0,1,1,1
2026-09-09T22:54:24.472353625+00:00,1,0,0,1,1,1
2026-09-09T22:54:24.472356375+00:00,1,1,0,1,1,1
2026-09-09T22:54:24.472360625+00:00,1,0,0,1,1,1
2026-09-09T22:54:24.472363500+00:00,1,1,0,1,1,1
2026-09-09T22:54:24.472367750+00:00,1,0,0,1,1,1
2026-09-09T22:54:24.472370625+00:00,1,1,0,1,1,1
2026-09-09T22:54:24.472374375+00:00,1,0,0,1,1,1
2026-09-09T22:54:24.472377500+00:00,1,1,0,1,1,1
2026-09-09T22:54:24.472381375+00:00,1,0,0,1,1,1
2026-09-09T22:54:24.472384500+00:00,1,1,0,1,1,1
2026-09-09T22:54:24.472388375+00:00,1,0,0,1,1,1
2026-09-09T22:54:24.472391250+00:00,1,1,0,1,1,1
2026-09-09T22:54:24.472395500+00:00,1,0,0,1,1,1
2026-09-09T22:54:24.472398375+00:00,1,1,0,1,1,1
2026-09-09T22:54:24.472402250+00:00,1,0,0,1,1,1
2026-09-09T22:54:24.472405500+00:00,1,1,0,1,1,1
2026-09-09T22:54:24.472409250+00:00,1,0,0,1,1,1
2026-09-09T22:54:24.472412500+00:00,1,1,0,1,1,1
2026-09-09T22:54:24.472417875+00:00,1,0,0,1,1,1
2026-09-09T22:54:24.472420125+00:00,1,1,0,1,1,1
2026-09-09T22:54:24.472424625+00:00,1,0,0,1,1,1
2026-09-09T22:54:24.472427125+00:00,1,1,0,1,1,1
2026-09-09T22:54:24.472431375+00:00,1,0,0,1,1,1
2026-09-09T22:54:24.472434250+00:00,1,1,0,1,1,1
2026-09-09T22:54:24.472438000+00:00,1,0,0,1,1,1
2026-09-09T22:54:24.472441250+00:00,1,1,0,1,1,1
2026-09-09T22:54:24.472445125+00:00,1,0,0,1,1,1
2026-09-09T22:54:24.472448000+00:00,1,1,0,1,1,1
2026-09-09T22:54:24.472452250+00:00,1,0,0,1,1,1
2026-09-09T22:54:24.472455125+00:00,1,1,0,1,1,1
2026-09-09T22:54:24.472459000+00:00,1,0,0,1,1,1
2026-09-09T22:54:24.472462125+00:00,1,1,0,1,1,1
2026-09-09T22:54:24.472466000+00:00,1,0,0,1,1,1
2026-09-09T22:54:24.472468875+00:00,1,1,0,1,1,1
2026-09-09T22:54:24.472473125+00:00,1,0,0,1,1,1
2026-09-09T22:54:24.472475875+00:00,1,1,0,1,1,1
2026-09-09T22:54:24.472480500+00:00,1,0,0,1,1,1
2026-09-09T22:54:24.472483000+00:00,1,1,0,1,1,1
2026-09-09T22:54:24.472486875+00:00,1,0,0,1,1,1
2026-09-09T22:54:24.472489750+00:00,1,1,0,1,1,1
2026-09-09T22:54:24.472494000+00:00,1,0,0,1,1,1
2026-09-09T22:54:24.472496875+00:00,1,1,0,1,1,1
2026-09-09T22:54:24.472500625+00:00,1,0,0,1,1,1
2026-09-09T22:54:24.472504875+00:00,1,1,0,1,1,1
2026-09-09T22:54:24.472508750+00:00,1,0,0,1,1,1
2026-09-09T22:54:24.472511625+00:00,1,1,0,1,1,1
2026-09-09T22:54:24.472515750+00:00,1,0,0,1,1,1
2026-09-09T22:54:24.472518625+00:00,1,1,0,1,1,1
2026-09-09T22:54:24.472522750+00:00,1,0,0,1,1,1
2026-09-09T22:54:24.472525625+00:00,1,1,0,1,1,1
2026-09-09T22:54:24.472529875+00:00,1,0,0,1,1,1
2026-09-09T22:54:24.472532625+00:00,1,1,0,1,1,1
2026-09-09T22:54:24.472536875+00:00,1,0,0,1,1,1
2026-09-09T22:54:24.472539750+00:00,1,1,0,1,1,1
2026-09-09T22:54:24.472543625+00:00,1,0,0,1,1,1
2026-09-09T22:54:24.472546500+00:00,1,1,0,1,1,1
2026-09-09T22:54:24.472550750+00:00,1,0,0,1,1,1
2026-09-09T22:54:24.472553625+00:00,1,1,0,1,1,1
2026-09-09T22:54:24.472557375+00:00,1,0,0,1,1,1
2026-09-09T22:54:24.472560625+00:00,1,1,0,1,1,1
2026-09-09T22:54:24.472564500+00:00,1,0,0,1,1,1
2026-09-09T22:54:24.472567375+00:00,1,1,0,1,1,1
2026-09-09T22:54:24.472571625+00:00,1,0,0,1,1,1
2026-09-09T22:54:24.472574375+00:00,1,1,0,1,1,1
2026-09-09T22:54:24.472578375+00:00,1,0,0,1,1,1
2026-09-09T22:54:24.472581500+00:00,1,1,0,1,1,1
2026-09-09T22:54:24.472585500+00:00,1,0,0,1,1,1
2026-09-09T22:54:24.472589500+00:00,1,1,0,1,1,1
2026-09-09T22:54:24.472593625+00:00,1,0,0,1,1,1
2026-09-09T22:54:24.472596500+00:00,1,1,0,1,1,1
2026-09-09T22:54:24.472600375+00:00,1,0,0,1,1,1
2026-09-09T22:54:24.472603250+00:00,1,1,0,1,1,1
2026-09-09T22:54:24.472607500+00:00,1,0,0,1,1,1
2026-09-09T22:54:24.472610250+00:00,1,1,0,1,1,1
2026-09-09T22:54:24.472614125+00:00,1,0,0,1,1,1
2026-09-09T22:54:24.472617250+00:00,1,1,0,1,1,1
2026-09-09T22:54:24.472621000+00:00,1,0,0,1,1,1
2026-09-09T22:54:24.472624250+00:00,1,1,0,1,1,1
2026-09-09T22:54:24.472628000+00:00,1,0,0,1,1,1
2026-09-09T22:54:24.472631250+00:00,1,1,0,1,1,1
2026-09-09T22:54:24.472635000+00:00,1,0,0,1,1,1
2026-09-09T22:54:24.472638125+00:00,1,1,0,1,1,1
2026-09-09T22:54:24.472642000+00:00,1,0,0,1,1,1
2026-09-09T22:54:24.472645125+00:00,1,1,0,1,1,1
2026-09-09T22:54:24.472649250+00:00,1,0,0,1,1,1
2026-09-09T22:54:24.472652000+00:00,1,1,0,1,1,1
2026-09-09T22:54:24.472655875+00:00,1,0,0,1,1,1
2026-09-09T22:54:24.472659000+00:00,1,1,0,1,1,1
2026-09-09T22:54:24.472662875+00:00,1,0,0,1,1,1
2026-09-09T22:54:24.472666000+00:00,1,1,0,1,1,1
2026-09-09T22:54:24.472669750+00:00,1,0,0,1,1,1
2026-09-09T22:54:24.472673000+00:00,1,1,0,1,1,1
2026-09-09T22:54:24.472676750+00:00,1,0,0,1,1,1
2026-09-09T22:54:24.472680000+00:00,1,1,0,1,1,1
2026-09-09T22:54:24.472683875+00:00,1,0,0,1,1,1
2026-09-09T22:54:24.472687000+00:00,1,1,0,1,1,1
2026-09-09T22:54:24.472690875+00:00,1,0,0,1,1,1
2026-09-09T22:54:24.472693750+00:00,1,1,0,1,1,1
2026-09-09T22:54:24.472698000+00:00,1,0,0,1,1,1
2026-09-09T22:54:24.472700875+00:00,1,1,0,1,1,1
2026-09-09T22:54:24.472705000+00:00,1,0,0,1,1,1
2026-09-09T22:54:24.472707875+00:00,1,1,0,1,1,1
2026-09-09T22:54:24.472711750+00:00,1,0,0,1,1,1
2026-09-09T22:54:24.472714625+00:00,1,1,0,1,1,1
2026-09-09T22:54:24.472718750+00:00,1,0,0,1,1,1
2026-09-09T22:54:24.472721500+00:00,1,1,0,1,1,1
2026-09-09T22:54:24.472725750+00:00,1,0,0,1,1,1
2026-09-09T22:54:24.472728500+00:00,1,1,0,1,1,1
2026-09-09T22:54:24.472732625+00:00,1,0,0,1,1,1
2026-09-09T22:54:24.472735500+00:00,1,1,0,1,1,1
2026-09-09T22:54:24.472739750+00:00,1,0,0,1,1,1
2026-09-09T22:54:24.472742625+00:00,1,1,0,1,1,1
2026-09-09T22:54:24.472746375+00:00,1,0,0,1,1,1
2026-09-09T22:54:24.472749625+00:00,1,1,0,1,1,1
2026-09-09T22:54:24.472753375+00:00,1,0,0,1,1,1
2026-09-09T22:54:24.472756625+00:00,1,1,0,1,1,1
2026-09-09T22:54:24.472762125+00:00,1,0,0,1,1,1
2026-09-09T22:54:24.472764375+00:00,1,1,0,1,1,1
2026-09-09T22:54:24.472768500+00:00,1,0,0,1,1,1
2026-09-09T22:54:24.472771375+00:00,1,1,0,1,1,1
2026-09-09T22:54:24.472775625+00:00,1,0,0,1,1,1
2026-09-09T22:54:24.472778375+00:00,1,1,0,1,1,1
2026-09-09T22:54:24.472782375+00:00,1,0,0,1,1,1
2026-09-09T22:54:24.472785500+00:00,1,1,0,1,1,1
2026-09-09T22:54:24.472789375+00:00,1,0,0,1,1,1
2026-09-09T22:54:24.472792250+00:00,1,1,0,1,1,1
2026-09-09T22:54:24.472796375+00:00,1,0,0,1,1,1
2026-09-09T22:54:24.472799250+00:00,1,1,0,1,1,1
2026-09-09T22:54:24.472803375+00:00,1,0,0,1,1,1
2026-09-09T22:54:24.472806250+00:00,1,1,0,1,1,1
2026-09-09T22:54:24.472810375+00:00,1,0,0,1,1,1
2026-09-09T22:54:24.472813125+00:00,1,1,0,1,1,1
2026-09-09T22:54:24.472817625+00:00,1,0,0,1,1,1
2026-09-09T22:54:24.472820125+00:00,1,1,0,1,1,1
2026-09-09T22:54:24.472824375+00:00,1,0,0,1,1,1
2026-09-09T22:54:24.472827250+00:00,1,1,0,1,1,1
2026-09-09T22:54:24.472831000+00:00,1,0,0,1,1,1
2026-09-09T22:54:24.472834125+00:00,1,1,0,1,1,1
2026-09-09T22:54:24.472838000+00:00,1,0,0,1,1,1
2026-09-09T22:54:24.472841125+00:00,1,1,0,1,1,1
2026-09-09T22:54:24.472844875+00:00,1,0,0,1,1,1
2026-09-09T22:54:24.472848625+00:00,1,1,0,1,1,1
2026-09-09T22:54:24.472852250+00:00,1,0,0,1,1,1
2026-09-09T22:54:24.472855000+00:00,1,1,0,1,1,1
2026-09-09T22:54:24.472859000+00:00,1,0,0,1,1,1
2026-09-09T22:54:24.472861750+00:00,1,1,0,1,1,1
2026-09-09T22:54:24.472866000+00:00,1,0,0,1,1,1
2026-09-09T22:54:24.472868875+00:00,1,1,0,1,1,1
2026-09-09T22:54:24.472873000+00:00,1,0,0,1,1,1
2026-09-09T22:54:24.472875875+00:00,1,1,0,1,1,1
2026-09-09T22:54:24.472879750+00:00,1,0,0,1,1,1
2026-09-09T22:54:24.472883000+00:00,1,1,0,1,1,1
2026-09-09T22:54:24.472886750+00:00,1,0,0,1,1,1
2026-09-09T22:54:24.472889875+00:00,1,1,0,1,1,1
2026-09-09T22:54:24.472893875+00:00,1,0,0,1,1,1
2026-09-09T22:54:24.472896625+00:00,1,1,0,1,1,1
2026-09-09T22:54:24.472900875+00:00,1,0,0,1,1,1
2026-09-09T22:54:24.472903625+00:00,1,1,0,1,1,1
2026-09-09T22:54:24.472907875+00:00,1,0,0,1,1,1
2026-09-09T22:54:24.472910750+00:00,1,1,0,1,1,1
2026-09-09T22:54:24.472914625+00:00,1,0,0,1,1,1
2026-09-09T22:54:24.472917750+00:00,1,1,0,1,1,1
2026-09-09T22:54:24.472921625+00:00,1,0,0,1,1,1
2026-09-09T22:54:24.472924500+00:00,1,1,0,1,1,1
2026-09-09T22:54:24.472929000+00:00,1,0,0,1,1,1
2026-09-09T22:54:24.472931500+00:00,1,1,0,1,1,1
2026-09-09T22:54:24.472935750+00:00,1,0,0,1,1,1
2026-09-09T22:54:24.472938625+00:00,1,1,0,1,1,1
2026-09-09T22:54:24.472942500+00:00,1,0,0,1,1,1
2026-09-09T22:54:24.472945375+00:00,1,1,0,1,1,1
2026-09-09T22:54:24.472949625+00:00,1,0,0,1,1,1
2026-09-09T22:54:24.472952500+00:00,1,1,0,1,1,1
2026-09-09T22:54:24.472956375+00:00,1,0,0,1,1,1
2026-09-09T22:54:24.472959625+00:00,1,1,0,1,1,1
2026-09-09T22:54:24.472963500+00:00,1,0,0,1,1,1
2026-09-09T22:54:24.472966375+00:00,1,1,0,1,1,1
2026-09-09T22:54:24.472970500+00:00,1,0,0,1,1,1
2026-09-09T22:54:24.472973250+00:00,1,1,0,1,1,1
2026-09-09T22:54:24.472977375+00:00,1,0,0,1,1,1
2026-09-09T22:54:24.472980250+00:00,1,1,0,1,1,1
2026-09-09T22:54:24.472984875+00:00,1,0,0,1,1,1
2026-09-09T22:54:24.472987375+00:00,1,1,0,1,1,1
2026-09-09T22:54:24.472991250+00:00,1,0,0,1,1,1
2026-09-09T22:54:24.472994125+00:00,1,1,0,1,1,1
2026-09-09T22:54:24.472998250+00:00,1,0,0,1,1,1
2026-09-09T22:54:24.473001125+00:00,1,1,0,1,1,1
2026-09-09T22:54:24.473006000+00:00,1,0,0,1,1,1
2026-09-09T22:54:24.473009250+00:00,1,1,0,1,1,1
2026-09-09T22:54:24.473013125+00:00,1,0,0,1,1,1
2026-09-09T22:54:24.473016000+00:00,1,1,0,1,1,1
2026-09-09T22:54:24.473021500+00:00,1,0,0,1,1,1
2026-09-09T22:54:24.473024000+00:00,1,1,0,1,1,1
2026-09-09T22:54:24.473028250+00:00,1,0,0,1,1,1
2026-09-09T22:54:24.473031125+00:00,1,1,0,1,1,1
2026-09-09T22:54:24.473034875+00:00,1,0,0,1,1,1
2026-09-09T22:54:24.473038000+00:00,1,1,0,1,1,1
2026-09-09T22:54:24.473042125+00:00,1,0,0,1,1,1
2026-09-09T22:54:24.473045000+00:00,1,1,0,1,1,1
2026-09-09T22:54:24.473048750+00:00,1,0,0,1,1,1
2026-09-09T22:54:24.473052000+00:00,1,1,0,1,1,1
2026-09-09T22:54:24.473055750+00:00,1,0,0,1,1,1
2026-09-09T22:54:24.473058875+00:00,1,1,0,1,1,1
2026-09-09T22:54:24.473062750+00:00,1,0,0,1,1,1
2026-09-09T22:54:24.473065875+00:00,1,1,0,1,1,1
2026-09-09T22:54:24.473069750+00:00,1,0,0,1,1,1
2026-09-09T22:54:24.473073000+00:00,1,1,0,1,1,1
2026-09-09T22:54:24.473076875+00:00,1,0,0,1,1,1
2026-09-09T22:54:24.473079750+00:00,1,1,0,1,1,1
2026-09-09T22:54:24.473084000+00:00,1,0,0,1,1,1
2026-09-09T22:54:24.473086750+00:00,1,1,0,1,1,1
2026-09-09T22:54:24.473090750+00:00,1,0,0,1,1,1
2026-09-09T22:54:24.473093625+00:00,1,1,0,1,1,1
2026-09-09T22:54:24.473098000+00:00,1,0,0,1,1,1
2026-09-09T22:54:24.473100500+00:00,1,1,0,1,1,1
2026-09-09T22:54:24.473104750+00:00,1,0,0,1,1,1
2026-09-09T22:54:24.473107625+00:00,1,1,0,1,1,1
2026-09-09T22:54:24.473111750+00:00,1,0,0,1,1,1
2026-09-09T22:54:24.473114500+00:00,1,1,0,1,1,1
2026-09-09T22:54:24.473118750+00:00,1,0,0,1,1,1
2026-09-09T22:54:24.473121625+00:00,1,1,0,1,1,1
2026-09-09T22:54:24.473125500+00:00,1,0,0,1,1,1
2026-09-09T22:54:24.473128375+00:00,1,1,0,1,1,1
2026-09-09T22:54:24.473132625+00:00,1,0,0,1,1,1
2026-09-09T22:54:24.473135500+00:00,1,1,0,1,1,1
2026-09-09T22:54:24.473139250+00:00,1,0,0,1,1,1
2026-09-09T22:54:24.473141500+00:00,1,1,0,1,1,1
2026-09-09T22:54:24.473145375+00:00,1,0,0,1,1,1
2026-09-09T22:54:24.473148500+00:00,1,1,0,1,1,1
2026-09-09T22:54:24.473152750+00:00,1,0,0,1,1,1
2026-09-09T22:54:24.473155250+00:00,1,1,0,1,1,1
2026-09-09T22:54:24.473159500+00:00,1,0,0,1,1,1
2026-09-09T22:54:24.473162250+00:00,1,1,0,1,1,1
2026-09-09T22:54:24.473166500+00:00,1,0,0,1,1,1
2026-09-09T22:54:24.473169375+00:00,1,1,0,1,1,1
2026-09-09T22:54:24.473173250+00:00,1,0,0,1,1,1
2026-09-09T22:54:24.473176375+00:00,1,1,0,1,1,1
2026-09-09T22:54:24.473180125+00:00,1,0,0,1,1,1
2026-09-09T22:54:24.473183375+00:00,1,1,0,1,1,1
2026-09-09T22:54:24.473187125+00:00,1,0,0,1,1,1
2026-09-09T22:54:24.473190375+00:00,1,1,0,1,1,1
2026-09-09T22:54:24.473194750+00:00,1,0,0,1,1,1
2026-09-09T22:54:24.473197250+00:00,1,1,0,1,1,1
2026-09-09T22:54:24.473201000+00:00,1,0,0,1,1,1
2026-09-09T22:54:24.473204250+00:00,1,1,0,1,1,1
2026-09-09T22:54:24.473208500+00:00,1,0,0,1,1,1
2026-09-09T22:54:24.473211000+00:00,1,1,0,1,1,1
2026-09-09T22:54:24.473215250+00:00,1,0,0,1,1,1
2026-09-09T22:54:24.473218000+00:00,1,1,0,1,1,1
2026-09-09T22:54:24.473221875+00:00,1,0,0,1,1,1
2026-09-09T22:54:24.473225000+00:00,1,1,0,1,1,1
2026-09-09T22:54:24.473228750+00:00,1,0,0,1,1,1
2026-09-09T22:54:24.473232000+00:00,1,1,0,1,1,1
2026-09-09T22:54:24.473235875+00:00,1,0,0,1,1,1
2026-09-09T22:54:24.473239000+00:00,1,1,0,1,1,1
2026-09-09T22:54:24.473243000+00:00,1,0,0,1,1,1
2026-09-09T22:54:24.473245875+00:00,1,1,0,1,1,1
2026-09-09T22:54:24.473250000+00:00,1,0,0,1,1,1
2026-09-09T22:54:24.473252750+00:00,1,1,0,1,1,1
2026-09-09T22:54:24.473257000+00:00,1,0,0,1,1,1
2026-09-09T22:54:24.473259875+00:00,1,1,0,1,1,1
2026-09-09T22:54:24.473264000+00:00,1,0,0,1,1,1
2026-09-09T22:54:24.473266875+00:00,1,1,0,1,1,1
2026-09-09T22:54:24.473270750+00:00,1,0,0,1,1,1
2026-09-09T22:54:24.473273625+00:00,1,1,0,1,1,1
2026-09-09T22:54:24.473279250+00:00,1,0,0,1,1,1
2026-09-09T22:54:24.473281750+00:00,1,1,0,1,1,1
2026-09-09T22:54:24.473285750+00:00,1,0,0,1,1,1
2026-09-09T22:54:24.473288500+00:00,1,1,0,1,1,1
2026-09-09T22:54:24.473292625+00:00,1,0,0,1,1,1
2026-09-09T22:54:24.473295500+00:00,1,1,0,1,1,1
2026-09-09T22:54:24.473299750+00:00,1,0,0,1,1,1
2026-09-09T22:54:24.473302625+00:00,1,1,0,1,1,1
2026-09-09T22:54:24.473306375+00:00,1,0,0,1,1,1
2026-09-09T22:54:24.473309500+00:00,1,1,0,1,1,1
2026-09-09T22:54:24.473313500+00:00,1,0,0,1,1,1
2026-09-09T22:54:24.473316625+00:00,1,1,0,1,1,1
2026-09-09T22:54:24.473320875+00:00,1,0,0,1,1,1
2026-09-09T22:54:24.473323375+00:00,1,1,0,1,1,1
2026-09-09T22:54:24.473327625+00:00,1,0,0,1,1,1
2026-09-09T22:54:24.473330500+00:00,1,1,0,1,1,1
2026-09-09T22:54:24.473334375+00:00,1,0,0,1,1,1
2026-09-09T22:54:24.473337250+00:00,1,1,0,1,1,1
2026-09-09T22:54:24.473341375+00:00,1,0,0,1,1,1
2026-09-09T22:54:24.473344250+00:00,1,1,0,1,1,1
2026-09-09T22:54:24.473348250+00:00,1,0,0,1,1,1
2026-09-09T22:54:24.473351125+00:00,1,1,0,1,1,1
2026-09-09T22:54:24.473355375+00:00,1,0,0,1,1,1
2026-09-09T22:54:24.473358250+00:00,1,1,0,1,1,1
2026-09-09T22:54:24.473362000+00:00,1,0,0,1,1,1
2026-09-09T22:54:24.473365750+00:00,1,1,0,1,1,1
2026-09-09T22:54:24.473369125+00:00,1,0,0,1,1,1
2026-09-09T22:54:24.473372375+00:00,1,1,0,1,1,1
2026-09-09T22:54:24.473376375+00:00,1,0,0,1,1,1
2026-09-09T22:54:24.473379250+00:00,1,1,0,1,1,1
2026-09-09T22:54:24.473383250+00:00,1,0,0,1,1,1
2026-09-09T22:54:24.473386000+00:00,1,1,0,1,1,1
2026-09-09T22:54:24.473390250+00:00,1,0,0,1,1,1
2026-09-09T22:54:24.473393125+00:00,1,1,0,1,1,1
2026-09-09T22:54:24.473397000+00:00,1,0,0,1,1,1
2026-09-09T22:54:24.473399875+00:00,1,1,0,1,1,1
2026-09-09T22:54:24.473404125+00:00,1,0,0,1,1,1
2026-09-09T22:54:24.473407000+00:00,1,1,0,1,1,1
2026-09-09T22:54:24.473410750+00:00,1,0,0,1,1,1
2026-09-09T22:54:24.473413000+00:00,1,1,0,1,1,1
2026-09-09T22:54:24.473416875+00:00,1,0,0,1,1,1
2026-09-09T22:54:24.473420000+00:00,1,1,0,1,1,1
2026-09-09T22:54:24.473424000+00:00,1,0,0,1,1,1
2026-09-09T22:54:24.473426750+00:00,1,1,0,1,1,1
2026-09-09T22:54:24.473431375+00:00,1,0,0,1,1,1
2026-09-09T22:54:24.473433875+00:00,1,1,0,1,1,1
2026-09-09T22:54:24.473437750+00:00,1,0,0,1,1,1
2026-09-09T22:54:24.473440625+00:00,1,1,0,1,1,1
2026-09-09T22:54:24.473444875+00:00,1,0,0,1,1,1
2026-09-09T22:54:24.473447750+00:00,1,1,0,1,1,1
2026-09-09T22:54:24.473453375+00:00,1,0,0,1,1,1
2026-09-09T22:54:24.473455500+00:00,1,1,0,1,1,1
2026-09-09T22:54:24.473459750+00:00,1,0,0,1,1,1
2026-09-09T22:54:24.473462500+00:00,1,1,0,1,1,1
2026-09-09T22:54:24.473466750+00:00,1,0,0,1,1,1
2026-09-09T22:54:24.473469625+00:00,1,1,0,1,1,1
2026-09-09T22:54:24.473473375+00:00,1,0,0,1,1,1
2026-09-09T22:54:24.473476625+00:00,1,1,0,1,1,1
2026-09-09T22:54:24.473480375+00:00,1,0,0,1,1,1
2026-09-09T22:54:24.473483625+00:00,1,1,0,1,1,1
2026-09-09T22:54:24.473487750+00:00,1,0,0,1,1,1
2026-09-09T22:54:24.473490500+00:00,1,1,0,1,1,1
2026-09-09T22:54:24.473494500+00:00,1,0,0,1,1,1
2026-09-09T22:54:24.473497625+00:00,1,1,0,1,1,1
2026-09-09T22:54:24.473501500+00:00,1,0,0,1,1,1
2026-09-09T22:54:24.473504250+00:00,1,1,0,1,1,1
2026-09-09T22:54:24.473508375+00:00,1,0,0,1,1,1
2026-09-09T22:54:24.473511250+00:00,1,1,0,1,1,1
2026-09-09T22:54:24.473515375+00:00,1,0,0,1,1,1
2026-09-09T22:54:24.473518250+00:00,1,1,0,1,1,1
2026-09-09T22:54:24.473522375+00:00,1,0,0,1,1,1
2026-09-09T22:54:24.473525250+00:00,1,1,0,1,1,1
2026-09-09T22:54:24.473529375+00:00,1,0,0,1,1,1
2026-09-09T22:54:24.473532250+00:00,1,1,0,1,1,1
2026-09-09T22:54:24.473536375+00:00,1,0,0,1,1,1
2026-09-09T22:54:24.473540375+00:00,1,1,0,1,1,1
2026-09-09T22:54:24.473544500+00:00,1,0,0,1,1,1
2026-09-09T22:54:24.473547375+00:00,1,1,0,1,1,1
2026-09-09T22:54:24.473551250+00:00,1,0,0,1,1,1
2026-09-09T22:54:24.473554125+00:00,1,1,0,1,1,1
2026-09-09T22:54:24.473558250+00:00,1,0,0,1,1,1
2026-09-09T22:54:24.473561125+00:00,1,1,0,1,1,1
2026-09-09T22:54:24.473565250+00:00,1,0,0,1,1,1
2026-09-09T22:54:24.473568000+00:00,1,1,0,1,1,1
2026-09-09T22:54:24.473572250+00:00,1,0,0,1,1,1
2026-09-09T22:54:24.473575125+00:00,1,1,0,1,1,1
2026-09-09T22:54:24.473579000+00:00,1,0,0,1,1,1
2026-09-09T22:54:24.473582125+00:00,1,1,0,1,1,1
2026-09-09T22:54:24.473586000+00:00,1,0,0,1,1,1
2026-09-09T22:54:24.473589125+00:00,1,1,0,1,1,1
2026-09-09T22:54:24.473592875+00:00,1,0,0,1,1,1
2026-09-09T22:54:24.473596125+00:00,1,1,0,1,1,1
2026-09-09T22:54:24.473600250+00:00,1,0,0,1,1,1
2026-09-09T22:54:24.473602875+00:00,1,1,0,1,1,1
2026-09-09T22:54:24.473607125+00:00,1,0,0,1,1,1
2026-09-09T22:54:24.473609875+00:00,1,1,0,1,1,1
2026-09-09T22:54:24.473613875+00:00,1,0,0,1,1,1
2026-09-09T22:54:24.473616625+00:00,1,1,0,1,1,1
2026-09-09T22:54:24.473620875+00:00,1,0,0,1,1,1
2026-09-09T22:54:24.473625250+00:00,1,1,0,1,1,1
2026-09-09T22:54:24.473628750+00:00,1,0,0,1,1,1
2026-09-09T22:54:24.473631875+00:00,1,1,0,1,1,1
2026-09-09T22:54:24.473635750+00:00,1,0,0,1,1,1
2026-09-09T22:54:24.473638625+00:00,1,1,0,1,1,1
2026-09-09T22:54:24.473642750+00:00,1,0,0,1,1,1
2026-09-09T22:54:24.473645625+00:00,1,1,0,1,1,1
2026-09-09T22:54:24.473649875+00:00,1,0,0,1,1,1
2026-09-09T22:54:24.473652625+00:00,1,1,0,1,1,1
2026-09-09T22:54:24.473656750+00:00,1,0,0,1,1,1
2026-09-09T22:54:24.473659625+00:00,1,1,0,1,1,1
2026-09-09T22:54:24.473663500+00:00,1,0,0,1,1,1
2026-09-09T22:54:24.473666625+00:00,1,1,0,1,1,1
2026-09-09T22:54:24.473670500+00:00,1,0,0,1,1,1
2026-09-09T22:54:24.473673625+00:00,1,1,0,1,1,1
2026-09-09T22:54:24.473677375+00:00,1,0,0,1,1,1
2026-09-09T22:54:24.473680625+00:00,1,1,0,1,1,1
2026-09-09T22:54:24.473684375+00:00,1,0,0,1,1,1
2026-09-09T22:54:24.473687625+00:00,1,1,0,1,1,1
2026-09-09T22:54:24.473691375+00:00,1,0,0,1,1,1
2026-09-09T22:54:24.473694250+00:00,1,1,0,1,1,1
2026-09-09T22:54:24.473698375+00:00,1,0,0,1,1,1
2026-09-09T22:54:24.473701250+00:00,1,1,0,1,1,1
2026-09-09T22:54:24.473705375+00:00,1,0,0,1,1,1
2026-09-09T22:54:24.473708250+00:00,1,1,0,1,1,1
2026-09-09T22:54:24.473712750+00:00,1,0,0,1,1,1
2026-09-09T22:54:24.473715250+00:00,1,1,0,1,1,1
2026-09-09T22:54:24.473719500+00:00,1,0,0,1,1,1
2026-09-09T22:54:24.473722375+00:00,1,1,0,1,1,1
2026-09-09T22:54:24.473726250+00:00,1,0,0,1,1,1
2026-09-09T22:54:24.473729125+00:00,1,1,0,1,1,1
2026-09-09T22:54:24.473733375+00:00,1,0,0,1,1,1
2026-09-09T22:54:24.473736125+00:00,1,1,0,1,1,1
2026-09-09T22:54:24.473740125+00:00,1,0,0,1,1,1
2026-09-09T22:54:24.473743250+00:00,1,1,0,1,1,1
2026-09-09T22:54:24.473747125+00:00,1,0,0,1,1,1
2026-09-09T22:54:24.473750250+00:00,1,1,0,1,1,1
2026-09-09T22:54:24.473754125+00:00,1,0,0,1,1,1
2026-09-09T22:54:24.473757000+00:00,1,1,0,1,1,1
2026-09-09T22:54:24.473761250+00:00,1,0,0,1,1,1
2026-09-09T22:54:24.473764125+00:00,1,1,0,1,1,1
2026-09-09T22:54:24.473768375+00:00,1,0,0,1,1,1
2026-09-09T22:54:24.473770875+00:00,1,1,0,1,1,1
2026-09-09T22:54:24.473775125+00:00,1,0,0,1,1,1
2026-09-09T22:54:24.473777875+00:00,1,1,0,1,1,1
2026-09-09T22:54:24.473781875+00:00,1,0,0,1,1,1
2026-09-09T22:54:24.473785000+00:00,1,1,0,1,1,1
2026-09-09T22:54:24.473788875+00:00,1,0,0,1,1,1
2026-09-09T22:54:24.473791750+00:00,1,1,0,1,1,1
2026-09-09T22:54:24.473797375+00:00,1,0,0,1,1,1
2026-09-09T22:54:24.473799875+00:00,1,1,0,1,1,1
2026-09-09T22:54:24.473803625+00:00,1,0,0,1,1,1
2026-09-09T22:54:24.473806875+00:00,1,1,0,1,1,1
2026-09-09T22:54:24.473810625+00:00,1,0,0,1,1,1
2026-09-09T22:54:24.473813750+00:00,1,1,0,1,1,1
2026-09-09T22:54:24.473817625+00:00,1,0,0,1,1,1
2026-09-09T22:54:24.473820750+00:00,1,1,0,1,1,1
2026-09-09T22:54:24.473824875+00:00,1,0,0,1,1,1
2026-09-09T22:54:24.473827625+00:00,1,1,0,1,1,1
2026-09-09T22:54:24.473831500+00:00,1,0,0,1,1,1
2026-09-09T22:54:24.473834625+00:00,1,1,0,1,1,1
2026-09-09T22:54:24.473838500+00:00,1,0,0,1,1,1
2026-09-09T22:54:24.473841625+00:00,1,1,0,1,1,1
2026-09-09T22:54:24.473845375+00:00,1,0,0,1,1,1
2026-09-09T22:54:24.473848625+00:00,1,1,0,1,1,1
2026-09-09T22:54:24.473852375+00:00,1,0,0,1,1,1
2026-09-09T22:54:24.473855500+00:00,1,1,0,1,1,1
2026-09-09T22:54:24.473859500+00:00,1,0,0,1,1,1
2026-09-09T22:54:24.473862250+00:00,1,1,0,1,1,1
2026-09-09T22:54:24.473866375+00:00,1,0,0,1,1,1
2026-09-09T22:54:24.473869250+00:00,1,1,0,1,1,1
2026-09-09T22:54:24.473873375+00:00,1,0,0,1,1,1
2026-09-09T22:54:24.473876250+00:00,1,1,0,1,1,1
2026-09-09T22:54:24.473880750+00:00,1,0,0,1,1,1
2026-09-09T22:54:24.473884125+00:00,1,1,0,1,1,1
2026-09-09T22:54:24.473887250+00:00,1,0,0,1,1,1
2026-09-09T22:54:24.473890375+00:00,1,1,0,1,1,1
2026-09-09T22:54:24.473894250+00:00,1,0,0,1,1,1
2026-09-09T22:54:24.473897375+00:00,1,1,0,1,1,1
2026-09-09T22:54:24.473901125+00:00,1,0,0,1,1,1
2026-09-09T22:54:24.473904375+00:00,1,1,0,1,1,1
2026-09-09T22:54:24.473908250+00:00,1,0,0,1,1,1
2026-09-09T22:54:24.473911125+00:00,1,1,0,1,1,1
2026-09-09T22:54:24.473915250+00:00,1,0,0,1,1,1
2026-09-09T22:54:24.473918000+00:00,1,1,0,1,1,1
2026-09-09T22:54:24.473922125+00:00,1,0,0,1,1,1
2026-09-09T22:54:24.473925000+00:00,1,1,0,1,1,1
2026-09-09T22:54:24.473929125+00:00,1,0,0,1,1,1
2026-09-09T22:54:24.473932000+00:00,1,1,0,1,1,1
2026-09-09T22:54:24.473936375+00:00,1,0,0,1,1,1
2026-09-09T22:54:24.473938875+00:00,1,1,0,1,1,1
2026-09-09T22:54:24.473943000+00:00,1,0,0,1,1,1
2026-09-09T22:54:24.473945875+00:00,1,1,0,1,1,1
2026-09-09T22:54:24.473950000+00:00,1,0,0,1,1,1
2026-09-09T22:54:24.473952875+00:00,1,1,0,1,1,1
2026-09-09T22:54:24.473957125+00:00,1,0,0,1,1,1
2026-09-09T22:54:24.473959875+00:00,1,1,0,1,1,1
2026-09-09T22:54:24.473963750+00:00,1,0,0,1,1,1
2026-09-09T22:54:24.473966875+00:00,1,1,0,1,1,1
2026-09-09T22:54:24.473971625+00:00,1,0,0,1,1,1
2026-09-09T22:54:24.473974875+00:00,1,1,0,1,1,1
2026-09-09T22:54:24.473978625+00:00,1,0,0,1,1,1
2026-09-09T22:54:24.473981750+00:00,1,1,0,1,1,1
2026-09-09T22:54:24.473985625+00:00,1,0,0,1,1,1
2026-09-09T22:54:24.473988750+00:00,1,1,0,1,1,1
2026-09-09T22:54:24.473993000+00:00,1,0,0,1,1,1
2026-09-09T22:54:24.473995750+00:00,1,1,0,1,1,1
2026-09-09T22:54:24.474000375+00:00,1,0,0,1,1,1
2026-09-09T22:54:24.474002625+00:00,1,1,0,1,1,1
2026-09-09T22:54:24.474006875+00:00,1,0,0,1,1,1
2026-09-09T22:54:24.474009625+00:00,1,1,0,1,1,1
2026-09-09T22:54:24.474013625+00:00,1,0,0,1,1,1
2026-09-09T22:54:24.474016375+00:00,1,1,0,1,1,1
2026-09-09T22:54:24.474020500+00:00,1,0,0,1,1,1
2026-09-09T22:54:24.474023375+00:00,1,1,0,1,1,1
2026-09-09T22:54:24.474027625+00:00,1,0,0,1,1,1
2026-09-09T22:54:24.474030500+00:00,1,1,0,1,1,1
2026-09-09T22:54:24.474034375+00:00,1,0,0,1,1,1
2026-09-09T22:54:24.474037625+00:00,1,1,0,1,1,1
2026-09-09T22:54:24.474041500+00:00,1,0,0,1,1,1
2026-09-09T22:54:24.474044375+00:00,1,1,0,1,1,1
2026-09-09T22:54:24.474048750+00:00,1,0,0,1,1,1
2026-09-09T22:54:24.474051250+00:00,1,1,0,1,1,1
2026-09-09T22:54:24.474056750+00:00,1,0,0,1,1,1
2026-09-09T22:54:24.474059250+00:00,1,1,0,1,1,1
2026-09-09T22:54:24.474063375+00:00,1,0,0,1,1,1
2026-09-09T22:54:24.474066250+00:00,1,1,0,1,1,1
2026-09-09T22:54:24.474070500+00:00,1,0,0,1,1,1
2026-09-09T22:54:24.474073375+00:00,1,1,0,1,1,1
2026-09-09T22:54:24.474077250+00:00,1,0,0,1,1,1
2026-09-09T22:54:24.474080125+00:00,1,1,0,1,1,1
2026-09-09T22:54:24.474084250+00:00,1,0,0,1,1,1
2026-09-09T22:54:24.474087125+00:00,1,1,0,1,1,1
2026-09-09T22:54:24.474091375+00:00,1,0,0,1,1,1
2026-09-09T22:54:24.474094125+00:00,1,1,0,1,1,1
2026-09-09T22:54:24.474098000+00:00,1,0,0,1,1,1
2026-09-09T22:54:24.474101125+00:00,1,1,0,1,1,1
2026-09-09T22:54:24.474105250+00:00,1,0,0,1,1,1
2026-09-09T22:54:24.474108125+00:00,1,1,0,1,1,1
2026-09-09T22:54:24.474111875+00:00,1,0,0,1,1,1
2026-09-09T22:54:24.474115000+00:00,1,1,0,1,1,1
2026-09-09T22:54:24.474119000+00:00,1,0,0,1,1,1
2026-09-09T22:54:24.474122125+00:00,1,1,0,1,1,1
2026-09-09T22:54:24.474126000+00:00,1,0,0,1,1,1
2026-09-09T22:54:24.474128875+00:00,1,1,0,1,1,1
2026-09-09T22:54:24.474133000+00:00,1,0,0,1,1,1
2026-09-09T22:54:24.474135875+00:00,1,1,0,1,1,1
2026-09-09T22:54:24.474140125+00:00,1,0,0,1,1,1
2026-09-09T22:54:24.474143000+00:00,1,1,0,1,1,1
2026-09-09T22:54:24.474147000+00:00,1,0,0,1,1,1
2026-09-09T22:54:24.474149875+00:00,1,1,0,1,1,1
2026-09-09T22:54:24.474153750+00:00,1,0,0,1,1,1
2026-09-09T22:54:24.474157000+00:00,1,1,0,1,1,1
2026-09-09T22:54:24.474161000+00:00,1,0,0,1,1,1
2026-09-09T22:54:24.474163875+00:00,1,1,0,1,1,1
2026-09-09T22:54:24.474167625+00:00,1,0,0,1,1,1
2026-09-09T22:54:24.474170875+00:00,1,1,0,1,1,1
2026-09-09T22:54:24.474174750+00:00,1,0,0,1,1,1
2026-09-09T22:54:24.474177625+00:00,1,1,0,1,1,1
2026-09-09T22:54:24.474181875+00:00,1,0,0,1,1,1
2026-09-09T22:54:24.474184750+00:00,1,1,0,1,1,1
2026-09-09T22:54:24.474188625+00:00,1,0,0,1,1,1
2026-09-09T22:54:24.474191500+00:00,1,1,0,1,1,1
2026-09-09T22:54:24.474195625+00:00,1,0,0,1,1,1
2026-09-09T22:54:24.474198500+00:00,1,1,0,1,1,1
2026-09-09T22:54:24.474202625+00:00,1,0,0,1,1,1
2026-09-09T22:54:24.474205375+00:00,1,1,0,1,1,1
2026-09-09T22:54:24.474209625+00:00,1,0,0,1,1,1
2026-09-09T22:54:24.474212500+00:00,1,1,0,1,1,1
2026-09-09T22:54:24.474216750+00:00,1,0,0,1,1,1
2026-09-09T22:54:24.474219625+00:00,1,1,0,1,1,1
2026-09-09T22:54:24.474223500+00:00,1,0,0,1,1,1
2026-09-09T22:54:24.474226375+00:00,1,1,0,1,1,1
2026-09-09T22:54:24.474230750+00:00,1,0,0,1,1,1
2026-09-09T22:54:24.474233375+00:00,1,1,0,1,1,1
2026-09-09T22:54:24.474237500+00:00,1,0,0,1,1,1
2026-09-09T22:54:24.474240250+00:00,1,1,0,1,1,1
2026-09-09T22:54:24.474244500+00:00,1,0,0,1,1,1
2026-09-09T22:54:24.474247250+00:00,1,1,0,1,1,1
2026-09-09T22:54:24.474251250+00:00,1,0,0,1,1,1
2026-09-09T22:54:24.474254375+00:00,1,1,0,1,1,1
2026-09-09T22:54:24.474258250+00:00,1,0,0,1,1,1
2026-09-09T22:54:24.474261125+00:00,1,1,0,1,1,1
2026-09-09T22:54:24.474265250+00:00,1,0,0,1,1,1
2026-09-09T22:54:24.474268125+00:00,1,1,0,1,1,1
2026-09-09T22:54:24.474272500+00:00,1,0,0,1,1,1
2026-09-09T22:54:24.474275000+00:00,1,1,0,1,1,1
2026-09-09T22:54:24.474279250+00:00,1,0,0,1,1,1
2026-09-09T22:54:24.474282125+00:00,1,1,0,1,1,1
2026-09-09T22:54:24.474286000+00:00,1,0,0,1,1,1
2026-09-09T22:54:24.474289250+00:00,1,1,0,1,1,1
2026-09-09T22:54:24.474293000+00:00,1,0,0,1,1,1
2026-09-09T22:54:24.474295875+00:00,1,1,0,1,1,1
2026-09-09T22:54:24.474300000+00:00,1,0,0,1,1,1
2026-09-09T22:54:24.474302875+00:00,1,1,0,1,1,1
2026-09-09T22:54:24.474307000+00:00,1,0,0,1,1,1
2026-09-09T22:54:24.474309875+00:00,1,1,0,1,1,1
2026-09-09T22:54:24.474315375+00:00,1,0,0,1,1,1
2026-09-09T22:54:24.474317875+00:00,1,1,0,1,1,1
2026-09-09T22:54:24.474321875+00:00,1,0,0,1,1,1
2026-09-09T22:54:24.474325000+00:00,1,1,0,1,1,1
2026-09-09T22:54:24.474329125+00:00,1,0,0,1,1,1
2026-09-09T22:54:24.474332000+00:00,1,1,0,1,1,1
2026-09-09T22:54:24.474335875+00:00,1,0,0,1,1,1
2026-09-09T22:54:24.474338750+00:00,1,1,0,1,1,1
2026-09-09T22:54:24.474342875+00:00,1,0,0,1,1,1
2026-09-09T22:54:24.474345750+00:00,1,1,0,1,1,1
2026-09-09T22:54:24.474349750+00:00,1,0,0,1,1,1
2026-09-09T22:54:24.474352875+00:00,1,1,0,1,1,1
2026-09-09T22:54:24.474356750+00:00,1,0,0,1,1,1
2026-09-09T22:54:24.474359625+00:00,1,1,0,1,1,1
2026-09-09T22:54:24.474363750+00:00,1,0,0,1,1,1
2026-09-09T22:54:24.474366625+00:00,1,1,0,1,1,1
2026-09-09T22:54:24.474370500+00:00,1,0,0,1,1,1
2026-09-09T22:54:24.474373625+00:00,1,1,0,1,1,1
2026-09-09T22:54:24.474377500+00:00,1,0,0,1,1,1
2026-09-09T22:54:24.474380750+00:00,1,1,0,1,1,1
2026-09-09T22:54:24.474384875+00:00,1,0,0,1,1,1
2026-09-09T22:54:24.474387375+00:00,1,1,0,1,1,1
2026-09-09T22:54:24.474391625+00:00,1,0,0,1,1,1
2026-09-09T22:54:24.474394500+00:00,1,1,0,1,1,1
2026-09-09T22:54:24.474398375+00:00,1,0,0,1,1,1
2026-09-09T22:54:24.474401875+00:00,1,1,0,1,1,1
2026-09-09T22:54:24.474405375+00:00,1,0,0,1,1,1
2026-09-09T22:54:24.474408500+00:00,1,1,0,1,1,1
2026-09-09T22:54:24.474412500+00:00,1,0,0,1,1,1
2026-09-09T22:54:24.474415250+00:00,1,1,0,1,1,1
2026-09-09T22:54:24.474419375+00:00,1,0,0,1,1,1
2026-09-09T22:54:24.474422250+00:00,1,1,0,1,1,1
2026-09-09T22:54:24.474426375+00:00,1,0,0,1,1,1
2026-09-09T22:54:24.474429250+00:00,1,1,0,1,1,1
2026-09-09T22:54:24.474433500+00:00,1,0,0,1,1,1
2026-09-09T22:54:24.474436375+00:00,1,1,0,1,1,1
2026-09-09T22:54:24.474440500+00:00,1,0,0,1,1,1
2026-09-09T22:54:24.474443375+00:00,1,1,0,1,1,1
2026-09-09T22:54:24.474447250+00:00,1,0,0,1,1,1
2026-09-09T22:54:24.474450000+00:00,1,1,0,1,1,1
2026-09-09T22:54:24.474454250+00:00,1,0,0,1,1,1
2026-09-09T22:54:24.474457125+00:00,1,1,0,1,1,1
2026-09-09T22:54:24.474461000+00:00,1,0,0,1,1,1
2026-09-09T22:54:24.474464250+00:00,1,1,0,1,1,1
2026-09-09T22:54:24.474468125+00:00,1,0,0,1,1,1
2026-09-09T22:54:24.474471000+00:00,1,1,0,1,1,1
2026-09-09T22:54:24.474475125+00:00,1,0,0,1,1,1
2026-09-09T22:54:24.474478000+00:00,1,1,0,1,1,1
2026-09-09T22:54:24.474482250+00:00,1,0,0,1,1,1
2026-09-09T22:54:24.474485000+00:00,1,1,0,1,1,1
2026-09-09T22:54:24.474489375+00:00,1,0,0,1,1,1
2026-09-09T22:54:24.474491875+00:00,1,1,0,1,1,1
2026-09-09T22:54:24.474496375+00:00,1,0,0,1,1,1
2026-09-09T22:54:24.474498875+00:00,1,1,0,1,1,1
2026-09-09T22:54:24.474503000+00:00,1,0,0,1,1,1
2026-09-09T22:54:24.474505875+00:00,1,1,0,1,1,1
2026-09-09T22:54:24.474510125+00:00,1,0,0,1,1,1
2026-09-09T22:54:24.474513000+00:00,1,1,0,1,1,1
2026-09-09T22:54:24.474516875+00:00,1,0,0,1,1,1
2026-09-09T22:54:24.474519750+00:00,1,1,0,1,1,1
2026-09-09T22:54:24.474524000+00:00,1,0,0,1,1,1
2026-09-09T22:54:24.474526750+00:00,1,1,0,1,1,1
2026-09-09T22:54:24.474530750+00:00,1,0,0,1,1,1
2026-09-09T22:54:24.474533875+00:00,1,1,0,1,1,1
2026-09-09T22:54:24.474537875+00:00,1,0,0,1,1,1
2026-09-09T22:54:24.474540625+00:00,1,1,0,1,1,1
2026-09-09T22:54:24.474544875+00:00,1,0,0,1,1,1
2026-09-09T22:54:24.474547750+00:00,1,1,0,1,1,1
2026-09-09T22:54:24.474551875+00:00,1,0,0,1,1,1
2026-09-09T22:54:24.474554625+00:00,1,1,0,1,1,1
2026-09-09T22:54:24.474558625+00:00,1,0,0,1,1,1
2026-09-09T22:54:24.474561500+00:00,1,1,0,1,1,1
2026-09-09T22:54:24.474565750+00:00,1,0,0,1,1,1
2026-09-09T22:54:24.474568500+00:00,1,1,0,1,1,1
2026-09-09T22:54:24.474574125+00:00,1,0,0,1,1,1
2026-09-09T22:54:24.474576625+00:00,1,1,0,1,1,1
2026-09-09T22:54:24.474580625+00:00,1,0,0,1,1,1
2026-09-09T22:54:24.474583375+00:00,1,1,0,1,1,1
2026-09-09T22:54:24.474587500+00:00,1,0,0,1,1,1
2026-09-09T22:54:24.474590375+00:00,1,1,0,1,1,1
2026-09-09T22:54:24.474594625+00:00,1,0,0,1,1,1
2026-09-09T22:54:24.474597500+00:00,1,1,0,1,1,1
2026-09-09T22:54:24.474601250+00:00,1,0,0,1,1,1
2026-09-09T22:54:24.474604500+00:00,1,1,0,1,1,1
2026-09-09T22:54:24.474608750+00:00,1,0,0,1,1,1
2026-09-09T22:54:24.474611250+00:00,1,1,0,1,1,1
2026-09-09T22:54:24.474615500+00:00,1,0,0,1,1,1
2026-09-09T22:54:24.474618250+00:00,1,1,0,1,1,1
2026-09-09T22:54:24.474622125+00:00,1,0,0,1,1,1
2026-09-09T22:54:24.474625250+00:00,1,1,0,1,1,1
2026-09-09T22:54:24.474629125+00:00,1,0,0,1,1,1
2026-09-09T22:54:24.474632375+00:00,1,1,0,1,1,1
2026-09-09T22:54:24.474636125+00:00,1,0,0,1,1,1
2026-09-09T22:54:24.474639250+00:00,1,1,0,1,1,1
2026-09-09T22:54:24.474643125+00:00,1,0,0,1,1,1
2026-09-09T22:54:24.474646250+00:00,1,1,0,1,1,1
2026-09-09T22:54:24.474650250+00:00,1,0,0,1,1,1
2026-09-09T22:54:24.474653000+00:00,1,1,0,1,1,1
2026-09-09T22:54:24.474657250+00:00,1,0,0,1,1,1
2026-09-09T22:54:24.474660875+00:00,1,1,0,1,1,1
2026-09-09T22:54:24.474665375+00:00,1,0,0,1,1,1
2026-09-09T22:54:24.474667875+00:00,1,1,0,1,1,1
2026-09-09T22:54:24.474672000+00:00,1,0,0,1,1,1
2026-09-09T22:54:24.474674875+00:00,1,1,0,1,1,1
2026-09-09T22:54:24.474679000+00:00,1,0,0,1,1,1
2026-09-09T22:54:24.474681875+00:00,1,1,0,1,1,1
2026-09-09T22:54:24.474686125+00:00,1,0,0,1,1,1
2026-09-09T22:54:24.474689000+00:00,1,1,0,1,1,1
2026-09-09T22:54:24.474692750+00:00,1,0,0,1,1,1
2026-09-09T22:54:24.474695875+00:00,1,1,0,1,1,1
2026-09-09T22:54:24.474699875+00:00,1,0,0,1,1,1
2026-09-09T22:54:24.474703000+00:00,1,1,0,1,1,1
2026-09-09T22:54:24.474706875+00:00,1,0,0,1,1,1
2026-09-09T22:54:24.474709750+00:00,1,1,0,1,1,1
2026-09-09T22:54:24.474714000+00:00,1,0,0,1,1,1
2026-09-09T22:54:24.474716875+00:00,1,1,0,1,1,1
2026-09-09T22:54:24.474721125+00:00,1,0,0,1,1,1
2026-09-09T22:54:24.474723625+00:00,1,1,0,1,1,1
2026-09-09T22:54:24.474727750+00:00,1,0,0,1,1,1
2026-09-09T22:54:24.474730625+00:00,1,1,0,1,1,1
2026-09-09T22:54:24.474734750+00:00,1,0,0,1,1,1
2026-09-09T22:54:24.474737625+00:00,1,1,0,1,1,1
2026-09-09T22:54:24.474741750+00:00,1,0,0,1,1,1
2026-09-09T22:54:24.474744625+00:00,1,1,0,1,1,1
2026-09-09T22:54:24.474749000+00:00,1,0,0,1,1,1
2026-09-09T22:54:24.474751500+00:00,1,1,0,1,1,1
2026-09-09T22:54:24.474755750+00:00,1,0,0,1,1,1
2026-09-09T22:54:24.474758625+00:00,1,1,0,1,1,1
2026-09-09T22:54:24.474762375+00:00,1,0,0,1,1,1
2026-09-09T22:54:24.474765500+00:00,1,1,0,1,1,1
2026-09-09T22:54:24.474769500+00:00,1,0,0,1,1,1
2026-09-09T22:54:24.474772625+00:00,1,1,0,1,1,1
2026-09-09T22:54:24.474776875+00:00,1,0,0,1,1,1
2026-09-09T22:54:24.474779375+00:00,1,1,0,1,1,1
2026-09-09T22:54:24.474783500+00:00,1,0,0,1,1,1
2026-09-09T22:54:24.474786375+00:00,1,1,0,1,1,1
2026-09-09T22:54:24.474790625+00:00,1,0,0,1,1,1
2026-09-09T22:54:24.474793375+00:00,1,1,0,1,1,1
2026-09-09T22:54:24.474797375+00:00,1,0,0,1,1,1
2026-09-09T22:54:24.474800125+00:00,1,1,0,1,1,1
2026-09-09T22:54:24.474804375+00:00,1,0,0,1,1,1
2026-09-09T22:54:24.474807250+00:00,1,1,0,1,1,1
2026-09-09T22:54:24.474811125+00:00,1,0,0,1,1,1
2026-09-09T22:54:24.474813250+00:00,1,1,0,1,1,1
2026-09-09T22:54:24.474817250+00:00,1,0,0,1,1,1
2026-09-09T22:54:24.474820375+00:00,1,1,0,1,1,1
2026-09-09T22:54:24.474824250+00:00,1,0,0,1,1,1
2026-09-09T22:54:24.474827125+00:00,1,1,0,1,1,1
2026-09-09T22:54:24.474833125+00:00,1,0,0,1,1,1
2026-09-09T22:54:24.474836250+00:00,1,1,0,1,1,1
2026-09-09T22:54:24.474840125+00:00,1,0,0,1,1,1
2026-09-09T22:54:24.474843000+00:00,1,1,0,1,1,1
2026-09-09T22:54:24.474847125+00:00,1,0,0,1,1,1
2026-09-09T22:54:24.474849875+00:00,1,1,0,1,1,1
2026-09-09T22:54:24.474854125+00:00,1,0,0,1,1,1
2026-09-09T22:54:24.474856875+00:00,1,1,0,1,1,1
2026-09-09T22:54:24.474861000+00:00,1,0,0,1,1,1
2026-09-09T22:54:24.474863875+00:00,1,1,0,1,1,1
2026-09-09T22:54:24.474868000+00:00,1,0,0,1,1,1
2026-09-09T22:54:24.474870875+00:00,1,1,0,1,1,1
2026-09-09T22:54:24.474875000+00:00,1,0,0,1,1,1
2026-09-09T22:54:24.474877875+00:00,1,1,0,1,1,1
2026-09-09T22:54:24.474882000+00:00,1,0,0,1,1,1
2026-09-09T22:54:24.474884875+00:00,1,1,0,1,1,1
2026-09-09T22:54:24.474889000+00:00,1,0,0,1,1,1
2026-09-09T22:54:24.474891875+00:00,1,1,0,1,1,1
2026-09-09T22:54:24.474895750+00:00,1,0,0,1,1,1
2026-09-09T22:54:24.474898875+00:00,1,1,0,1,1,1
2026-09-09T22:54:24.474902750+00:00,1,0,0,1,1,1
2026-09-09T22:54:24.474905625+00:00,1,1,0,1,1,1
2026-09-09T22:54:24.474909750+00:00,1,0,0,1,1,1
2026-09-09T22:54:24.474912625+00:00,1,1,0,1,1,1
2026-09-09T22:54:24.474916875+00:00,1,0,0,1,1,1
2026-09-09T22:54:24.474920125+00:00,1,1,0,1,1,1
2026-09-09T22:54:24.474923750+00:00,1,0,0,1,1,1
2026-09-09T22:54:24.474926500+00:00,1,1,0,1,1,1
2026-09-09T22:54:24.474930625+00:00,1,0,0,1,1,1
2026-09-09T22:54:24.474933500+00:00,1,1,0,1,1,1
2026-09-09T22:54:24.474937750+00:00,1,0,0,1,1,1
2026-09-09T22:54:24.474940625+00:00,1,1,0,1,1,1
2026-09-09T22:54:24.474944875+00:00,1,0,0,1,1,1
2026-09-09T22:54:24.474947625+00:00,1,1,0,1,1,1
2026-09-09T22:54:24.474951625+00:00,1,0,0,1,1,1
2026-09-09T22:54:24.474954375+00:00,1,1,0,1,1,1
2026-09-09T22:54:24.474958625+00:00,1,0,0,1,1,1
2026-09-09T22:54:24.474961500+00:00,1,1,0,1,1,1
2026-09-09T22:54:24.474965375+00:00,1,0,0,1,1,1
2026-09-09T22:54:24.474968500+00:00,1,1,0,1,1,1
2026-09-09T22:54:24.474972375+00:00,1,0,0,1,1,1
2026-09-09T22:54:24.474975250+00:00,1,1,0,1,1,1
2026-09-09T22:54:24.474979500+00:00,1,0,0,1,1,1
2026-09-09T22:54:24.474982375+00:00,1,1,0,1,1,1
2026-09-09T22:54:24.474986250+00:00,1,0,0,1,1,1
2026-09-09T22:54:24.474989375+00:00,1,1,0,1,1,1
2026-09-09T22:54:24.474993250+00:00,1,0,0,1,1,1
2026-09-09T22:54:24.474996125+00:00,1,1,0,1,1,1
2026-09-09T22:54:24.475000625+00:00,1,0,0,1,1,1
2026-09-09T22:54:24.475003125+00:00,1,1,0,1,1,1
2026-09-09T22:54:24.475007500+00:00,1,0,0,1,1,1
2026-09-09T22:54:24.475010375+00:00,1,1,0,1,1,1
2026-09-09T22:54:24.475014125+00:00,1,0,0,1,1,1
2026-09-09T22:54:24.475017375+00:00,1,1,0,1,1,1
2026-09-09T22:54:24.475021125+00:00,1,0,0,1,1,1
2026-09-09T22:54:24.475024000+00:00,1,1,0,1,1,1
2026-09-09T22:54:24.475028125+00:00,1,0,0,1,1,1
2026-09-09T22:54:24.475031000+00:00,1,1,0,1,1,1
2026-09-09T22:54:24.475035250+00:00,1,0,0,1,1,1
2026-09-09T22:54:24.475038000+00:00,1,1,0,1,1,1
2026-09-09T22:54:24.475041875+00:00,1,0,0,1,1,1
2026-09-09T22:54:24.475045000+00:00,1,1,0,1,1,1
2026-09-09T22:54:24.475048875+00:00,1,0,0,1,1,1
2026-09-09T22:54:24.475052000+00:00,1,1,0,1,1,1
2026-09-09T22:54:24.475056125+00:00,1,0,0,1,1,1
2026-09-09T22:54:24.475059000+00:00,1,1,0,1,1,1
2026-09-09T22:54:24.475062875+00:00,1,0,0,1,1,1
2026-09-09T22:54:24.475065750+00:00,1,1,0,1,1,1
2026-09-09T22:54:24.475070000+00:00,1,0,0,1,1,1
2026-09-09T22:54:24.475072875+00:00,1,1,0,1,1,1
2026-09-09T22:54:24.475077000+00:00,1,0,0,1,1,1
2026-09-09T22:54:24.475079750+00:00,1,1,0,1,1,1
2026-09-09T22:54:24.475083875+00:00,1,0,0,1,1,1
2026-09-09T22:54:24.475086750+00:00,1,1,0,1,1,1
2026-09-09T22:54:24.475092250+00:00,1,0,0,1,1,1
2026-09-09T22:54:24.475094750+00:00,1,1,0,1,1,1
2026-09-09T22:54:24.475098750+00:00,1,0,0,1,1,1
2026-09-09T22:54:24.475101500+00:00,1,1,0,1,1,1
2026-09-09T22:54:24.475105625+00:00,1,0,0,1,1,1
2026-09-09T22:54:24.475108500+00:00,1,1,0,1,1,1
2026-09-09T22:54:24.475113125+00:00,1,0,0,1,1,1
2026-09-09T22:54:24.475115625+00:00,1,1,0,1,1,1
2026-09-09T22:54:24.475119875+00:00,1,0,0,1,1,1
2026-09-09T22:54:24.475122625+00:00,1,1,0,1,1,1
2026-09-09T22:54:24.475126500+00:00,1,0,0,1,1,1
2026-09-09T22:54:24.475129625+00:00,1,1,0,1,1,1
2026-09-09T22:54:24.475133625+00:00,1,0,0,1,1,1
2026-09-09T22:54:24.475136375+00:00,1,1,0,1,1,1
2026-09-09T22:54:24.475140625+00:00,1,0,0,1,1,1
2026-09-09T22:54:24.475143500+00:00,1,1,0,1,1,1
2026-09-09T22:54:24.475147375+00:00,1,0,0,1,1,1
2026-09-09T22:54:24.475150625+00:00,1,1,0,1,1,1
2026-09-09T22:54:24.475154375+00:00,1,0,0,1,1,1
2026-09-09T22:54:24.475157500+00:00,1,1,0,1,1,1
2026-09-09T22:54:24.475161500+00:00,1,0,0,1,1,1
2026-09-09T22:54:24.475164375+00:00,1,1,0,1,1,1
2026-09-09T22:54:24.475168875+00:00,1,0,0,1,1,1
2026-09-09T22:54:24.475171375+00:00,1,1,0,1,1,1
2026-09-09T22:54:24.475175250+00:00,1,0,0,1,1,1
2026-09-09T22:54:24.475179000+00:00,1,1,0,1,1,1
2026-09-09T22:54:24.475182250+00:00,1,0,0,1,1,1
2026-09-09T22:54:24.475185125+00:00,1,1,0,1,1,1
2026-09-09T22:54:24.475189250+00:00,1,0,0,1,1,1
2026-09-09T22:54:24.475192125+00:00,1,1,0,1,1,1
2026-09-09T22:54:24.475196250+00:00,1,0,0,1,1,1
2026-09-09T22:54:24.475199000+00:00,1,1,0,1,1,1
2026-09-09T22:54:24.475203250+00:00,1,0,0,1,1,1
2026-09-09T22:54:24.475206125+00:00,1,1,0,1,1,1
2026-09-09T22:54:24.475210000+00:00,1,0,0,1,1,1
2026-09-09T22:54:24.475213250+00:00,1,1,0,1,1,1
2026-09-09T22:54:24.475217125+00:00,1,0,0,1,1,1
2026-09-09T22:54:24.475220000+00:00,1,1,0,1,1,1
2026-09-09T22:54:24.475224500+00:00,1,0,0,1,1,1
2026-09-09T22:54:24.475227000+00:00,1,1,0,1,1,1
2026-09-09T22:54:24.475230875+00:00,1,0,0,1,1,1
2026-09-09T22:54:24.475234000+00:00,1,1,0,1,1,1
2026-09-09T22:54:24.475237875+00:00,1,0,0,1,1,1
2026-09-09T22:54:24.475241125+00:00,1,1,0,1,1,1
2026-09-09T22:54:24.475245000+00:00,1,0,0,1,1,1
2026-09-09T22:54:24.475247875+00:00,1,1,0,1,1,1
2026-09-09T22:54:24.475252125+00:00,1,0,0,1,1,1
2026-09-09T22:54:24.475255000+00:00,1,1,0,1,1,1
2026-09-09T22:54:24.475258750+00:00,1,0,0,1,1,1
2026-09-09T22:54:24.475261875+00:00,1,1,0,1,1,1
2026-09-09T22:54:24.475266125+00:00,1,0,0,1,1,1
2026-09-09T22:54:24.475268750+00:00,1,1,0,1,1,1
2026-09-09T22:54:24.475272875+00:00,1,0,0,1,1,1
2026-09-09T22:54:24.475275750+00:00,1,1,0,1,1,1
2026-09-09T22:54:24.475280000+00:00,1,0,0,1,1,1
2026-09-09T22:54:24.475282875+00:00,1,1,0,1,1,1
2026-09-09T22:54:24.475286625+00:00,1,0,0,1,1,1
2026-09-09T22:54:24.475289750+00:00,1,1,0,1,1,1
2026-09-09T22:54:24.475293750+00:00,1,0,0,1,1,1
2026-09-09T22:54:24.475296625+00:00,1,1,0,1,1,1
2026-09-09T22:54:24.475300750+00:00,1,0,0,1,1,1
2026-09-09T22:54:24.475303500+00:00,1,1,0,1,1,1
2026-09-09T22:54:24.475307625+00:00,1,0,0,1,1,1
2026-09-09T22:54:24.475310500+00:00,1,1,0,1,1,1
2026-09-09T22:54:24.475314625+00:00,1,0,0,1,1,1
2026-09-09T22:54:24.475317500+00:00,1,1,0,1,1,1
2026-09-09T22:54:24.475321750+00:00,1,0,0,1,1,1
2026-09-09T22:54:24.475324500+00:00,1,1,0,1,1,1
2026-09-09T22:54:24.475328375+00:00,1,0,0,1,1,1
2026-09-09T22:54:24.475331500+00:00,1,1,0,1,1,1
2026-09-09T22:54:24.475335750+00:00,1,0,0,1,1,1
2026-09-09T22:54:24.475338250+00:00,1,1,0,1,1,1
2026-09-09T22:54:24.475342500+00:00,1,0,0,1,1,1
2026-09-09T22:54:24.475345375+00:00,1,1,0,1,1,1
2026-09-09T22:54:24.475349250+00:00,1,0,0,1,1,1
2026-09-09T22:54:24.475353250+00:00,1,1,0,1,1,1
2026-09-09T22:54:24.475357375+00:00,1,0,0,1,1,1
2026-09-09T22:54:24.475360125+00:00,1,1,0,1,1,1
2026-09-09T22:54:24.475364375+00:00,1,0,0,1,1,1
2026-09-09T22:54:24.475367125+00:00,1,1,0,1,1,1
2026-09-09T22:54:24.475371250+00:00,1,0,0,1,1,1
2026-09-09T22:54:24.475374125+00:00,1,1,0,1,1,1
2026-09-09T22:54:24.475378250+00:00,1,0,0,1,1,1
2026-09-09T22:54:24.475381125+00:00,1,1,0,1,1,1
2026-09-09T22:54:24.475385250+00:00,1,0,0,1,1,1
2026-09-09T22:54:24.475388125+00:00,1,1,0,1,1,1
2026-09-09T22:54:24.475392250+00:00,1,0,0,1,1,1
2026-09-09T22:54:24.475395125+00:00,1,1,0,1,1,1
2026-09-09T22:54:24.475399000+00:00,1,0,0,1,1,1
2026-09-09T22:54:24.475402125+00:00,1,1,0,1,1,1
2026-09-09T22:54:24.475406125+00:00,1,0,0,1,1,1
2026-09-09T22:54:24.475408875+00:00,1,1,0,1,1,1
2026-09-09T22:54:24.475413000+00:00,1,0,0,1,1,1
2026-09-09T22:54:24.475415875+00:00,1,1,0,1,1,1
2026-09-09T22:54:24.475420000+00:00,1,0,0,1,1,1
2026-09-09T22:54:24.475422875+00:00,1,1,0,1,1,1
2026-09-09T22:54:24.475427000+00:00,1,0,0,1,1,1
2026-09-09T22:54:24.475429750+00:00,1,1,0,1,1,1
2026-09-09T22:54:24.475433875+00:00,1,0,0,1,1,1
2026-09-09T22:54:24.475438000+00:00,1,1,0,1,1,1
2026-09-09T22:54:24.475441875+00:00,1,0,0,1,1,1
2026-09-09T22:54:24.475444750+00:00,1,1,0,1,1,1
2026-09-09T22:54:24.475449125+00:00,1,0,0,1,1,1
2026-09-09T22:54:24.475451625+00:00,1,1,0,1,1,1
2026-09-09T22:54:24.475455750+00:00,1,0,0,1,1,1
2026-09-09T22:54:24.475458625+00:00,1,1,0,1,1,1
2026-09-09T22:54:24.475462875+00:00,1,0,0,1,1,1
2026-09-09T22:54:24.475465750+00:00,1,1,0,1,1,1
2026-09-09T22:54:24.475469625+00:00,1,0,0,1,1,1
2026-09-09T22:54:24.475472750+00:00,1,1,0,1,1,1
2026-09-09T22:54:24.475476625+00:00,1,0,0,1,1,1
2026-09-09T22:54:24.475479750+00:00,1,1,0,1,1,1
2026-09-09T22:54:24.475483625+00:00,1,0,0,1,1,1
2026-09-09T22:54:24.475486750+00:00,1,1,0,1,1,1
2026-09-09T22:54:24.475490625+00:00,1,0,0,1,1,1
2026-09-09T22:54:24.475493500+00:00,1,1,0,1,1,1
2026-09-09T22:54:24.475497750+00:00,1,0,0,1,1,1
2026-09-09T22:54:24.475500625+00:00,1,1,0,1,1,1
2026-09-09T22:54:24.475504750+00:00,1,0,0,1,1,1
2026-09-09T22:54:24.475507500+00:00,1,1,0,1,1,1
2026-09-09T22:54:24.475511500+00:00,1,0,0,1,1,1
2026-09-09T22:54:24.475514250+00:00,1,1,0,1,1,1
2026-09-09T22:54:24.475518500+00:00,1,0,0,1,1,1
2026-09-09T22:54:24.475521375+00:00,1,1,0,1,1,1
2026-09-09T22:54:24.475525750+00:00,1,0,0,1,1,1
2026-09-09T22:54:24.475528250+00:00,1,1,0,1,1,1
2026-09-09T22:54:24.475532500+00:00,1,0,0,1,1,1
2026-09-09T22:54:24.475535375+00:00,1,1,0,1,1,1
2026-09-09T22:54:24.475539125+00:00,1,0,0,1,1,1
2026-09-09T22:54:24.475542250+00:00,1,1,0,1,1,1
2026-09-09T22:54:24.475546125+00:00,1,0,0,1,1,1
2026-09-09T22:54:24.475549250+00:00,1,1,0,1,1,1
2026-09-09T22:54:24.475553125+00:00,1,0,0,1,1,1
2026-09-09T22:54:24.475556250+00:00,1,1,0,1,1,1
2026-09-09T22:54:24.475560500+00:00,1,0,0,1,1,1
2026-09-09T22:54:24.475563250+00:00,1,1,0,1,1,1
2026-09-09T22:54:24.475567125+00:00,1,0,0,1,1,1
2026-09-09T22:54:24.475570250+00:00,1,1,0,1,1,1
2026-09-09T22:54:24.475574125+00:00,1,0,0,1,1,1
2026-09-09T22:54:24.475577000+00:00,1,1,0,1,1,1
2026-09-09T22:54:24.475581250+00:00,1,0,0,1,1,1
2026-09-09T22:54:24.475584125+00:00,1,1,0,1,1,1
2026-09-09T22:54:24.475587875+00:00,1,0,0,1,1,1
2026-09-09T22:54:24.475591125+00:00,1,1,0,1,1,1
2026-09-09T22:54:24.475595000+00:00,1,0,0,1,1,1
2026-09-09T22:54:24.475597875+00:00,1,1,0,1,1,1
2026-09-09T22:54:24.475602000+00:00,1,0,0,1,1,1
2026-09-09T22:54:24.475604875+00:00,1,1,0,1,1,1
2026-09-09T22:54:24.475610375+00:00,1,0,0,1,1,1
2026-09-09T22:54:24.475612875+00:00,1,1,0,1,1,1
2026-09-09T22:54:24.475617000+00:00,1,0,0,1,1,1
2026-09-09T22:54:24.475619875+00:00,1,1,0,1,1,1
2026-09-09T22:54:24.475623625+00:00,1,0,0,1,1,1
2026-09-09T22:54:24.475626875+00:00,1,1,0,1,1,1
2026-09-09T22:54:24.475630750+00:00,1,0,0,1,1,1
2026-09-09T22:54:24.475633875+00:00,1,1,0,1,1,1
2026-09-09T22:54:24.475637875+00:00,1,0,0,1,1,1
2026-09-09T22:54:24.475640750+00:00,1,1,0,1,1,1
2026-09-09T22:54:24.475645000+00:00,1,0,0,1,1,1
2026-09-09T22:54:24.475647750+00:00,1,1,0,1,1,1
2026-09-09T22:54:24.475651625+00:00,1,0,0,1,1,1
2026-09-09T22:54:24.475654750+00:00,1,1,0,1,1,1
2026-09-09T22:54:24.475658625+00:00,1,0,0,1,1,1
2026-09-09T22:54:24.475661500+00:00,1,1,0,1,1,1
2026-09-09T22:54:24.475665750+00:00,1,0,0,1,1,1
2026-09-09T22:54:24.475668625+00:00,1,1,0,1,1,1
2026-09-09T22:54:24.475672875+00:00,1,0,0,1,1,1
2026-09-09T22:54:24.475675625+00:00,1,1,0,1,1,1
2026-09-09T22:54:24.475679500+00:00,1,0,0,1,1,1
2026-09-09T22:54:24.475682625+00:00,1,1,0,1,1,1
2026-09-09T22:54:24.475686500+00:00,1,0,0,1,1,1
2026-09-09T22:54:24.475689625+00:00,1,1,0,1,1,1
2026-09-09T22:54:24.475693500+00:00,1,0,0,1,1,1
2026-09-09T22:54:24.475696750+00:00,1,1,0,1,1,1
2026-09-09T22:54:24.475700625+00:00,1,0,0,1,1,1
2026-09-09T22:54:24.475703500+00:00,1,1,0,1,1,1
2026-09-09T22:54:24.475707250+00:00,1,0,0,1,1,1
2026-09-09T22:54:24.475710500+00:00,1,1,0,1,1,1
2026-09-09T22:54:24.475714375+00:00,1,0,0,1,1,1
2026-09-09T22:54:24.475717250+00:00,1,1,0,1,1,1
2026-09-09T22:54:24.475721375+00:00,1,0,0,1,1,1
2026-09-09T22:54:24.475724250+00:00,1,1,0,1,1,1
2026-09-09T22:54:24.475728625+00:00,1,0,0,1,1,1
2026-09-09T22:54:24.475731125+00:00,1,1,0,1,1,1
2026-09-09T22:54:24.475735375+00:00,1,0,0,1,1,1
2026-09-09T22:54:24.475738125+00:00,1,1,0,1,1,1
2026-09-09T22:54:24.475742250+00:00,1,0,0,1,1,1
2026-09-09T22:54:24.475745125+00:00,1,1,0,1,1,1
2026-09-09T22:54:24.475749250+00:00,1,0,0,1,1,1
2026-09-09T22:54:24.475752125+00:00,1,1,0,1,1,1
2026-09-09T22:54:24.475756000+00:00,1,0,0,1,1,1
2026-09-09T22:54:24.475759125+00:00,1,1,0,1,1,1
2026-09-09T22:54:24.475763000+00:00,1,0,0,1,1,1
2026-09-09T22:54:24.475766250+00:00,1,1,0,1,1,1
2026-09-09T22:54:24.475770000+00:00,1,0,0,1,1,1
2026-09-09T22:54:24.475773125+00:00,1,1,0,1,1,1
2026-09-09T22:54:24.475777125+00:00,1,0,0,1,1,1
2026-09-09T22:54:24.475779875+00:00,1,1,0,1,1,1
2026-09-09T22:54:24.475784625+00:00,1,0,0,1,1,1
2026-09-09T22:54:24.475786875+00:00,1,1,0,1,1,1
2026-09-09T22:54:24.475791000+00:00,1,0,0,1,1,1
2026-09-09T22:54:24.475793875+00:00,1,1,0,1,1,1
2026-09-09T22:54:24.475797875+00:00,1,0,0,1,1,1
2026-09-09T22:54:24.475801000+00:00,1,1,0,1,1,1
2026-09-09T22:54:24.475804875+00:00,1,0,0,1,1,1
2026-09-09T22:54:24.475807750+00:00,1,1,0,1,1,1
2026-09-09T22:54:24.475811875+00:00,1,0,0,1,1,1
2026-09-09T22:54:24.475814750+00:00,1,1,0,1,1,1
2026-09-09T22:54:24.475818875+00:00,1,0,0,1,1,1
2026-09-09T22:54:24.475821750+00:00,1,1,0,1,1,1
2026-09-09T22:54:24.475826000+00:00,1,0,0,1,1,1
2026-09-09T22:54:24.475828750+00:00,1,1,0,1,1,1
2026-09-09T22:54:24.475832750+00:00,1,0,0,1,1,1
2026-09-09T22:54:24.475835500+00:00,1,1,0,1,1,1
2026-09-09T22:54:24.475840000+00:00,1,0,0,1,1,1
2026-09-09T22:54:24.475842500+00:00,1,1,0,1,1,1
2026-09-09T22:54:24.475846750+00:00,1,0,0,1,1,1
2026-09-09T22:54:24.475849625+00:00,1,1,0,1,1,1
2026-09-09T22:54:24.475853500+00:00,1,0,0,1,1,1
2026-09-09T22:54:24.475856625+00:00,1,1,0,1,1,1
2026-09-09T22:54:24.475860500+00:00,1,0,0,1,1,1
2026-09-09T22:54:24.475863625+00:00,1,1,0,1,1,1
2026-09-09T22:54:24.475869000+00:00,1,0,0,1,1,1
2026-09-09T22:54:24.475871500+00:00,1,1,0,1,1,1
2026-09-09T22:54:24.475875375+00:00,1,0,0,1,1,1
2026-09-09T22:54:24.475878500+00:00,1,1,0,1,1,1
2026-09-09T22:54:24.475882375+00:00,1,0,0,1,1,1
2026-09-09T22:54:24.475885500+00:00,1,1,0,1,1,1
2026-09-09T22:54:24.475889375+00:00,1,0,0,1,1,1
2026-09-09T22:54:24.475892500+00:00,1,1,0,1,1,1
2026-09-09T22:54:24.475896750+00:00,1,0,0,1,1,1
2026-09-09T22:54:24.475899250+00:00,1,1,0,1,1,1
2026-09-09T22:54:24.475903500+00:00,1,0,0,1,1,1
2026-09-09T22:54:24.475906375+00:00,1,1,0,1,1,1
2026-09-09T22:54:24.475910125+00:00,1,0,0,1,1,1
2026-09-09T22:54:24.475913250+00:00,1,1,0,1,1,1
2026-09-09T22:54:24.475917250+00:00,1,0,0,1,1,1
2026-09-09T22:54:24.475920125+00:00,1,1,0,1,1,1
2026-09-09T22:54:24.475924250+00:00,1,0,0,1,1,1
2026-09-09T22:54:24.475927000+00:00,1,1,0,1,1,1
2026-09-09T22:54:24.475931250+00:00,1,0,0,1,1,1
2026-09-09T22:54:24.475934000+00:00,1,1,0,1,1,1
2026-09-09T22:54:24.475938250+00:00,1,0,0,1,1,1
2026-09-09T22:54:24.475941125+00:00,1,1,0,1,1,1
2026-09-09T22:54:24.475945000+00:00,1,0,0,1,1,1
2026-09-09T22:54:24.475948250+00:00,1,1,0,1,1,1
2026-09-09T22:54:24.475952375+00:00,1,0,0,1,1,1
2026-09-09T22:54:24.475955625+00:00,1,1,0,1,1,1
2026-09-09T22:54:24.475958875+00:00,1,0,0,1,1,1
2026-09-09T22:54:24.475962000+00:00,1,1,0,1,1,1
2026-09-09T22:54:24.475965875+00:00,1,0,0,1,1,1
2026-09-09T22:54:24.475969125+00:00,1,1,0,1,1,1
2026-09-09T22:54:24.475972875+00:00,1,0,0,1,1,1
2026-09-09T22:54:24.475976000+00:00,1,1,0,1,1,1
2026-09-09T22:54:24.475979875+00:00,1,0,0,1,1,1
2026-09-09T22:54:24.475983000+00:00,1,1,0,1,1,1
2026-09-09T22:54:24.475986875+00:00,1,0,0,1,1,1
2026-09-09T22:54:24.475990250+00:00,1,1,0,1,1,1
2026-09-09T22:54:24.475993750+00:00,1,0,0,1,1,1
2026-09-09T22:54:24.475997000+00:00,1,1,0,1,1,1
2026-09-09T22:54:24.476000750+00:00,1,0,0,1,1,1
2026-09-09T22:54:24.476003625+00:00,1,1,0,1,1,1
2026-09-09T22:54:24.476008125+00:00,1,0,0,1,1,1
2026-09-09T22:54:24.476010625+00:00,1,1,0,1,1,1
2026-09-09T22:54:24.476014875+00:00,1,0,0,1,1,1
2026-09-09T22:54:24.476017750+00:00,1,1,0,1,1,1
2026-09-09T22:54:24.476021625+00:00,1,0,0,1,1,1
2026-09-09T22:54:24.476024750+00:00,1,1,0,1,1,1
2026-09-09T22:54:24.476028500+00:00,1,0,0,1,1,1
2026-09-09T22:54:24.476031750+00:00,1,1,0,1,1,1
2026-09-09T22:54:24.476035625+00:00,1,0,0,1,1,1
2026-09-09T22:54:24.476038500+00:00,1,1,0,1,1,1
2026-09-09T22:54:24.476043125+00:00,1,0,0,1,1,1
2026-09-09T22:54:24.476045625+00:00,1,1,0,1,1,1
2026-09-09T22:54:24.476049375+00:00,1,0,0,1,1,1
2026-09-09T22:54:24.476052625+00:00,1,1,0,1,1,1
2026-09-09T22:54:24.476056375+00:00,1,0,0,1,1,1
2026-09-09T22:54:24.476059500+00:00,1,1,0,1,1,1
2026-09-09T22:54:24.476063750+00:00,1,0,0,1,1,1
2026-09-09T22:54:24.476066250+00:00,1,1,0,1,1,1
2026-09-09T22:54:24.476070500+00:00,1,0,0,1,1,1
2026-09-09T22:54:24.476073375+00:00,1,1,0,1,1,1
2026-09-09T22:54:24.476077250+00:00,1,0,0,1,1,1
2026-09-09T22:54:24.476080500+00:00,1,1,0,1,1,1
2026-09-09T22:54:24.476084375+00:00,1,0,0,1,1,1
2026-09-09T22:54:24.476087250+00:00,1,1,0,1,1,1
2026-09-09T22:54:24.476091500+00:00,1,0,0,1,1,1
2026-09-09T22:54:24.476094375+00:00,1,1,0,1,1,1
2026-09-09T22:54:24.476098125+00:00,1,0,0,1,1,1
2026-09-09T22:54:24.476101250+00:00,1,1,0,1,1,1
2026-09-09T22:54:24.476105250+00:00,1,0,0,1,1,1
2026-09-09T22:54:24.476108000+00:00,1,1,0,1,1,1
2026-09-09T22:54:24.476112125+00:00,1,0,0,1,1,1
2026-09-09T22:54:24.476115000+00:00,1,1,0,1,1,1
2026-09-09T22:54:24.476119625+00:00,1,0,0,1,1,1
2026-09-09T22:54:24.476122125+00:00,1,1,0,1,1,1
2026-09-09T22:54:24.476127625+00:00,1,0,0,1,1,1
2026-09-09T22:54:24.476130125+00:00,1,1,0,1,1,1
2026-09-09T22:54:24.476134000+00:00,1,0,0,1,1,1
2026-09-09T22:54:24.476136875+00:00,1,1,0,1,1,1
2026-09-09T22:54:24.476141125+00:00,1,0,0,1,1,1
2026-09-09T22:54:24.476144000+00:00,1,1,0,1,1,1
2026-09-09T22:54:24.476147750+00:00,1,0,0,1,1,1
2026-09-09T22:54:24.476151000+00:00,1,1,0,1,1,1
2026-09-09T22:54:24.476154875+00:00,1,0,0,1,1,1
2026-09-09T22:54:24.476158000+00:00,1,1,0,1,1,1
2026-09-09T22:54:24.476161875+00:00,1,0,0,1,1,1
2026-09-09T22:54:24.476165000+00:00,1,1,0,1,1,1
2026-09-09T22:54:24.476169000+00:00,1,0,0,1,1,1
2026-09-09T22:54:24.476171750+00:00,1,1,0,1,1,1
2026-09-09T22:54:24.476176375+00:00,1,0,0,1,1,1
2026-09-09T22:54:24.476178875+00:00,1,1,0,1,1,1
2026-09-09T22:54:24.476182625+00:00,1,0,0,1,1,1
2026-09-09T22:54:24.476185875+00:00,1,1,0,1,1,1
2026-09-09T22:54:24.476189750+00:00,1,0,0,1,1,1
2026-09-09T22:54:24.476192625+00:00,1,1,0,1,1,1
2026-09-09T22:54:24.476196875+00:00,1,0,0,1,1,1
2026-09-09T22:54:24.476199625+00:00,1,1,0,1,1,1
2026-09-09T22:54:24.476203500+00:00,1,0,0,1,1,1
2026-09-09T22:54:24.476206625+00:00,1,1,0,1,1,1
2026-09-09T22:54:24.476210500+00:00,1,0,0,1,1,1
2026-09-09T22:54:24.476214875+00:00,1,1,0,1,1,1
2026-09-09T22:54:24.476218625+00:00,1,0,0,1,1,1
2026-09-09T22:54:24.476221500+00:00,1,1,0,1,1,1
2026-09-09T22:54:24.476225750+00:00,1,0,0,1,1,1
2026-09-09T22:54:24.476228625+00:00,1,1,0,1,1,1
2026-09-09T22:54:24.476232750+00:00,1,0,0,1,1,1
2026-09-09T22:54:24.476235625+00:00,1,1,0,1,1,1
2026-09-09T22:54:24.476239500+00:00,1,0,0,1,1,1
2026-09-09T22:54:24.476242625+00:00,1,1,0,1,1,1
2026-09-09T22:54:24.476246375+00:00,1,0,0,1,1,1
2026-09-09T22:54:24.476249625+00:00,1,1,0,1,1,1
2026-09-09T22:54:24.476253500+00:00,1,0,0,1,1,1
2026-09-09T22:54:24.476256375+00:00,1,1,0,1,1,1
2026-09-09T22:54:24.476260625+00:00,1,0,0,1,1,1
2026-09-09T22:54:24.476263375+00:00,1,1,0,1,1,1
2026-09-09T22:54:24.476267250+00:00,1,0,0,1,1,1
2026-09-09T22:54:24.476270375+00:00,1,1,0,1,1,1
2026-09-09T22:54:24.476274375+00:00,1,0,0,1,1,1
2026-09-09T22:54:24.476277125+00:00,1,1,0,1,1,1
2026-09-09T22:54:24.476281375+00:00,1,0,0,1,1,1
2026-09-09T22:54:24.476284250+00:00,1,1,0,1,1,1
2026-09-09T22:54:24.476288375+00:00,1,0,0,1,1,1
2026-09-09T22:54:24.476291250+00:00,1,1,0,1,1,1
2026-09-09T22:54:24.476295000+00:00,1,0,0,1,1,1
2026-09-09T22:54:24.476297125+00:00,1,1,0,1,1,1
2026-09-09T22:54:24.476302250+00:00,1,0,0,1,1,1
2026-09-09T22:54:24.476305125+00:00,1,1,0,1,1,1
2026-09-09T22:54:24.476309000+00:00,1,0,0,1,1,1
2026-09-09T22:54:24.476312250+00:00,1,1,0,1,1,1
2026-09-09T22:54:24.476316000+00:00,1,0,0,1,1,1
2026-09-09T22:54:24.476319250+00:00,1,1,0,1,1,1
2026-09-09T22:54:24.476323000+00:00,1,0,0,1,1,1
2026-09-09T22:54:24.476326250+00:00,1,1,0,1,1,1
2026-09-09T22:54:24.476330000+00:00,1,0,0,1,1,1
2026-09-09T22:54:24.476332875+00:00,1,1,0,1,1,1
2026-09-09T22:54:24.476337125+00:00,1,0,0,1,1,1
2026-09-09T22:54:24.476339875+00:00,1,1,0,1,1,1
2026-09-09T22:54:24.476344125+00:00,1,0,0,1,1,1
2026-09-09T22:54:24.476347000+00:00,1,1,0,1,1,1
2026-09-09T22:54:24.476350875+00:00,1,0,0,1,1,1
2026-09-09T22:54:24.476353750+00:00,1,1,0,1,1,1
2026-09-09T22:54:24.476358000+00:00,1,0,0,1,1,1
2026-09-09T22:54:24.476360875+00:00,1,1,0,1,1,1
2026-09-09T22:54:24.476364625+00:00,1,0,0,1,1,1
2026-09-09T22:54:24.476367875+00:00,1,1,0,1,1,1
2026-09-09T22:54:24.476371625+00:00,1,0,0,1,1,1
2026-09-09T22:54:24.476374875+00:00,1,1,0,1,1,1
2026-09-09T22:54:24.476378625+00:00,1,0,0,1,1,1
2026-09-09T22:54:24.476381875+00:00,1,1,0,1,1,1
2026-09-09T22:54:24.476387125+00:00,1,0,0,1,1,1
2026-09-09T22:54:24.476389625+00:00,1,1,0,1,1,1
2026-09-09T22:54:24.476393875+00:00,1,0,0,1,1,1
2026-09-09T22:54:24.476396750+00:00,1,1,0,1,1,1
2026-09-09T22:54:24.476400875+00:00,1,0,0,1,1,1
2026-09-09T22:54:24.476403625+00:00,1,1,0,1,1,1
2026-09-09T22:54:24.476407500+00:00,1,0,0,1,1,1
2026-09-09T22:54:24.476410625+00:00,1,1,0,1,1,1
2026-09-09T22:54:24.476414500+00:00,1,0,0,1,1,1
2026-09-09T22:54:24.476417750+00:00,1,1,0,1,1,1
2026-09-09T22:54:24.476421625+00:00,1,0,0,1,1,1
2026-09-09T22:54:24.476424500+00:00,1,1,0,1,1,1
2026-09-09T22:54:24.476428750+00:00,1,0,0,1,1,1
2026-09-09T22:54:24.476431625+00:00,1,1,0,1,1,1
2026-09-09T22:54:24.476435500+00:00,1,0,0,1,1,1
2026-09-09T22:54:24.476438375+00:00,1,1,0,1,1,1
2026-09-09T22:54:24.476442625+00:00,1,0,0,1,1,1
2026-09-09T22:54:24.476445375+00:00,1,1,0,1,1,1
2026-09-09T22:54:24.476449250+00:00,1,0,0,1,1,1
2026-09-09T22:54:24.476452375+00:00,1,1,0,1,1,1
2026-09-09T22:54:24.476456625+00:00,1,0,0,1,1,1
2026-09-09T22:54:24.476459500+00:00,1,1,0,1,1,1
2026-09-09T22:54:24.476463375+00:00,1,0,0,1,1,1
2026-09-09T22:54:24.476466250+00:00,1,1,0,1,1,1
2026-09-09T22:54:24.476470500+00:00,1,0,0,1,1,1
2026-09-09T22:54:24.476473750+00:00,1,1,0,1,1,1
2026-09-09T22:54:24.476477250+00:00,1,0,0,1,1,1
2026-09-09T22:54:24.476480375+00:00,1,1,0,1,1,1
2026-09-09T22:54:24.476484250+00:00,1,0,0,1,1,1
2026-09-09T22:54:24.476487125+00:00,1,1,0,1,1,1
2026-09-09T22:54:24.476491250+00:00,1,0,0,1,1,1
2026-09-09T22:54:24.476494125+00:00,1,1,0,1,1,1
2026-09-09T22:54:24.476498250+00:00,1,0,0,1,1,1
2026-09-09T22:54:24.476501125+00:00,1,1,0,1,1,1
2026-09-09T22:54:24.476505000+00:00,1,0,0,1,1,1
2026-09-09T22:54:24.476508125+00:00,1,1,0,1,1,1
2026-09-09T22:54:24.476512375+00:00,1,0,0,1,1,1
2026-09-09T22:54:24.476515125+00:00,1,1,0,1,1,1
2026-09-09T22:54:24.476519125+00:00,1,0,0,1,1,1
2026-09-09T22:54:24.476521875+00:00,1,1,0,1,1,1
2026-09-09T22:54:24.476526000+00:00,1,0,0,1,1,1
2026-09-09T22:54:24.476528875+00:00,1,1,0,1,1,1
2026-09-09T22:54:24.476533125+00:00,1,0,0,1,1,1
2026-09-09T22:54:24.476536000+00:00,1,1,0,1,1,1
2026-09-09T22:54:24.476539875+00:00,1,0,0,1,1,1
2026-09-09T22:54:24.476543125+00:00,1,1,0,1,1,1
2026-09-09T22:54:24.476547000+00:00,1,0,0,1,1,1
2026-09-09T22:54:24.476549875+00:00,1,1,0,1,1,1
2026-09-09T22:54:24.476554125+00:00,1,0,0,1,1,1
2026-09-09T22:54:24.476556875+00:00,1,1,0,1,1,1
2026-09-09T22:54:24.476561250+00:00,1,0,0,1,1,1
2026-09-09T22:54:24.476563750+00:00,1,1,0,1,1,1
2026-09-09T22:54:24.476568000+00:00,1,0,0,1,1,1
2026-09-09T22:54:24.476570875+00:00,1,1,0,1,1,1
2026-09-09T22:54:24.476574750+00:00,1,0,0,1,1,1
2026-09-09T22:54:24.476577625+00:00,1,1,0,1,1,1
2026-09-09T22:54:24.476581750+00:00,1,0,0,1,1,1
2026-09-09T22:54:24.476584625+00:00,1,1,0,1,1,1
2026-09-09T22:54:24.476588875+00:00,1,0,0,1,1,1
2026-09-09T22:54:24.476591750+00:00,1,1,0,1,1,1
2026-09-09T22:54:24.476595500+00:00,1,0,0,1,1,1
2026-09-09T22:54:24.476598625+00:00,1,1,0,1,1,1
2026-09-09T22:54:24.476602500+00:00,1,0,0,1,1,1
2026-09-09T22:54:24.476605625+00:00,1,1,0,1,1,1
2026-09-09T22:54:24.476609500+00:00,1,0,0,1,1,1
2026-09-09T22:54:24.476612625+00:00,1,1,0,1,1,1
2026-09-09T22:54:24.476616625+00:00,1,0,0,1,1,1
2026-09-09T22:54:24.476619375+00:00,1,1,0,1,1,1
2026-09-09T22:54:24.476623875+00:00,1,0,0,1,1,1
2026-09-09T22:54:24.476626375+00:00,1,1,0,1,1,1
2026-09-09T22:54:24.476630500+00:00,1,0,0,1,1,1
2026-09-09T22:54:24.476633375+00:00,1,1,0,1,1,1
2026-09-09T22:54:24.476637625+00:00,1,0,0,1,1,1
2026-09-09T22:54:24.476640500+00:00,1,1,0,1,1,1
2026-09-09T22:54:24.476645875+00:00,1,0,0,1,1,1
2026-09-09T22:54:24.476648375+00:00,1,1,0,1,1,1
2026-09-09T22:54:24.476652125+00:00,1,0,0,1,1,1
2026-09-09T22:54:24.476654375+00:00,1,1,0,1,1,1
2026-09-09T22:54:24.476658125+00:00,1,0,0,1,1,1
2026-09-09T22:54:24.476661250+00:00,1,1,0,1,1,1
2026-09-09T22:54:24.476665125+00:00,1,0,0,1,1,1
2026-09-09T22:54:24.476668250+00:00,1,1,0,1,1,1
2026-09-09T22:54:24.476672125+00:00,1,0,0,1,1,1
2026-09-09T22:54:24.476675250+00:00,1,1,0,1,1,1
2026-09-09T22:54:24.476679375+00:00,1,0,0,1,1,1
2026-09-09T22:54:24.476682125+00:00,1,1,0,1,1,1
2026-09-09T22:54:24.476686125+00:00,1,0,0,1,1,1
2026-09-09T22:54:24.476689250+00:00,1,1,0,1,1,1
2026-09-09T22:54:24.476693250+00:00,1,0,0,1,1,1
2026-09-09T22:54:24.476696000+00:00,1,1,0,1,1,1
2026-09-09T22:54:24.476700125+00:00,1,0,0,1,1,1
2026-09-09T22:54:24.476703000+00:00,1,1,0,1,1,1
2026-09-09T22:54:24.476707250+00:00,1,0,0,1,1,1
2026-09-09T22:54:24.476710125+00:00,1,1,0,1,1,1
2026-09-09T22:54:24.476714000+00:00,1,0,0,1,1,1
2026-09-09T22:54:24.476716875+00:00,1,1,0,1,1,1
2026-09-09T22:54:24.476721000+00:00,1,0,0,1,1,1
2026-09-09T22:54:24.476723875+00:00,1,1,0,1,1,1
2026-09-09T22:54:24.476728125+00:00,1,0,0,1,1,1
2026-09-09T22:54:24.476732375+00:00,1,1,0,1,1,1
2026-09-09T22:54:24.476736250+00:00,1,0,0,1,1,1
2026-09-09T22:54:24.476738750+00:00,1,1,0,1,1,1
2026-09-09T22:54:24.476742875+00:00,1,0,0,1,1,1
2026-09-09T22:54:24.476745750+00:00,1,1,0,1,1,1
2026-09-09T22:54:24.476750000+00:00,1,0,0,1,1,1
2026-09-09T22:54:24.476752875+00:00,1,1,0,1,1,1
2026-09-09T22:54:24.476756625+00:00,1,0,0,1,1,1
2026-09-09T22:54:24.476759875+00:00,1,1,0,1,1,1
2026-09-09T22:54:24.476763750+00:00,1,0,0,1,1,1
2026-09-09T22:54:24.476766875+00:00,1,1,0,1,1,1
2026-09-09T22:54:24.476770875+00:00,1,0,0,1,1,1
2026-09-09T22:54:24.476773625+00:00,1,1,0,1,1,1
2026-09-09T22:54:24.476777875+00:00,1,0,0,1,1,1
2026-09-09T22:54:24.476780750+00:00,1,1,0,1,1,1
2026-09-09T22:54:24.476784625+00:00,1,0,0,1,1,1
2026-09-09T22:54:24.476787500+00:00,1,1,0,1,1,1
2026-09-09T22:54:24.476792125+00:00,1,0,0,1,1,1
2026-09-09T22:54:24.476794625+00:00,1,1,0,1,1,1
2026-09-09T22:54:24.476798375+00:00,1,0,0,1,1,1
2026-09-09T22:54:24.476801625+00:00,1,1,0,1,1,1
2026-09-09T22:54:24.476805375+00:00,1,0,0,1,1,1
2026-09-09T22:54:24.476808625+00:00,1,1,0,1,1,1
2026-09-09T22:54:24.476812375+00:00,1,0,0,1,1,1
2026-09-09T22:54:24.476815500+00:00,1,1,0,1,1,1
2026-09-09T22:54:24.476820125+00:00,1,0,0,1,1,1
2026-09-09T22:54:24.476822375+00:00,1,1,0,1,1,1
2026-09-09T22:54:24.476826500+00:00,1,0,0,1,1,1
2026-09-09T22:54:24.476829375+00:00,1,1,0,1,1,1
2026-09-09T22:54:24.476833625+00:00,1,0,0,1,1,1
2026-09-09T22:54:24.476836500+00:00,1,1,0,1,1,1
2026-09-09T22:54:24.476840375+00:00,1,0,0,1,1,1
2026-09-09T22:54:24.476843250+00:00,1,1,0,1,1,1
2026-09-09T22:54:24.476847625+00:00,1,0,0,1,1,1
2026-09-09T22:54:24.476850500+00:00,1,1,0,1,1,1
2026-09-09T22:54:24.476854375+00:00,1,0,0,1,1,1
2026-09-09T22:54:24.476857250+00:00,1,1,0,1,1,1
2026-09-09T22:54:24.476861500+00:00,1,0,0,1,1,1
2026-09-09T22:54:24.476864375+00:00,1,1,0,1,1,1
2026-09-09T22:54:24.476868125+00:00,1,0,0,1,1,1
2026-09-09T22:54:24.476871250+00:00,1,1,0,1,1,1
2026-09-09T22:54:24.476875125+00:00,1,0,0,1,1,1
2026-09-09T22:54:24.476878250+00:00,1,1,0,1,1,1
2026-09-09T22:54:24.476882250+00:00,1,0,0,1,1,1
2026-09-09T22:54:24.476885000+00:00,1,1,0,1,1,1
2026-09-09T22:54:24.476889250+00:00,1,0,0,1,1,1
2026-09-09T22:54:24.476892000+00:00,1,1,0,1,1,1
2026-09-09T22:54:24.476896250+00:00,1,0,0,1,1,1
2026-09-09T22:54:24.476899000+00:00,1,1,0,1,1,1
2026-09-09T22:54:24.476905500+00:00,1,0,0,1,1,1
2026-09-09T22:54:24.476908000+00:00,1,1,0,1,1,1
2026-09-09T22:54:24.476911875+00:00,1,0,0,1,1,1
2026-09-09T22:54:24.476915000+00:00,1,1,0,1,1,1
2026-09-09T22:54:24.476918875+00:00,1,0,0,1,1,1
2026-09-09T22:54:24.476922125+00:00,1,1,0,1,1,1
2026-09-09T22:54:24.476926000+00:00,1,0,0,1,1,1
2026-09-09T22:54:24.476928875+00:00,1,1,0,1,1,1
2026-09-09T22:54:24.476933000+00:00,1,0,0,1,1,1
2026-09-09T22:54:24.476935875+00:00,1,1,0,1,1,1
2026-09-09T22:54:24.476940125+00:00,1,0,0,1,1,1
2026-09-09T22:54:24.476942875+00:00,1,1,0,1,1,1
2026-09-09T22:54:24.476946875+00:00,1,0,0,1,1,1
2026-09-09T22:54:24.476949625+00:00,1,1,0,1,1,1
2026-09-09T22:54:24.476953875+00:00,1,0,0,1,1,1
2026-09-09T22:54:24.476956625+00:00,1,1,0,1,1,1
2026-09-09T22:54:24.476961250+00:00,1,0,0,1,1,1
2026-09-09T22:54:24.476963750+00:00,1,1,0,1,1,1
2026-09-09T22:54:24.476967500+00:00,1,0,0,1,1,1
2026-09-09T22:54:24.476970750+00:00,1,1,0,1,1,1
2026-09-09T22:54:24.476974500+00:00,1,0,0,1,1,1
2026-09-09T22:54:24.476977750+00:00,1,1,0,1,1,1
2026-09-09T22:54:24.476981625+00:00,1,0,0,1,1,1
2026-09-09T22:54:24.476984875+00:00,1,1,0,1,1,1
2026-09-09T22:54:24.476988875+00:00,1,0,0,1,1,1
2026-09-09T22:54:24.476997250+00:00,1,1,0,1,1,1
2026-09-09T22:54:24.477000750+00:00,1,0,0,1,1,1
2026-09-09T22:54:24.477003625+00:00,1,1,0,1,1,1
2026-09-09T22:54:24.477007500+00:00,1,0,0,1,1,1
2026-09-09T22:54:24.477010750+00:00,1,1,0,1,1,1
2026-09-09T22:54:24.477014625+00:00,1,0,0,1,1,1
2026-09-09T22:54:24.477017625+00:00,1,1,0,1,1,1
2026-09-09T22:54:24.477021750+00:00,1,0,0,1,1,1
2026-09-09T22:54:24.477024375+00:00,1,1,0,1,1,1
2026-09-09T22:54:24.477028250+00:00,1,0,0,1,1,1
2026-09-09T22:54:24.477030500+00:00,1,1,0,1,1,1
2026-09-09T22:54:24.477034375+00:00,1,0,0,1,1,1
2026-09-09T22:54:24.477037625+00:00,1,1,0,1,1,1
2026-09-09T22:54:24.477041375+00:00,1,0,0,1,1,1
2026-09-09T22:54:24.477044250+00:00,1,1,0,1,1,1
2026-09-09T22:54:24.477048250+00:00,1,0,0,1,1,1
2026-09-09T22:54:24.477051500+00:00,1,1,0,1,1,1
2026-09-09T22:54:24.477055250+00:00,1,0,0,1,1,1
2026-09-09T22:54:24.477058250+00:00,1,1,0,1,1,1
2026-09-09T22:54:24.477062125+00:00,1,0,0,1,1,1
2026-09-09T22:54:24.477065375+00:00,1,1,0,1,1,1
2026-09-09T22:54:24.477069375+00:00,1,0,0,1,1,1
2026-09-09T22:54:24.477072250+00:00,1,1,0,1,1,1
2026-09-09T22:54:24.477076500+00:00,1,0,0,1,1,1
2026-09-09T22:54:24.477079375+00:00,1,1,0,1,1,1
2026-09-09T22:54:24.477084750+00:00,1,0,0,1,1,1
2026-09-09T22:54:24.477087000+00:00,1,1,0,1,1,1
2026-09-09T22:54:24.477091125+00:00,1,0,0,1,1,1
2026-09-09T22:54:24.477094125+00:00,1,1,0,1,1,1
2026-09-09T22:54:24.477098000+00:00,1,0,0,1,1,1
2026-09-09T22:54:24.477101250+00:00,1,1,0,1,1,1
2026-09-09T22:54:24.477105125+00:00,1,0,0,1,1,1
2026-09-09T22:54:24.477108000+00:00,1,1,0,1,1,1
2026-09-09T22:54:24.477111750+00:00,1,0,0,1,1,1
2026-09-09T22:54:24.477114125+00:00,1,1,0,1,1,1
2026-09-09T22:54:24.477118000+00:00,1,0,0,1,1,1
2026-09-09T22:54:24.477120875+00:00,1,1,0,1,1,1
2026-09-09T22:54:24.477124750+00:00,1,0,0,1,1,1
2026-09-09T22:54:24.477127000+00:00,1,1,0,1,1,1
2026-09-09T22:54:24.477131125+00:00,1,0,0,1,1,1
2026-09-09T22:54:24.477134125+00:00,1,1,0,1,1,1
2026-09-09T22:54:24.477138000+00:00,1,0,0,1,1,1
2026-09-09T22:54:24.477141000+00:00,1,1,0,1,1,1
2026-09-09T22:54:24.477144750+00:00,1,0,0,1,1,1
2026-09-09T22:54:24.477148000+00:00,1,1,0,1,1,1
2026-09-09T22:54:24.477151750+00:00,1,0,0,1,1,1
2026-09-09T22:54:24.477154750+00:00,1,1,0,1,1,1
2026-09-09T22:54:24.477158500+00:00,1,0,0,1,1,1
2026-09-09T22:54:24.477160875+00:00,1,1,0,1,1,1
2026-09-09T22:54:24.477164625+00:00,1,0,0,1,1,1
2026-09-09T22:54:24.477169375+00:00,1,1,0,1,1,1
2026-09-09T22:54:24.477172625+00:00,1,0,0,1,1,1
2026-09-09T22:54:24.477175875+00:00,1,1,0,1,1,1
2026-09-09T22:54:24.477179625+00:00,1,0,0,1,1,1
2026-09-09T22:54:24.477182625+00:00,1,1,0,1,1,1
2026-09-09T22:54:24.477186750+00:00,1,0,0,1,1,1
2026-09-09T22:54:24.477189750+00:00,1,1,0,1,1,1
2026-09-09T22:54:24.477193625+00:00,1,0,0,1,1,1
2026-09-09T22:54:24.477196625+00:00,1,1,0,1,1,1
2026-09-09T22:54:24.477200375+00:00,1,0,0,1,1,1
2026-09-09T22:54:24.477203625+00:00,1,1,0,1,1,1
2026-09-09T22:54:24.477207500+00:00,1,0,0,1,1,1
2026-09-09T22:54:24.477210375+00:00,1,1,0,1,1,1
2026-09-09T22:54:24.477214625+00:00,1,0,0,1,1,1
2026-09-09T22:54:24.477217625+00:00,1,1,0,1,1,1
2026-09-09T22:54:24.477221375+00:00,1,0,0,1,1,1
2026-09-09T22:54:24.477224375+00:00,1,1,0,1,1,1
2026-09-09T22:54:24.477228625+00:00,1,0,0,1,1,1
2026-09-09T22:54:24.477231500+00:00,1,1,0,1,1,1
2026-09-09T22:54:24.477235250+00:00,1,0,0,1,1,1
2026-09-09T22:54:24.477238625+00:00,1,1,0,1,1,1
2026-09-09T22:54:24.477242750+00:00,1,0,0,1,1,1
2026-09-09T22:54:24.477245375+00:00,1,1,0,1,1,1
2026-09-09T22:54:24.477249250+00:00,1,0,0,1,1,1
2026-09-09T22:54:24.477252500+00:00,1,1,0,1,1,1
2026-09-09T22:54:24.477257125+00:00,1,0,0,1,1,1
2026-09-09T22:54:24.477260375+00:00,1,1,0,1,1,1
2026-09-09T22:54:24.477264375+00:00,1,0,0,1,1,1
2026-09-09T22:54:24.477267250+00:00,1,1,0,1,1,1
2026-09-09T22:54:24.477271250+00:00,1,0,0,1,1,1
2026-09-09T22:54:24.477274125+00:00,1,1,0,1,1,1
2026-09-09T22:54:24.477277875+00:00,1,0,0,1,1,1
2026-09-09T22:54:24.477280250+00:00,1,1,0,1,1,1
2026-09-09T22:54:24.477284000+00:00,1,0,0,1,1,1
2026-09-09T22:54:24.477287250+00:00,1,1,0,1,1,1
2026-09-09T22:54:24.477291000+00:00,1,0,0,1,1,1
2026-09-09T22:54:24.477294000+00:00,1,1,0,1,1,1
2026-09-09T22:54:24.477298500+00:00,1,0,0,1,1,1
2026-09-09T22:54:24.477301125+00:00,1,1,0,1,1,1
2026-09-09T22:54:24.477305000+00:00,1,0,0,1,1,1
2026-09-09T22:54:24.477308000+00:00,1,1,0,1,1,1
2026-09-09T22:54:24.477311875+00:00,1,0,0,1,1,1
2026-09-09T22:54:24.477315125+00:00,1,1,0,1,1,1
2026-09-09T22:54:24.477319000+00:00,1,0,0,1,1,1
2026-09-09T22:54:24.477321875+00:00,1,1,0,1,1,1
2026-09-09T22:54:24.477325875+00:00,1,0,0,1,1,1
2026-09-09T22:54:24.477329125+00:00,1,1,0,1,1,1
2026-09-09T22:54:24.477333000+00:00,1,0,0,1,1,1
2026-09-09T22:54:24.477335875+00:00,1,1,0,1,1,1
2026-09-09T22:54:24.477339750+00:00,1,0,0,1,1,1
2026-09-09T22:54:24.477343000+00:00,1,1,0,1,1,1
2026-09-09T22:54:24.477347000+00:00,1,0,0,1,1,1
2026-09-09T22:54:24.477349875+00:00,1,1,0,1,1,1
2026-09-09T22:54:24.477354000+00:00,1,0,0,1,1,1
2026-09-09T22:54:24.477356875+00:00,1,1,0,1,1,1
2026-09-09T22:54:24.477360875+00:00,1,0,0,1,1,1
2026-09-09T22:54:24.477363750+00:00,1,1,0,1,1,1
2026-09-09T22:54:24.477367500+00:00,1,0,0,1,1,1
2026-09-09T22:54:24.477370750+00:00,1,1,0,1,1,1
2026-09-09T22:54:24.477374625+00:00,1,0,0,1,1,1
2026-09-09T22:54:24.477377500+00:00,1,1,0,1,1,1
2026-09-09T22:54:24.477381625+00:00,1,0,0,1,1,1
2026-09-09T22:54:24.477384625+00:00,1,1,0,1,1,1
2026-09-09T22:54:24.477388500+00:00,1,0,0,1,1,1
2026-09-09T22:54:24.477391750+00:00,1,1,0,1,1,1
2026-09-09T22:54:24.477395625+00:00,1,0,0,1,1,1
2026-09-09T22:54:24.477398625+00:00,1,1,0,1,1,1
2026-09-09T22:54:24.477402500+00:00,1,0,0,1,1,1
2026-09-09T22:54:24.477405500+00:00,1,1,0,1,1,1
2026-09-09T22:54:24.477409625+00:00,1,0,0,1,1,1
2026-09-09T22:54:24.477412500+00:00,1,1,0,1,1,1
2026-09-09T22:54:24.477416375+00:00,1,0,0,1,1,1
2026-09-09T22:54:24.477419375+00:00,1,1,0,1,1,1
2026-09-09T22:54:24.477423250+00:00,1,0,0,1,1,1
2026-09-09T22:54:24.477426500+00:00,1,1,0,1,1,1
2026-09-09T22:54:24.477431500+00:00,1,0,0,1,1,1
2026-09-09T22:54:24.477434375+00:00,1,1,0,1,1,1
2026-09-09T22:54:24.477438250+00:00,1,0,0,1,1,1
2026-09-09T22:54:24.477441500+00:00,1,1,0,1,1,1
2026-09-09T22:54:24.477445250+00:00,1,0,0,1,1,1
2026-09-09T22:54:24.477448125+00:00,1,1,0,1,1,1
2026-09-09T22:54:24.477452250+00:00,1,0,0,1,1,1
2026-09-09T22:54:24.477455250+00:00,1,1,0,1,1,1
2026-09-09T22:54:24.477459000+00:00,1,0,0,1,1,1
2026-09-09T22:54:24.477462250+00:00,1,1,0,1,1,1
2026-09-09T22:54:24.477466500+00:00,1,0,0,1,1,1
2026-09-09T22:54:24.477469125+00:00,1,1,0,1,1,1
2026-09-09T22:54:24.477472875+00:00,1,0,0,1,1,1
2026-09-09T22:54:24.477475125+00:00,1,1,0,1,1,1
2026-09-09T22:54:24.477479000+00:00,1,0,0,1,1,1
2026-09-09T22:54:24.477482250+00:00,1,1,0,1,1,1
2026-09-09T22:54:24.477486125+00:00,1,0,0,1,1,1
2026-09-09T22:54:24.477489125+00:00,1,1,0,1,1,1
2026-09-09T22:54:24.477493000+00:00,1,0,0,1,1,1
2026-09-09T22:54:24.477496000+00:00,1,1,0,1,1,1
2026-09-09T22:54:24.477499750+00:00,1,0,0,1,1,1
2026-09-09T22:54:24.477502000+00:00,1,1,0,1,1,1
2026-09-09T22:54:24.477506000+00:00,1,0,0,1,1,1
2026-09-09T22:54:24.477508875+00:00,1,1,0,1,1,1
2026-09-09T22:54:24.477512750+00:00,1,0,0,1,1,1
2026-09-09T22:54:24.477517000+00:00,1,1,0,1,1,1
2026-09-09T22:54:24.477521250+00:00,1,0,0,1,1,1
2026-09-09T22:54:24.477523875+00:00,1,1,0,1,1,1
2026-09-09T22:54:24.477527625+00:00,1,0,0,1,1,1
2026-09-09T22:54:24.477530875+00:00,1,1,0,1,1,1
2026-09-09T22:54:24.477534875+00:00,1,0,0,1,1,1
2026-09-09T22:54:24.477537750+00:00,1,1,0,1,1,1
2026-09-09T22:54:24.477541625+00:00,1,0,0,1,1,1
2026-09-09T22:54:24.477544875+00:00,1,1,0,1,1,1
2026-09-09T22:54:24.477548750+00:00,1,0,0,1,1,1
2026-09-09T22:54:24.477551625+00:00,1,1,0,1,1,1
2026-09-09T22:54:24.477555500+00:00,1,0,0,1,1,1
2026-09-09T22:54:24.477557750+00:00,1,1,0,1,1,1
2026-09-09T22:54:24.477561625+00:00,1,0,0,1,1,1
2026-09-09T22:54:24.477564875+00:00,1,1,0,1,1,1
2026-09-09T22:54:24.477568750+00:00,1,0,0,1,1,1
2026-09-09T22:54:24.477571625+00:00,1,1,0,1,1,1
2026-09-09T22:54:24.477575875+00:00,1,0,0,1,1,1
2026-09-09T22:54:24.477578500+00:00,1,1,0,1,1,1
2026-09-09T22:54:24.477582375+00:00,1,0,0,1,1,1
2026-09-09T22:54:24.477585750+00:00,1,1,0,1,1,1
2026-09-09T22:54:24.477589500+00:00,1,0,0,1,1,1
2026-09-09T22:54:24.477592375+00:00,1,1,0,1,1,1
2026-09-09T22:54:24.477596625+00:00,1,0,0,1,1,1
2026-09-09T22:54:24.477601000+00:00,1,1,0,1,1,1
2026-09-09T22:54:24.477604500+00:00,1,0,0,1,1,1
2026-09-09T22:54:24.477607375+00:00,1,1,0,1,1,1
2026-09-09T22:54:24.477611250+00:00,1,0,0,1,1,1
2026-09-09T22:54:24.477613500+00:00,1,1,0,1,1,1
2026-09-09T22:54:24.477617375+00:00,1,0,0,1,1,1
2026-09-09T22:54:24.477620375+00:00,1,1,0,1,1,1
2026-09-09T22:54:24.477624125+00:00,1,0,0,1,1,1
2026-09-09T22:54:24.477626375+00:00,1,1,0,1,1,1
2026-09-09T22:54:24.477630625+00:00,1,0,0,1,1,1
2026-09-09T22:54:24.477633250+00:00,1,1,0,1,1,1
2026-09-09T22:54:24.477637000+00:00,1,0,0,1,1,1
2026-09-09T22:54:24.477639375+00:00,1,1,0,1,1,1
2026-09-09T22:54:24.477643250+00:00,1,0,0,1,1,1
2026-09-09T22:54:24.477646125+00:00,1,1,0,1,1,1
2026-09-09T22:54:24.477650125+00:00,1,0,0,1,1,1
2026-09-09T22:54:24.477653375+00:00,1,1,0,1,1,1
2026-09-09T22:54:24.477657250+00:00,1,0,0,1,1,1
2026-09-09T22:54:24.477660250+00:00,1,1,0,1,1,1
2026-09-09T22:54:24.477664000+00:00,1,0,0,1,1,1
2026-09-09T22:54:24.477667250+00:00,1,1,0,1,1,1
2026-09-09T22:54:24.477671125+00:00,1,0,0,1,1,1
2026-09-09T22:54:24.477674000+00:00,1,1,0,1,1,1
2026-09-09T22:54:24.477677875+00:00,1,0,0,1,1,1
2026-09-09T22:54:24.477680125+00:00,1,1,0,1,1,1
2026-09-09T22:54:24.477684375+00:00,1,0,0,1,1,1
2026-09-09T22:54:24.477688125+00:00,1,1,0,1,1,1
2026-09-09T22:54:24.477691875+00:00,1,0,0,1,1,1
2026-09-09T22:54:24.477695125+00:00,1,1,0,1,1,1
2026-09-09T22:54:24.477699000+00:00,1,0,0,1,1,1
2026-09-09T22:54:24.477701875+00:00,1,1,0,1,1,1
2026-09-09T22:54:24.477705750+00:00,1,0,0,1,1,1
2026-09-09T22:54:24.477709000+00:00,1,1,0,1,1,1
2026-09-09T22:54:24.477712875+00:00,1,0,0,1,1,1
2026-09-09T22:54:24.477715875+00:00,1,1,0,1,1,1
2026-09-09T22:54:24.477719750+00:00,1,0,0,1,1,1
2026-09-09T22:54:24.477723000+00:00,1,1,0,1,1,1
2026-09-09T22:54:24.477727000+00:00,1,0,0,1,1,1
2026-09-09T22:54:24.477729875+00:00,1,1,0,1,1,1
2026-09-09T22:54:24.477733750+00:00,1,0,0,1,1,1
2026-09-09T22:54:24.477736750+00:00,1,1,0,1,1,1
2026-09-09T22:54:24.477741000+00:00,1,0,0,1,1,1
2026-09-09T22:54:24.477743875+00:00,1,1,0,1,1,1
2026-09-09T22:54:24.477747750+00:00,1,0,0,1,1,1
2026-09-09T22:54:24.477750625+00:00,1,1,0,1,1,1
2026-09-09T22:54:24.477754500+00:00,1,0,0,1,1,1
2026-09-09T22:54:24.477756750+00:00,1,1,0,1,1,1
2026-09-09T22:54:24.477760625+00:00,1,0,0,1,1,1
2026-09-09T22:54:24.477763625+00:00,1,1,0,1,1,1
2026-09-09T22:54:24.477767375+00:00,1,0,0,1,1,1
2026-09-09T22:54:24.477770625+00:00,1,1,0,1,1,1
2026-09-09T22:54:24.477775375+00:00,1,0,0,1,1,1
2026-09-09T22:54:24.477777625+00:00,1,1,0,1,1,1
2026-09-09T22:54:24.477781375+00:00,1,0,0,1,1,1
2026-09-09T22:54:24.477784625+00:00,1,1,0,1,1,1
2026-09-09T22:54:24.477788500+00:00,1,0,0,1,1,1
2026-09-09T22:54:24.477791375+00:00,1,1,0,1,1,1
2026-09-09T22:54:24.477795500+00:00,1,0,0,1,1,1
2026-09-09T22:54:24.477798500+00:00,1,1,0,1,1,1
2026-09-09T22:54:24.477802250+00:00,1,0,0,1,1,1
2026-09-09T22:54:24.477805500+00:00,1,1,0,1,1,1
2026-09-09T22:54:24.477809375+00:00,1,0,0,1,1,1
2026-09-09T22:54:24.477812250+00:00,1,1,0,1,1,1
2026-09-09T22:54:24.477816500+00:00,1,0,0,1,1,1
2026-09-09T22:54:24.477819500+00:00,1,1,0,1,1,1
2026-09-09T22:54:24.477823375+00:00,1,0,0,1,1,1
2026-09-09T22:54:24.477826250+00:00,1,1,0,1,1,1
2026-09-09T22:54:24.477830125+00:00,1,0,0,1,1,1
2026-09-09T22:54:24.477833375+00:00,1,1,0,1,1,1
2026-09-09T22:54:24.477837125+00:00,1,0,0,1,1,1
2026-09-09T22:54:24.477840375+00:00,1,1,0,1,1,1
2026-09-09T22:54:24.477844125+00:00,1,0,0,1,1,1
2026-09-09T22:54:24.477847125+00:00,1,1,0,1,1,1
2026-09-09T22:54:24.477851375+00:00,1,0,0,1,1,1
2026-09-09T22:54:24.477854250+00:00,1,1,0,1,1,1
2026-09-09T22:54:24.477858125+00:00,1,0,0,1,1,1
2026-09-09T22:54:24.477862125+00:00,1,1,0,1,1,1
2026-09-09T22:54:24.477865875+00:00,1,0,0,1,1,1
2026-09-09T22:54:24.477869125+00:00,1,1,0,1,1,1
2026-09-09T22:54:24.477873000+00:00,1,0,0,1,1,1
2026-09-09T22:54:24.477876000+00:00,1,1,0,1,1,1
2026-09-09T22:54:24.477879875+00:00,1,0,0,1,1,1
2026-09-09T22:54:24.477883125+00:00,1,1,0,1,1,1
2026-09-09T22:54:24.477887125+00:00,1,0,0,1,1,1
2026-09-09T22:54:24.477890000+00:00,1,1,0,1,1,1
2026-09-09T22:54:24.477893875+00:00,1,0,0,1,1,1
2026-09-09T22:54:24.477897125+00:00,1,1,0,1,1,1
2026-09-09T22:54:24.477901000+00:00,1,0,0,1,1,1
2026-09-09T22:54:24.477903875+00:00,1,1,0,1,1,1
2026-09-09T22:54:24.477908125+00:00,1,0,0,1,1,1
2026-09-09T22:54:24.477910750+00:00,1,1,0,1,1,1
2026-09-09T22:54:24.477915000+00:00,1,0,0,1,1,1
2026-09-09T22:54:24.477918000+00:00,1,1,0,1,1,1
2026-09-09T22:54:24.477921750+00:00,1,0,0,1,1,1
2026-09-09T22:54:24.477925000+00:00,1,1,0,1,1,1
2026-09-09T22:54:24.477928875+00:00,1,0,0,1,1,1
2026-09-09T22:54:24.477931875+00:00,1,1,0,1,1,1
2026-09-09T22:54:24.477935625+00:00,1,0,0,1,1,1
2026-09-09T22:54:24.477938875+00:00,1,1,0,1,1,1
2026-09-09T22:54:24.477942875+00:00,1,0,0,1,1,1
2026-09-09T22:54:24.477946875+00:00,1,1,0,1,1,1
2026-09-09T22:54:24.477950750+00:00,1,0,0,1,1,1
2026-09-09T22:54:24.477953750+00:00,1,1,0,1,1,1
2026-09-09T22:54:24.477957625+00:00,1,0,0,1,1,1
2026-09-09T22:54:24.477960625+00:00,1,1,0,1,1,1
2026-09-09T22:54:24.477964625+00:00,1,0,0,1,1,1
2026-09-09T22:54:24.477967625+00:00,1,1,0,1,1,1
2026-09-09T22:54:24.477971500+00:00,1,0,0,1,1,1
2026-09-09T22:54:24.477974500+00:00,1,1,0,1,1,1
2026-09-09T22:54:24.477978875+00:00,1,0,0,1,1,1
2026-09-09T22:54:24.477981500+00:00,1,1,0,1,1,1
2026-09-09T22:54:24.477985375+00:00,1,0,0,1,1,1
2026-09-09T22:54:24.477988625+00:00,1,1,0,1,1,1
2026-09-09T22:54:24.477992375+00:00,1,0,0,1,1,1
2026-09-09T22:54:24.477995375+00:00,1,1,0,1,1,1
2026-09-09T22:54:24.477999250+00:00,1,0,0,1,1,1
2026-09-09T22:54:24.478002500+00:00,1,1,0,1,1,1
2026-09-09T22:54:24.478006375+00:00,1,0,0,1,1,1
2026-09-09T22:54:24.478009250+00:00,1,1,0,1,1,1
2026-09-09T22:54:24.478013125+00:00,1,0,0,1,1,1
2026-09-09T22:54:24.478015375+00:00,1,1,0,1,1,1
2026-09-09T22:54:24.478019625+00:00,1,0,0,1,1,1
2026-09-09T22:54:24.478022250+00:00,1,1,0,1,1,1
2026-09-09T22:54:24.478026125+00:00,1,0,0,1,1,1
2026-09-09T22:54:24.478029375+00:00,1,1,0,1,1,1
2026-09-09T22:54:24.478034500+00:00,1,0,0,1,1,1
2026-09-09T22:54:24.478037375+00:00,1,1,0,1,1,1
2026-09-09T22:54:24.478041375+00:00,1,0,0,1,1,1
2026-09-09T22:54:24.478044250+00:00,1,1,0,1,1,1
2026-09-09T22:54:24.478048125+00:00,1,0,0,1,1,1
2026-09-09T22:54:24.478051125+00:00,1,1,0,1,1,1
2026-09-09T22:54:24.478055000+00:00,1,0,0,1,1,1
2026-09-09T22:54:24.478058250+00:00,1,1,0,1,1,1
2026-09-09T22:54:24.478062250+00:00,1,0,0,1,1,1
2026-09-09T22:54:24.478065125+00:00,1,1,0,1,1,1
2026-09-09T22:54:24.478068875+00:00,1,0,0,1,1,1
2026-09-09T22:54:24.478072125+00:00,1,1,0,1,1,1
2026-09-09T22:54:24.478076375+00:00,1,0,0,1,1,1
2026-09-09T22:54:24.478079000+00:00,1,1,0,1,1,1
2026-09-09T22:54:24.478082875+00:00,1,0,0,1,1,1
2026-09-09T22:54:24.478085875+00:00,1,1,0,1,1,1
2026-09-09T22:54:24.478089625+00:00,1,0,0,1,1,1
2026-09-09T22:54:24.478092000+00:00,1,1,0,1,1,1
2026-09-09T22:54:24.478095750+00:00,1,0,0,1,1,1
2026-09-09T22:54:24.478099000+00:00,1,1,0,1,1,1
2026-09-09T22:54:24.478103000+00:00,1,0,0,1,1,1
2026-09-09T22:54:24.478105875+00:00,1,1,0,1,1,1
2026-09-09T22:54:24.478109750+00:00,1,0,0,1,1,1
2026-09-09T22:54:24.478112750+00:00,1,1,0,1,1,1
2026-09-09T22:54:24.478116625+00:00,1,0,0,1,1,1
2026-09-09T22:54:24.478120000+00:00,1,1,0,1,1,1
2026-09-09T22:54:24.478123750+00:00,1,0,0,1,1,1
2026-09-09T22:54:24.478126750+00:00,1,1,0,1,1,1
2026-09-09T22:54:24.478130875+00:00,1,0,0,1,1,1
2026-09-09T22:54:24.478133750+00:00,1,1,0,1,1,1
2026-09-09T22:54:24.478137625+00:00,1,0,0,1,1,1
2026-09-09T22:54:24.478140625+00:00,1,1,0,1,1,1
2026-09-09T22:54:24.478144375+00:00,1,0,0,1,1,1
2026-09-09T22:54:24.478146625+00:00,1,1,0,1,1,1
2026-09-09T22:54:24.478150500+00:00,1,0,0,1,1,1
2026-09-09T22:54:24.478153750+00:00,1,1,0,1,1,1
2026-09-09T22:54:24.478157625+00:00,1,0,0,1,1,1
2026-09-09T22:54:24.478160625+00:00,1,1,0,1,1,1
2026-09-09T22:54:24.478164375+00:00,1,0,0,1,1,1
2026-09-09T22:54:24.478167625+00:00,1,1,0,1,1,1
2026-09-09T22:54:24.478171375+00:00,1,0,0,1,1,1
2026-09-09T22:54:24.478174625+00:00,1,1,0,1,1,1
2026-09-09T22:54:24.478178500+00:00,1,0,0,1,1,1
2026-09-09T22:54:24.478181375+00:00,1,1,0,1,1,1
2026-09-09T22:54:24.478185500+00:00,1,0,0,1,1,1
2026-09-09T22:54:24.478188500+00:00,1,1,0,1,1,1
2026-09-09T22:54:24.478192250+00:00,1,0,0,1,1,1
2026-09-09T22:54:24.478195500+00:00,1,1,0,1,1,1
2026-09-09T22:54:24.478199375+00:00,1,0,0,1,1,1
2026-09-09T22:54:24.478202375+00:00,1,1,0,1,1,1
2026-09-09T22:54:24.478207125+00:00,1,0,0,1,1,1
2026-09-09T22:54:24.478210375+00:00,1,1,0,1,1,1
2026-09-09T22:54:24.478214250+00:00,1,0,0,1,1,1
2026-09-09T22:54:24.478217500+00:00,1,1,0,1,1,1
2026-09-09T22:54:24.478221375+00:00,1,0,0,1,1,1
2026-09-09T22:54:24.478224250+00:00,1,1,0,1,1,1
2026-09-09T22:54:24.478228250+00:00,1,0,0,1,1,1
2026-09-09T22:54:24.478231125+00:00,1,1,0,1,1,1
2026-09-09T22:54:24.478235000+00:00,1,0,0,1,1,1
2026-09-09T22:54:24.478237250+00:00,1,1,0,1,1,1
2026-09-09T22:54:24.478241500+00:00,1,0,0,1,1,1
2026-09-09T22:54:24.478244000+00:00,1,1,0,1,1,1
2026-09-09T22:54:24.478248000+00:00,1,0,0,1,1,1
2026-09-09T22:54:24.478251250+00:00,1,1,0,1,1,1
2026-09-09T22:54:24.478255125+00:00,1,0,0,1,1,1
2026-09-09T22:54:24.478258125+00:00,1,1,0,1,1,1
2026-09-09T22:54:24.478262000+00:00,1,0,0,1,1,1
2026-09-09T22:54:24.478264875+00:00,1,1,0,1,1,1
2026-09-09T22:54:24.478269000+00:00,1,0,0,1,1,1
2026-09-09T22:54:24.478272000+00:00,1,1,0,1,1,1
2026-09-09T22:54:24.478275750+00:00,1,0,0,1,1,1
2026-09-09T22:54:24.478279000+00:00,1,1,0,1,1,1
2026-09-09T22:54:24.478282875+00:00,1,0,0,1,1,1
2026-09-09T22:54:24.478285875+00:00,1,1,0,1,1,1
2026-09-09T22:54:24.478289750+00:00,1,0,0,1,1,1
2026-09-09T22:54:24.478293750+00:00,1,1,0,1,1,1
2026-09-09T22:54:24.478298000+00:00,1,0,0,1,1,1
2026-09-09T22:54:24.478301000+00:00,1,1,0,1,1,1
2026-09-09T22:54:24.478304875+00:00,1,0,0,1,1,1
2026-09-09T22:54:24.478307750+00:00,1,1,0,1,1,1
2026-09-09T22:54:24.478311625+00:00,1,0,0,1,1,1
2026-09-09T22:54:24.478314875+00:00,1,1,0,1,1,1
2026-09-09T22:54:24.478318750+00:00,1,0,0,1,1,1
2026-09-09T22:54:24.478321750+00:00,1,1,0,1,1,1
2026-09-09T22:54:24.478325500+00:00,1,0,0,1,1,1
2026-09-09T22:54:24.478328750+00:00,1,1,0,1,1,1
2026-09-09T22:54:24.478332500+00:00,1,0,0,1,1,1
2026-09-09T22:54:24.478335750+00:00,1,1,0,1,1,1
2026-09-09T22:54:24.478339625+00:00,1,0,0,1,1,1
2026-09-09T22:54:24.478342500+00:00,1,1,0,1,1,1
2026-09-09T22:54:24.478346375+00:00,1,0,0,1,1,1
2026-09-09T22:54:24.478349625+00:00,1,1,0,1,1,1
2026-09-09T22:54:24.478353875+00:00,1,0,0,1,1,1
2026-09-09T22:54:24.478356500+00:00,1,1,0,1,1,1
2026-09-09T22:54:24.478360375+00:00,1,0,0,1,1,1
2026-09-09T22:54:24.478363625+00:00,1,1,0,1,1,1
2026-09-09T22:54:24.478367500+00:00,1,0,0,1,1,1
2026-09-09T22:54:24.478370375+00:00,1,1,0,1,1,1
2026-09-09T22:54:24.478374250+00:00,1,0,0,1,1,1
2026-09-09T22:54:24.478378750+00:00,1,1,0,1,1,1
2026-09-09T22:54:24.478382250+00:00,1,0,0,1,1,1
2026-09-09T22:54:24.478385500+00:00,1,1,0,1,1,1
2026-09-09T22:54:24.478389375+00:00,1,0,0,1,1,1
2026-09-09T22:54:24.478392375+00:00,1,1,0,1,1,1
2026-09-09T22:54:24.478396125+00:00,1,0,0,1,1,1
2026-09-09T22:54:24.478399375+00:00,1,1,0,1,1,1
2026-09-09T22:54:24.478403250+00:00,1,0,0,1,1,1
2026-09-09T22:54:24.478406250+00:00,1,1,0,1,1,1
2026-09-09T22:54:24.478410375+00:00,1,0,0,1,1,1
2026-09-09T22:54:24.478413250+00:00,1,1,0,1,1,1
2026-09-09T22:54:24.478417250+00:00,1,0,0,1,1,1
2026-09-09T22:54:24.478420125+00:00,1,1,0,1,1,1
2026-09-09T22:54:24.478424000+00:00,1,0,0,1,1,1
2026-09-09T22:54:24.478427250+00:00,1,1,0,1,1,1
2026-09-09T22:54:24.478431125+00:00,1,0,0,1,1,1
2026-09-09T22:54:24.478434000+00:00,1,1,0,1,1,1
2026-09-09T22:54:24.478438250+00:00,1,0,0,1,1,1
2026-09-09T22:54:24.478441250+00:00,1,1,0,1,1,1
2026-09-09T22:54:24.478445125+00:00,1,0,0,1,1,1
2026-09-09T22:54:24.478448000+00:00,1,1,0,1,1,1
2026-09-09T22:54:24.478451875+00:00,1,0,0,1,1,1
2026-09-09T22:54:24.478455125+00:00,1,1,0,1,1,1
2026-09-09T22:54:24.478459000+00:00,1,0,0,1,1,1
2026-09-09T22:54:24.478462000+00:00,1,1,0,1,1,1
2026-09-09T22:54:24.478466125+00:00,1,0,0,1,1,1
2026-09-09T22:54:24.478468875+00:00,1,1,0,1,1,1
2026-09-09T22:54:24.478472625+00:00,1,0,0,1,1,1
2026-09-09T22:54:24.478474875+00:00,1,1,0,1,1,1
2026-09-09T22:54:24.478478750+00:00,1,0,0,1,1,1
2026-09-09T22:54:24.478482000+00:00,1,1,0,1,1,1
2026-09-09T22:54:24.478485750+00:00,1,0,0,1,1,1
2026-09-09T22:54:24.478489000+00:00,1,1,0,1,1,1
2026-09-09T22:54:24.478492875+00:00,1,0,0,1,1,1
2026-09-09T22:54:24.478495875+00:00,1,1,0,1,1,1
2026-09-09T22:54:24.478499625+00:00,1,0,0,1,1,1
2026-09-09T22:54:24.478502875+00:00,1,1,0,1,1,1
2026-09-09T22:54:24.478506875+00:00,1,0,0,1,1,1
2026-09-09T22:54:24.478509750+00:00,1,1,0,1,1,1
2026-09-09T22:54:24.478513750+00:00,1,0,0,1,1,1
2026-09-09T22:54:24.478516625+00:00,1,1,0,1,1,1
2026-09-09T22:54:24.478520750+00:00,1,0,0,1,1,1
2026-09-09T22:54:24.478523625+00:00,1,1,0,1,1,1
2026-09-09T22:54:24.478527500+00:00,1,0,0,1,1,1
2026-09-09T22:54:24.478530750+00:00,1,1,0,1,1,1
2026-09-09T22:54:24.478534500+00:00,1,0,0,1,1,1
2026-09-09T22:54:24.478537500+00:00,1,1,0,1,1,1
2026-09-09T22:54:24.478541250+00:00,1,0,0,1,1,1
2026-09-09T22:54:24.478543625+00:00,1,1,0,1,1,1
2026-09-09T22:54:24.478547500+00:00,1,0,0,1,1,1
2026-09-09T22:54:24.478551250+00:00,1,1,0,1,1,1
2026-09-09T22:54:24.478554500+00:00,1,0,0,1,1,1
2026-09-09T22:54:24.478557375+00:00,1,1,0,1,1,1
2026-09-09T22:54:24.478561250+00:00,1,0,0,1,1,1
2026-09-09T22:54:24.478563500+00:00,1,1,0,1,1,1
2026-09-09T22:54:24.478567250+00:00,1,0,0,1,1,1
2026-09-09T22:54:24.478570500+00:00,1,1,0,1,1,1
2026-09-09T22:54:24.478574625+00:00,1,0,0,1,1,1
2026-09-09T22:54:24.478577625+00:00,1,1,0,1,1,1
2026-09-09T22:54:24.478581500+00:00,1,0,0,1,1,1
2026-09-09T22:54:24.478584375+00:00,1,1,0,1,1,1
2026-09-09T22:54:24.478588375+00:00,1,0,0,1,1,1
2026-09-09T22:54:24.478591250+00:00,1,1,0,1,1,1
2026-09-09T22:54:24.478595125+00:00,1,0,0,1,1,1
2026-09-09T22:54:24.478598375+00:00,1,1,0,1,1,1
2026-09-09T22:54:24.478602250+00:00,1,0,0,1,1,1
2026-09-09T22:54:24.478605250+00:00,1,1,0,1,1,1
2026-09-09T22:54:24.478609125+00:00,1,0,0,1,1,1
2026-09-09T22:54:24.478612375+00:00,1,1,0,1,1,1
2026-09-09T22:54:24.478616250+00:00,1,0,0,1,1,1
2026-09-09T22:54:24.478619250+00:00,1,1,0,1,1,1
2026-09-09T22:54:24.478623000+00:00,1,0,0,1,1,1
2026-09-09T22:54:24.478626250+00:00,1,1,0,1,1,1
2026-09-09T22:54:24.478630500+00:00,1,0,0,1,1,1
2026-09-09T22:54:24.478633125+00:00,1,1,0,1,1,1
2026-09-09T22:54:24.478638500+00:00,1,0,0,1,1,1
2026-09-09T22:54:24.478641125+00:00,1,1,0,1,1,1
2026-09-09T22:54:24.478645000+00:00,1,0,0,1,1,1
2026-09-09T22:54:24.478648000+00:00,1,1,0,1,1,1
2026-09-09T22:54:24.478651750+00:00,1,0,0,1,1,1
2026-09-09T22:54:24.478655000+00:00,1,1,0,1,1,1
2026-09-09T22:54:24.478658875+00:00,1,0,0,1,1,1
2026-09-09T22:54:24.478661875+00:00,1,1,0,1,1,1
2026-09-09T22:54:24.478665750+00:00,1,0,0,1,1,1
2026-09-09T22:54:24.478669000+00:00,1,1,0,1,1,1
2026-09-09T22:54:24.478673000+00:00,1,0,0,1,1,1
2026-09-09T22:54:24.478675875+00:00,1,1,0,1,1,1
2026-09-09T22:54:24.478679750+00:00,1,0,0,1,1,1
2026-09-09T22:54:24.478682750+00:00,1,1,0,1,1,1
2026-09-09T22:54:24.478687000+00:00,1,0,0,1,1,1
2026-09-09T22:54:24.478689875+00:00,1,1,0,1,1,1
2026-09-09T22:54:24.478693750+00:00,1,0,0,1,1,1
2026-09-09T22:54:24.478696750+00:00,1,1,0,1,1,1
2026-09-09T22:54:24.478700500+00:00,1,0,0,1,1,1
2026-09-09T22:54:24.478703750+00:00,1,1,0,1,1,1
2026-09-09T22:54:24.478707750+00:00,1,0,0,1,1,1
2026-09-09T22:54:24.478710625+00:00,1,1,0,1,1,1
2026-09-09T22:54:24.478714500+00:00,1,0,0,1,1,1
2026-09-09T22:54:24.478717750+00:00,1,1,0,1,1,1
2026-09-09T22:54:24.478723125+00:00,1,0,0,1,1,1
2026-09-09T22:54:24.478725625+00:00,1,1,0,1,1,1
2026-09-09T22:54:24.478729625+00:00,1,0,0,1,1,1
2026-09-09T22:54:24.478732500+00:00,1,1,0,1,1,1
2026-09-09T22:54:24.478736500+00:00,1,0,0,1,1,1
2026-09-09T22:54:24.478739750+00:00,1,1,0,1,1,1
2026-09-09T22:54:24.478743750+00:00,1,0,0,1,1,1
2026-09-09T22:54:24.478746375+00:00,1,1,0,1,1,1
2026-09-09T22:54:24.478750250+00:00,1,0,0,1,1,1
2026-09-09T22:54:24.478752500+00:00,1,1,0,1,1,1
2026-09-09T22:54:24.478756375+00:00,1,0,0,1,1,1
2026-09-09T22:54:24.478759375+00:00,1,1,0,1,1,1
2026-09-09T22:54:24.478763125+00:00,1,0,0,1,1,1
2026-09-09T22:54:24.478765375+00:00,1,1,0,1,1,1
2026-09-09T22:54:24.478769250+00:00,1,0,0,1,1,1
2026-09-09T22:54:24.478772500+00:00,1,1,0,1,1,1
2026-09-09T22:54:24.478776250+00:00,1,0,0,1,1,1
2026-09-09T22:54:24.478779250+00:00,1,1,0,1,1,1
2026-09-09T22:54:24.478783375+00:00,1,0,0,1,1,1
2026-09-09T22:54:24.478786375+00:00,1,1,0,1,1,1
2026-09-09T22:54:24.478790125+00:00,1,0,0,1,1,1
2026-09-09T22:54:24.478793375+00:00,1,1,0,1,1,1
2026-09-09T22:54:24.478797500+00:00,1,0,0,1,1,1
2026-09-09T22:54:24.478800125+00:00,1,1,0,1,1,1
2026-09-09T22:54:24.478803875+00:00,1,0,0,1,1,1
2026-09-09T22:54:24.478806250+00:00,1,1,0,1,1,1
2026-09-09T22:54:24.478811250+00:00,1,0,0,1,1,1
2026-09-09T22:54:24.478814125+00:00,1,1,0,1,1,1
2026-09-09T22:54:24.478818125+00:00,1,0,0,1,1,1
2026-09-09T22:54:24.478821000+00:00,1,1,0,1,1,1
2026-09-09T22:54:24.478824875+00:00,1,0,0,1,1,1
2026-09-09T22:54:24.478828125+00:00,1,1,0,1,1,1
2026-09-09T22:54:24.478832000+00:00,1,0,0,1,1,1
2026-09-09T22:54:24.478834875+00:00,1,1,0,1,1,1
2026-09-09T22:54:24.478838875+00:00,1,0,0,1,1,1
2026-09-09T22:54:24.478842125+00:00,1,1,0,1,1,1
2026-09-09T22:54:24.478846000+00:00,1,0,0,1,1,1
2026-09-09T22:54:24.478848875+00:00,1,1,0,1,1,1
2026-09-09T22:54:24.478853125+00:00,1,0,0,1,1,1
2026-09-09T22:54:24.478856125+00:00,1,1,0,1,1,1
2026-09-09T22:54:24.478859875+00:00,1,0,0,1,1,1
2026-09-09T22:54:24.478862750+00:00,1,1,0,1,1,1
2026-09-09T22:54:24.478866750+00:00,1,0,0,1,1,1
2026-09-09T22:54:24.478870000+00:00,1,1,0,1,1,1
2026-09-09T22:54:24.478873750+00:00,1,0,0,1,1,1
2026-09-09T22:54:24.478876750+00:00,1,1,0,1,1,1
2026-09-09T22:54:24.478880625+00:00,1,0,0,1,1,1
2026-09-09T22:54:24.478883875+00:00,1,1,0,1,1,1
2026-09-09T22:54:24.478887625+00:00,1,0,0,1,1,1
2026-09-09T22:54:24.478890625+00:00,1,1,0,1,1,1
2026-09-09T22:54:24.478895875+00:00,1,0,0,1,1,1
2026-09-09T22:54:24.478898875+00:00,1,1,0,1,1,1
2026-09-09T22:54:24.478902750+00:00,1,0,0,1,1,1
2026-09-09T22:54:24.478905750+00:00,1,1,0,1,1,1
2026-09-09T22:54:24.478909875+00:00,1,0,0,1,1,1
2026-09-09T22:54:24.478912500+00:00,1,1,0,1,1,1
2026-09-09T22:54:24.478916500+00:00,1,0,0,1,1,1
2026-09-09T22:54:24.478919750+00:00,1,1,0,1,1,1
2026-09-09T22:54:24.478923625+00:00,1,0,0,1,1,1
2026-09-09T22:54:24.478926500+00:00,1,1,0,1,1,1
2026-09-09T22:54:24.478930500+00:00,1,0,0,1,1,1
2026-09-09T22:54:24.478933375+00:00,1,1,0,1,1,1
2026-09-09T22:54:24.478937250+00:00,1,0,0,1,1,1
2026-09-09T22:54:24.478940500+00:00,1,1,0,1,1,1
2026-09-09T22:54:24.478944375+00:00,1,0,0,1,1,1
2026-09-09T22:54:24.478947375+00:00,1,1,0,1,1,1
2026-09-09T22:54:24.478951125+00:00,1,0,0,1,1,1
2026-09-09T22:54:24.478953375+00:00,1,1,0,1,1,1
2026-09-09T22:54:24.478957375+00:00,1,0,0,1,1,1
2026-09-09T22:54:24.478960250+00:00,1,1,0,1,1,1
2026-09-09T22:54:24.478964500+00:00,1,0,0,1,1,1
2026-09-09T22:54:24.478967375+00:00,1,1,0,1,1,1
2026-09-09T22:54:24.478971375+00:00,1,0,0,1,1,1
2026-09-09T22:54:24.478974625+00:00,1,1,0,1,1,1
2026-09-09T22:54:24.478978250+00:00,1,0,0,1,1,1
2026-09-09T22:54:24.478982625+00:00,1,1,0,1,1,1
2026-09-09T22:54:24.478986125+00:00,1,0,0,1,1,1
2026-09-09T22:54:24.478989125+00:00,1,1,0,1,1,1
2026-09-09T22:54:24.478992875+00:00,1,0,0,1,1,1
2026-09-09T22:54:24.478995250+00:00,1,1,0,1,1,1
2026-09-09T22:54:24.478999125+00:00,1,0,0,1,1,1
2026-09-09T22:54:24.479002000+00:00,1,1,0,1,1,1
2026-09-09T22:54:24.479005875+00:00,1,0,0,1,1,1
2026-09-09T22:54:24.479008125+00:00,1,1,0,1,1,1
2026-09-09T22:54:24.479012125+00:00,1,0,0,1,1,1
2026-09-09T22:54:24.479015000+00:00,1,1,0,1,1,1
2026-09-09T22:54:24.479019125+00:00,1,0,0,1,1,1
2026-09-09T22:54:24.479022000+00:00,1,1,0,1,1,1
2026-09-09T22:54:24.479025875+00:00,1,0,0,1,1,1
2026-09-09T22:54:24.479029125+00:00,1,1,0,1,1,1
2026-09-09T22:54:24.479033000+00:00,1,0,0,1,1,1
2026-09-09T22:54:24.479036000+00:00,1,1,0,1,1,1
2026-09-09T22:54:24.479039750+00:00,1,0,0,1,1,1
2026-09-09T22:54:24.479043000+00:00,1,1,0,1,1,1
2026-09-09T22:54:24.479046875+00:00,1,0,0,1,1,1
2026-09-09T22:54:24.479049750+00:00,1,1,0,1,1,1
2026-09-09T22:54:24.479054000+00:00,1,0,0,1,1,1
2026-09-09T22:54:24.479057000+00:00,1,1,0,1,1,1
2026-09-09T22:54:24.479060750+00:00,1,0,0,1,1,1
2026-09-09T22:54:24.479063750+00:00,1,1,0,1,1,1
2026-09-09T22:54:24.479069375+00:00,1,0,0,1,1,1
2026-09-09T22:54:24.479072000+00:00,1,1,0,1,1,1
2026-09-09T22:54:24.479076000+00:00,1,0,0,1,1,1
2026-09-09T22:54:24.479078625+00:00,1,1,0,1,1,1
2026-09-09T22:54:24.479082625+00:00,1,0,0,1,1,1
2026-09-09T22:54:24.479085875+00:00,1,1,0,1,1,1
2026-09-09T22:54:24.479089750+00:00,1,0,0,1,1,1
2026-09-09T22:54:24.479092625+00:00,1,1,0,1,1,1
2026-09-09T22:54:24.479096625+00:00,1,0,0,1,1,1
2026-09-09T22:54:24.479099500+00:00,1,1,0,1,1,1
2026-09-09T22:54:24.479103500+00:00,1,0,0,1,1,1
2026-09-09T22:54:24.479106750+00:00,1,1,0,1,1,1
2026-09-09T22:54:24.479110625+00:00,1,0,0,1,1,1
2026-09-09T22:54:24.479113500+00:00,1,1,0,1,1,1
2026-09-09T22:54:24.479117500+00:00,1,0,0,1,1,1
2026-09-09T22:54:24.479120375+00:00,1,1,0,1,1,1
2026-09-09T22:54:24.479124250+00:00,1,0,0,1,1,1
2026-09-09T22:54:24.479126500+00:00,1,1,0,1,1,1
2026-09-09T22:54:24.479130625+00:00,1,0,0,1,1,1
2026-09-09T22:54:24.479133500+00:00,1,1,0,1,1,1
2026-09-09T22:54:24.479137250+00:00,1,0,0,1,1,1
2026-09-09T22:54:24.479140500+00:00,1,1,0,1,1,1
2026-09-09T22:54:24.479144375+00:00,1,0,0,1,1,1
2026-09-09T22:54:24.479147250+00:00,1,1,0,1,1,1
2026-09-09T22:54:24.479151125+00:00,1,0,0,1,1,1
2026-09-09T22:54:24.479154750+00:00,1,1,0,1,1,1
2026-09-09T22:54:24.479158375+00:00,1,0,0,1,1,1
2026-09-09T22:54:24.479161375+00:00,1,1,0,1,1,1
2026-09-09T22:54:24.479165125+00:00,1,0,0,1,1,1
2026-09-09T22:54:24.479168375+00:00,1,1,0,1,1,1
2026-09-09T22:54:24.479172125+00:00,1,0,0,1,1,1
2026-09-09T22:54:24.479175125+00:00,1,1,0,1,1,1
2026-09-09T22:54:24.479179375+00:00,1,0,0,1,1,1
2026-09-09T22:54:24.479182250+00:00,1,1,0,1,1,1
2026-09-09T22:54:24.479186375+00:00,1,0,0,1,1,1
2026-09-09T22:54:24.479189250+00:00,1,1,0,1,1,1
2026-09-09T22:54:24.479193125+00:00,1,0,0,1,1,1
2026-09-09T22:54:24.479196000+00:00,1,1,0,1,1,1
2026-09-09T22:54:24.479199875+00:00,1,0,0,1,1,1
2026-09-09T22:54:24.479202125+00:00,1,1,0,1,1,1
2026-09-09T22:54:24.479205875+00:00,1,0,0,1,1,1
2026-09-09T22:54:24.479209125+00:00,1,1,0,1,1,1
2026-09-09T22:54:24.479213125+00:00,1,0,0,1,1,1
2026-09-09T22:54:24.479216000+00:00,1,1,0,1,1,1
2026-09-09T22:54:24.479219750+00:00,1,0,0,1,1,1
2026-09-09T22:54:24.479223125+00:00,1,1,0,1,1,1
2026-09-09T22:54:24.479226875+00:00,1,0,0,1,1,1
2026-09-09T22:54:24.479230125+00:00,1,1,0,1,1,1
2026-09-09T22:54:24.479234000+00:00,1,0,0,1,1,1
2026-09-09T22:54:24.479237000+00:00,1,1,0,1,1,1
2026-09-09T22:54:24.479242625+00:00,1,0,0,1,1,1
2026-09-09T22:54:24.479245875+00:00,1,1,0,1,1,1
2026-09-09T22:54:24.479249875+00:00,1,0,0,1,1,1
2026-09-09T22:54:24.479252750+00:00,1,1,0,1,1,1
2026-09-09T22:54:24.479256625+00:00,1,0,0,1,1,1
2026-09-09T22:54:24.479259875+00:00,1,1,0,1,1,1
2026-09-09T22:54:24.479263625+00:00,1,0,0,1,1,1
2026-09-09T22:54:24.479266875+00:00,1,1,0,1,1,1
2026-09-09T22:54:24.479270875+00:00,1,0,0,1,1,1
2026-09-09T22:54:24.479273750+00:00,1,1,0,1,1,1
2026-09-09T22:54:24.479277625+00:00,1,0,0,1,1,1
2026-09-09T22:54:24.479280625+00:00,1,1,0,1,1,1
2026-09-09T22:54:24.479284500+00:00,1,0,0,1,1,1
2026-09-09T22:54:24.479287750+00:00,1,1,0,1,1,1
2026-09-09T22:54:24.479291750+00:00,1,0,0,1,1,1
2026-09-09T22:54:24.479294625+00:00,1,1,0,1,1,1
2026-09-09T22:54:24.479298875+00:00,1,0,0,1,1,1
2026-09-09T22:54:24.479301500+00:00,1,1,0,1,1,1
2026-09-09T22:54:24.479305375+00:00,1,0,0,1,1,1
2026-09-09T22:54:24.479308625+00:00,1,1,0,1,1,1
2026-09-09T22:54:24.479312375+00:00,1,0,0,1,1,1
2026-09-09T22:54:24.479315625+00:00,1,1,0,1,1,1
2026-09-09T22:54:24.479319500+00:00,1,0,0,1,1,1
2026-09-09T22:54:24.479322375+00:00,1,1,0,1,1,1
2026-09-09T22:54:24.479327750+00:00,1,0,0,1,1,1
2026-09-09T22:54:24.479330250+00:00,1,1,0,1,1,1
2026-09-09T22:54:24.479334250+00:00,1,0,0,1,1,1
2026-09-09T22:54:24.479337500+00:00,1,1,0,1,1,1
2026-09-09T22:54:24.479341250+00:00,1,0,0,1,1,1
2026-09-09T22:54:24.479344250+00:00,1,1,0,1,1,1
2026-09-09T22:54:24.479348000+00:00,1,0,0,1,1,1
2026-09-09T22:54:24.479350375+00:00,1,1,0,1,1,1
2026-09-09T22:54:24.479354500+00:00,1,0,0,1,1,1
2026-09-09T22:54:24.479357125+00:00,1,1,0,1,1,1
2026-09-09T22:54:24.479361375+00:00,1,0,0,1,1,1
2026-09-09T22:54:24.479364250+00:00,1,1,0,1,1,1
2026-09-09T22:54:24.479368250+00:00,1,0,0,1,1,1
2026-09-09T22:54:24.479371125+00:00,1,1,0,1,1,1
2026-09-09T22:54:24.479375000+00:00,1,0,0,1,1,1
2026-09-09T22:54:24.479378250+00:00,1,1,0,1,1,1
2026-09-09T22:54:24.479382000+00:00,1,0,0,1,1,1
2026-09-09T22:54:24.479385250+00:00,1,1,0,1,1,1
2026-09-09T22:54:24.479389000+00:00,1,0,0,1,1,1
2026-09-09T22:54:24.479392000+00:00,1,1,0,1,1,1
2026-09-09T22:54:24.479395750+00:00,1,0,0,1,1,1
2026-09-09T22:54:24.479398000+00:00,1,1,0,1,1,1
2026-09-09T22:54:24.479401875+00:00,1,0,0,1,1,1
2026-09-09T22:54:24.479405125+00:00,1,1,0,1,1,1
2026-09-09T22:54:24.479409375+00:00,1,0,0,1,1,1
2026-09-09T22:54:24.479411875+00:00,1,1,0,1,1,1
2026-09-09T22:54:24.479416875+00:00,1,0,0,1,1,1
2026-09-09T22:54:24.479419875+00:00,1,1,0,1,1,1
2026-09-09T22:54:24.479423625+00:00,1,0,0,1,1,1
2026-09-09T22:54:24.479426875+00:00,1,1,0,1,1,1
2026-09-09T22:54:24.479430875+00:00,1,0,0,1,1,1
2026-09-09T22:54:24.479433750+00:00,1,1,0,1,1,1
2026-09-09T22:54:24.479437625+00:00,1,0,0,1,1,1
2026-09-09T22:54:24.479441000+00:00,1,1,0,1,1,1
2026-09-09T22:54:24.479444875+00:00,1,0,0,1,1,1
2026-09-09T22:54:24.479447750+00:00,1,1,0,1,1,1
2026-09-09T22:54:24.479451625+00:00,1,0,0,1,1,1
2026-09-09T22:54:24.479454875+00:00,1,1,0,1,1,1
2026-09-09T22:54:24.479458750+00:00,1,0,0,1,1,1
2026-09-09T22:54:24.479461750+00:00,1,1,0,1,1,1
2026-09-09T22:54:24.479465750+00:00,1,0,0,1,1,1
2026-09-09T22:54:24.479468750+00:00,1,1,0,1,1,1
2026-09-09T22:54:24.479472625+00:00,1,0,0,1,1,1
2026-09-09T22:54:24.479475625+00:00,1,1,0,1,1,1
2026-09-09T22:54:24.479479500+00:00,1,0,0,1,1,1
2026-09-09T22:54:24.479482750+00:00,1,1,0,1,1,1
2026-09-09T22:54:24.479486625+00:00,1,0,0,1,1,1
2026-09-09T22:54:24.479489625+00:00,1,1,0,1,1,1
2026-09-09T22:54:24.479493375+00:00,1,0,0,1,1,1
2026-09-09T22:54:24.479496625+00:00,1,1,0,1,1,1
2026-09-09T22:54:24.479502000+00:00,1,0,0,1,1,1
2026-09-09T22:54:24.479504625+00:00,1,1,0,1,1,1
2026-09-09T22:54:24.479508500+00:00,1,0,0,1,1,1
2026-09-09T22:54:24.479511375+00:00,1,1,0,1,1,1
2026-09-09T22:54:24.479515250+00:00,1,0,0,1,1,1
2026-09-09T22:54:24.479518500+00:00,1,1,0,1,1,1
2026-09-09T22:54:24.479522625+00:00,1,0,0,1,1,1
2026-09-09T22:54:24.479525250+00:00,1,1,0,1,1,1
2026-09-09T22:54:24.479529125+00:00,1,0,0,1,1,1
2026-09-09T22:54:24.479531375+00:00,1,1,0,1,1,1
2026-09-09T22:54:24.479535250+00:00,1,0,0,1,1,1
2026-09-09T22:54:24.479538500+00:00,1,1,0,1,1,1
2026-09-09T22:54:24.479542375+00:00,1,0,0,1,1,1
2026-09-09T22:54:24.479545250+00:00,1,1,0,1,1,1
2026-09-09T22:54:24.479549250+00:00,1,0,0,1,1,1
2026-09-09T22:54:24.479552125+00:00,1,1,0,1,1,1
2026-09-09T22:54:24.479556125+00:00,1,0,0,1,1,1
2026-09-09T22:54:24.479559375+00:00,1,1,0,1,1,1
2026-09-09T22:54:24.479563250+00:00,1,0,0,1,1,1
2026-09-09T22:54:24.479566125+00:00,1,1,0,1,1,1
2026-09-09T22:54:24.479570125+00:00,1,0,0,1,1,1
2026-09-09T22:54:24.479573000+00:00,1,1,0,1,1,1
2026-09-09T22:54:24.479577250+00:00,1,0,0,1,1,1
2026-09-09T22:54:24.479580125+00:00,1,1,0,1,1,1
2026-09-09T22:54:24.479584125+00:00,1,0,0,1,1,1
2026-09-09T22:54:24.479587375+00:00,1,1,0,1,1,1
2026-09-09T22:54:24.479590875+00:00,1,0,0,1,1,1
2026-09-09T22:54:24.479594125+00:00,1,1,0,1,1,1
2026-09-09T22:54:24.479598125+00:00,1,0,0,1,1,1
2026-09-09T22:54:24.479601000+00:00,1,1,0,1,1,1
2026-09-09T22:54:24.479604750+00:00,1,0,0,1,1,1
2026-09-09T22:54:24.479608000+00:00,1,1,0,1,1,1
2026-09-09T22:54:24.479611875+00:00,1,0,0,1,1,1
2026-09-09T22:54:24.479614750+00:00,1,1,0,1,1,1
2026-09-09T22:54:24.479619000+00:00,1,0,0,1,1,1
2026-09-09T22:54:24.479622000+00:00,1,1,0,1,1,1
2026-09-09T22:54:24.479625875+00:00,1,0,0,1,1,1
2026-09-09T22:54:24.479628875+00:00,1,1,0,1,1,1
2026-09-09T22:54:24.479633000+00:00,1,0,0,1,1,1
2026-09-09T22:54:24.479636000+00:00,1,1,0,1,1,1
2026-09-09T22:54:24.479639875+00:00,1,0,0,1,1,1
2026-09-09T22:54:24.479642750+00:00,1,1,0,1,1,1
2026-09-09T22:54:24.479646625+00:00,1,0,0,1,1,1
2026-09-09T22:54:24.479649875+00:00,1,1,0,1,1,1
2026-09-09T22:54:24.479653750+00:00,1,0,0,1,1,1
2026-09-09T22:54:24.479656750+00:00,1,1,0,1,1,1
2026-09-09T22:54:24.479660625+00:00,1,0,0,1,1,1
2026-09-09T22:54:24.479663500+00:00,1,1,0,1,1,1
2026-09-09T22:54:24.479667375+00:00,1,0,0,1,1,1
2026-09-09T22:54:24.479669625+00:00,1,1,0,1,1,1
2026-09-09T22:54:24.479674750+00:00,1,0,0,1,1,1
2026-09-09T22:54:24.479677625+00:00,1,1,0,1,1,1
2026-09-09T22:54:24.479681500+00:00,1,0,0,1,1,1
2026-09-09T22:54:24.479684375+00:00,1,1,0,1,1,1
2026-09-09T22:54:24.479688875+00:00,1,0,0,1,1,1
2026-09-09T22:54:24.479691500+00:00,1,1,0,1,1,1
2026-09-09T22:54:24.479695250+00:00,1,0,0,1,1,1
2026-09-09T22:54:24.479698500+00:00,1,1,0,1,1,1
2026-09-09T22:54:24.479702375+00:00,1,0,0,1,1,1
2026-09-09T22:54:24.479705625+00:00,1,1,0,1,1,1
2026-09-09T22:54:24.479709500+00:00,1,0,0,1,1,1
2026-09-09T22:54:24.479712500+00:00,1,1,0,1,1,1
2026-09-09T22:54:24.479716250+00:00,1,0,0,1,1,1
2026-09-09T22:54:24.479719500+00:00,1,1,0,1,1,1
2026-09-09T22:54:24.479723375+00:00,1,0,0,1,1,1
2026-09-09T22:54:24.479726250+00:00,1,1,0,1,1,1
2026-09-09T22:54:24.479730125+00:00,1,0,0,1,1,1
2026-09-09T22:54:24.479733375+00:00,1,1,0,1,1,1
2026-09-09T22:54:24.479737250+00:00,1,0,0,1,1,1
2026-09-09T22:54:24.479740250+00:00,1,1,0,1,1,1
2026-09-09T22:54:24.479744375+00:00,1,0,0,1,1,1
2026-09-09T22:54:24.479747375+00:00,1,1,0,1,1,1
2026-09-09T22:54:24.479751250+00:00,1,0,0,1,1,1
2026-09-09T22:54:24.479754250+00:00,1,1,0,1,1,1
2026-09-09T22:54:24.479759375+00:00,1,0,0,1,1,1
2026-09-09T22:54:24.479762250+00:00,1,1,0,1,1,1
2026-09-09T22:54:24.479766000+00:00,1,0,0,1,1,1
2026-09-09T22:54:24.479769000+00:00,1,1,0,1,1,1
2026-09-09T22:54:24.479772750+00:00,1,0,0,1,1,1
2026-09-09T22:54:24.479775000+00:00,1,1,0,1,1,1
2026-09-09T22:54:24.479779000+00:00,1,0,0,1,1,1
2026-09-09T22:54:24.479781875+00:00,1,1,0,1,1,1
2026-09-09T22:54:24.479785750+00:00,1,0,0,1,1,1
2026-09-09T22:54:24.479788000+00:00,1,1,0,1,1,1
2026-09-09T22:54:24.479791750+00:00,1,0,0,1,1,1
2026-09-09T22:54:24.479795000+00:00,1,1,0,1,1,1
2026-09-09T22:54:24.479799125+00:00,1,0,0,1,1,1
2026-09-09T22:54:24.479802125+00:00,1,1,0,1,1,1
2026-09-09T22:54:24.479806000+00:00,1,0,0,1,1,1
2026-09-09T22:54:24.479808875+00:00,1,1,0,1,1,1
2026-09-09T22:54:24.479812875+00:00,1,0,0,1,1,1
2026-09-09T22:54:24.479815750+00:00,1,1,0,1,1,1
2026-09-09T22:54:24.479819625+00:00,1,0,0,1,1,1
2026-09-09T22:54:24.479822875+00:00,1,1,0,1,1,1
2026-09-09T22:54:24.479826875+00:00,1,0,0,1,1,1
2026-09-09T22:54:24.479829750+00:00,1,1,0,1,1,1
2026-09-09T22:54:24.479833625+00:00,1,0,0,1,1,1
2026-09-09T22:54:24.479836875+00:00,1,1,0,1,1,1
2026-09-09T22:54:24.479840625+00:00,1,0,0,1,1,1
2026-09-09T22:54:24.479843500+00:00,1,1,0,1,1,1
2026-09-09T22:54:24.479848500+00:00,1,0,0,1,1,1
2026-09-09T22:54:24.479851750+00:00,1,1,0,1,1,1
2026-09-09T22:54:24.479856000+00:00,1,0,0,1,1,1
2026-09-09T22:54:24.479858625+00:00,1,1,0,1,1,1
2026-09-09T22:54:24.479862500+00:00,1,0,0,1,1,1
2026-09-09T22:54:24.479865750+00:00,1,1,0,1,1,1
2026-09-09T22:54:24.479869625+00:00,1,0,0,1,1,1
2026-09-09T22:54:24.479872625+00:00,1,1,0,1,1,1
2026-09-09T22:54:24.479876500+00:00,1,0,0,1,1,1
2026-09-09T22:54:24.479879500+00:00,1,1,0,1,1,1
2026-09-09T22:54:24.479883250+00:00,1,0,0,1,1,1
2026-09-09T22:54:24.479885500+00:00,1,1,0,1,1,1
2026-09-09T22:54:24.479889500+00:00,1,0,0,1,1,1
2026-09-09T22:54:24.479892375+00:00,1,1,0,1,1,1
2026-09-09T22:54:24.479896125+00:00,1,0,0,1,1,1
2026-09-09T22:54:24.479898500+00:00,1,1,0,1,1,1
2026-09-09T22:54:24.479902250+00:00,1,0,0,1,1,1
2026-09-09T22:54:24.479905500+00:00,1,1,0,1,1,1
2026-09-09T22:54:24.479909625+00:00,1,0,0,1,1,1
2026-09-09T22:54:24.479912250+00:00,1,1,0,1,1,1
2026-09-09T22:54:24.479916375+00:00,1,0,0,1,1,1
2026-09-09T22:54:24.479919250+00:00,1,1,0,1,1,1
2026-09-09T22:54:24.479923125+00:00,1,0,0,1,1,1
2026-09-09T22:54:24.479926375+00:00,1,1,0,1,1,1
2026-09-09T22:54:24.479931750+00:00,1,0,0,1,1,1
2026-09-09T22:54:24.479934250+00:00,1,1,0,1,1,1
2026-09-09T22:54:24.479938125+00:00,1,0,0,1,1,1
2026-09-09T22:54:24.479941000+00:00,1,1,0,1,1,1
2026-09-09T22:54:24.479945250+00:00,1,0,0,1,1,1
2026-09-09T22:54:24.479948250+00:00,1,1,0,1,1,1
2026-09-09T22:54:24.479952000+00:00,1,0,0,1,1,1
2026-09-09T22:54:24.479955250+00:00,1,1,0,1,1,1
2026-09-09T22:54:24.479959125+00:00,1,0,0,1,1,1
2026-09-09T22:54:24.479962000+00:00,1,1,0,1,1,1
2026-09-09T22:54:24.479966125+00:00,1,0,0,1,1,1
2026-09-09T22:54:24.479969125+00:00,1,1,0,1,1,1
2026-09-09T22:54:24.479973000+00:00,1,0,0,1,1,1
2026-09-09T22:54:24.479975875+00:00,1,1,0,1,1,1
2026-09-09T22:54:24.479979750+00:00,1,0,0,1,1,1
2026-09-09T22:54:24.479982000+00:00,1,1,0,1,1,1
2026-09-09T22:54:24.479985875+00:00,1,0,0,1,1,1
2026-09-09T22:54:24.479989125+00:00,1,1,0,1,1,1
2026-09-09T22:54:24.479992875+00:00,1,0,0,1,1,1
2026-09-09T22:54:24.479995875+00:00,1,1,0,1,1,1
2026-09-09T22:54:24.479999625+00:00,1,0,0,1,1,1
2026-09-09T22:54:24.480002875+00:00,1,1,0,1,1,1
2026-09-09T22:54:24.480006875+00:00,1,0,0,1,1,1
2026-09-09T22:54:24.480009750+00:00,1,1,0,1,1,1
2026-09-09T22:54:24.480013625+00:00,1,0,0,1,1,1
2026-09-09T22:54:24.480018375+00:00,1,1,0,1,1,1
2026-09-09T22:54:24.480022250+00:00,1,0,0,1,1,1
2026-09-09T22:54:24.480024875+00:00,1,1,0,1,1,1
2026-09-09T22:54:24.480028625+00:00,1,0,0,1,1,1
2026-09-09T22:54:24.480031875+00:00,1,1,0,1,1,1
2026-09-09T22:54:24.480035625+00:00,1,0,0,1,1,1
2026-09-09T22:54:24.480038625+00:00,1,1,0,1,1,1
2026-09-09T22:54:24.480042375+00:00,1,0,0,1,1,1
2026-09-09T22:54:24.480044625+00:00,1,1,0,1,1,1
2026-09-09T22:54:24.480048625+00:00,1,0,0,1,1,1
2026-09-09T22:54:24.480051500+00:00,1,1,0,1,1,1
2026-09-09T22:54:24.480055500+00:00,1,0,0,1,1,1
2026-09-09T22:54:24.480058750+00:00,1,1,0,1,1,1
2026-09-09T22:54:24.480062625+00:00,1,0,0,1,1,1
2026-09-09T22:54:24.480065500+00:00,1,1,0,1,1,1
2026-09-09T22:54:24.480069500+00:00,1,0,0,1,1,1
2026-09-09T22:54:24.480072375+00:00,1,1,0,1,1,1
2026-09-09T22:54:24.480076625+00:00,1,0,0,1,1,1
2026-09-09T22:54:24.480079500+00:00,1,1,0,1,1,1
2026-09-09T22:54:24.480083375+00:00,1,0,0,1,1,1
2026-09-09T22:54:24.480086625+00:00,1,1,0,1,1,1
2026-09-09T22:54:24.480090500+00:00,1,0,0,1,1,1
2026-09-09T22:54:24.480093500+00:00,1,1,0,1,1,1
2026-09-09T22:54:24.480097250+00:00,1,0,0,1,1,1
2026-09-09T22:54:24.480100500+00:00,1,1,0,1,1,1
2026-09-09T22:54:24.480105750+00:00,1,0,0,1,1,1
2026-09-09T22:54:24.480108375+00:00,1,1,0,1,1,1
2026-09-09T22:54:24.480112250+00:00,1,0,0,1,1,1
2026-09-09T22:54:24.480115125+00:00,1,1,0,1,1,1
2026-09-09T22:54:24.480119125+00:00,1,0,0,1,1,1
2026-09-09T22:54:24.480122375+00:00,1,1,0,1,1,1
2026-09-09T22:54:24.480126125+00:00,1,0,0,1,1,1
2026-09-09T22:54:24.480129125+00:00,1,1,0,1,1,1
2026-09-09T22:54:24.480133375+00:00,1,0,0,1,1,1
2026-09-09T22:54:24.480136250+00:00,1,1,0,1,1,1
2026-09-09T22:54:24.480140125+00:00,1,0,0,1,1,1
2026-09-09T22:54:24.480143000+00:00,1,1,0,1,1,1
2026-09-09T22:54:24.480147125+00:00,1,0,0,1,1,1
2026-09-09T22:54:24.480150125+00:00,1,1,0,1,1,1
2026-09-09T22:54:24.480154000+00:00,1,0,0,1,1,1
2026-09-09T22:54:24.480157250+00:00,1,1,0,1,1,1
2026-09-09T22:54:24.480161000+00:00,1,0,0,1,1,1
2026-09-09T22:54:24.480164000+00:00,1,1,0,1,1,1
2026-09-09T22:54:24.480167750+00:00,1,0,0,1,1,1
2026-09-09T22:54:24.480171000+00:00,1,1,0,1,1,1
2026-09-09T22:54:24.480174875+00:00,1,0,0,1,1,1
2026-09-09T22:54:24.480178125+00:00,1,1,0,1,1,1
2026-09-09T22:54:24.480182000+00:00,1,0,0,1,1,1
2026-09-09T22:54:24.480185000+00:00,1,1,0,1,1,1
2026-09-09T22:54:24.480189125+00:00,1,0,0,1,1,1
2026-09-09T22:54:24.480192750+00:00,1,1,0,1,1,1
2026-09-09T22:54:24.480196625+00:00,1,0,0,1,1,1
2026-09-09T22:54:24.480200000+00:00,1,1,0,1,1,1
2026-09-09T22:54:24.480203750+00:00,1,0,0,1,1,1
2026-09-09T22:54:24.480206625+00:00,1,1,0,1,1,1
2026-09-09T22:54:24.480210625+00:00,1,0,0,1,1,1
2026-09-09T22:54:24.480213875+00:00,1,1,0,1,1,1
2026-09-09T22:54:24.480217750+00:00,1,0,0,1,1,1
2026-09-09T22:54:24.480220750+00:00,1,1,0,1,1,1
2026-09-09T22:54:24.480224500+00:00,1,0,0,1,1,1
2026-09-09T22:54:24.480227750+00:00,1,1,0,1,1,1
2026-09-09T22:54:24.480231500+00:00,1,0,0,1,1,1
2026-09-09T22:54:24.480234750+00:00,1,1,0,1,1,1
2026-09-09T22:54:24.480238625+00:00,1,0,0,1,1,1
2026-09-09T22:54:24.480241500+00:00,1,1,0,1,1,1
2026-09-09T22:54:24.480245750+00:00,1,0,0,1,1,1
2026-09-09T22:54:24.480248625+00:00,1,1,0,1,1,1
2026-09-09T22:54:24.480252500+00:00,1,0,0,1,1,1
2026-09-09T22:54:24.480255375+00:00,1,1,0,1,1,1
2026-09-09T22:54:24.480259625+00:00,1,0,0,1,1,1
2026-09-09T22:54:24.480262625+00:00,1,1,0,1,1,1
2026-09-09T22:54:24.480266500+00:00,1,0,0,1,1,1
2026-09-09T22:54:24.480269375+00:00,1,1,0,1,1,1
2026-09-09T22:54:24.480273375+00:00,1,0,0,1,1,1
2026-09-09T22:54:24.480278125+00:00,1,1,0,1,1,1
2026-09-09T22:54:24.480281375+00:00,1,0,0,1,1,1
2026-09-09T22:54:24.480284250+00:00,1,1,0,1,1,1
2026-09-09T22:54:24.480288125+00:00,1,0,0,1,1,1
2026-09-09T22:54:24.480290375+00:00,1,1,0,1,1,1
2026-09-09T22:54:24.480294250+00:00,1,0,0,1,1,1
2026-09-09T22:54:24.480297250+00:00,1,1,0,1,1,1
2026-09-09T22:54:24.480301500+00:00,1,0,0,1,1,1
2026-09-09T22:54:24.480304375+00:00,1,1,0,1,1,1
2026-09-09T22:54:24.480308250+00:00,1,0,0,1,1,1
2026-09-09T22:54:24.480311250+00:00,1,1,0,1,1,1
2026-09-09T22:54:24.480315000+00:00,1,0,0,1,1,1
2026-09-09T22:54:24.480318250+00:00,1,1,0,1,1,1
2026-09-09T22:54:24.480322250+00:00,1,0,0,1,1,1
2026-09-09T22:54:24.480325125+00:00,1,1,0,1,1,1
2026-09-09T22:54:24.480329000+00:00,1,0,0,1,1,1
2026-09-09T22:54:24.480332250+00:00,1,1,0,1,1,1
2026-09-09T22:54:24.480336000+00:00,1,0,0,1,1,1
2026-09-09T22:54:24.480339000+00:00,1,1,0,1,1,1
2026-09-09T22:54:24.480343250+00:00,1,0,0,1,1,1
2026-09-09T22:54:24.480346125+00:00,1,1,0,1,1,1
2026-09-09T22:54:24.480350000+00:00,1,0,0,1,1,1
2026-09-09T22:54:24.480353000+00:00,1,1,0,1,1,1
2026-09-09T22:54:24.480357125+00:00,1,0,0,1,1,1
2026-09-09T22:54:24.480360000+00:00,1,1,0,1,1,1
2026-09-09T22:54:24.480365000+00:00,1,0,0,1,1,1
2026-09-09T22:54:24.480368000+00:00,1,1,0,1,1,1
2026-09-09T22:54:24.480371750+00:00,1,0,0,1,1,1
2026-09-09T22:54:24.480375000+00:00,1,1,0,1,1,1
2026-09-09T22:54:24.480378750+00:00,1,0,0,1,1,1
2026-09-09T22:54:24.480381750+00:00,1,1,0,1,1,1
2026-09-09T22:54:24.480385875+00:00,1,0,0,1,1,1
2026-09-09T22:54:24.480388750+00:00,1,1,0,1,1,1
2026-09-09T22:54:24.480392625+00:00,1,0,0,1,1,1
2026-09-09T22:54:24.480395875+00:00,1,1,0,1,1,1
2026-09-09T22:54:24.480399625+00:00,1,0,0,1,1,1
2026-09-09T22:54:24.480402875+00:00,1,1,0,1,1,1
2026-09-09T22:54:24.480406625+00:00,1,0,0,1,1,1
2026-09-09T22:54:24.480409625+00:00,1,1,0,1,1,1
2026-09-09T22:54:24.480414000+00:00,1,0,0,1,1,1
2026-09-09T22:54:24.480416625+00:00,1,1,0,1,1,1
2026-09-09T22:54:24.480420375+00:00,1,0,0,1,1,1
2026-09-09T22:54:24.480423625+00:00,1,1,0,1,1,1
2026-09-09T22:54:24.480427625+00:00,1,0,0,1,1,1
2026-09-09T22:54:24.480430500+00:00,1,1,0,1,1,1
2026-09-09T22:54:24.480434375+00:00,1,0,0,1,1,1
2026-09-09T22:54:24.480436625+00:00,1,1,0,1,1,1
2026-09-09T22:54:24.480440375+00:00,1,0,0,1,1,1
2026-09-09T22:54:24.480443625+00:00,1,1,0,1,1,1
2026-09-09T22:54:24.480447625+00:00,1,0,0,1,1,1
2026-09-09T22:54:24.480450500+00:00,1,1,0,1,1,1
2026-09-09T22:54:24.480454500+00:00,1,0,0,1,1,1
2026-09-09T22:54:24.480457500+00:00,1,1,0,1,1,1
2026-09-09T22:54:24.480461375+00:00,1,0,0,1,1,1
2026-09-09T22:54:24.480464625+00:00,1,1,0,1,1,1
2026-09-09T22:54:24.480468875+00:00,1,0,0,1,1,1
2026-09-09T22:54:24.480471500+00:00,1,1,0,1,1,1
2026-09-09T22:54:24.480475250+00:00,1,0,0,1,1,1
2026-09-09T22:54:24.480478500+00:00,1,1,0,1,1,1
2026-09-09T22:54:24.480482375+00:00,1,0,0,1,1,1
2026-09-09T22:54:24.480485375+00:00,1,1,0,1,1,1
2026-09-09T22:54:24.480489125+00:00,1,0,0,1,1,1
2026-09-09T22:54:24.480492375+00:00,1,1,0,1,1,1
2026-09-09T22:54:24.480496125+00:00,1,0,0,1,1,1
2026-09-09T22:54:24.480499500+00:00,1,1,0,1,1,1
2026-09-09T22:54:24.480503375+00:00,1,0,0,1,1,1
2026-09-09T22:54:24.480506250+00:00,1,1,0,1,1,1
2026-09-09T22:54:24.480510250+00:00,1,0,0,1,1,1
2026-09-09T22:54:24.480513125+00:00,1,1,0,1,1,1
2026-09-09T22:54:24.480517000+00:00,1,0,0,1,1,1
2026-09-09T22:54:24.480520375+00:00,1,1,0,1,1,1
2026-09-09T22:54:24.480524375+00:00,1,0,0,1,1,1
2026-09-09T22:54:24.480527000+00:00,1,1,0,1,1,1
2026-09-09T22:54:24.480531000+00:00,1,0,0,1,1,1
2026-09-09T22:54:24.480534250+00:00,1,1,0,1,1,1
2026-09-09T22:54:24.480538875+00:00,1,0,0,1,1,1
2026-09-09T22:54:24.480542125+00:00,1,1,0,1,1,1
2026-09-09T22:54:24.480546000+00:00,1,0,0,1,1,1
2026-09-09T22:54:24.480548875+00:00,1,1,0,1,1,1
2026-09-09T22:54:24.480552875+00:00,1,0,0,1,1,1
2026-09-09T22:54:24.480556125+00:00,1,1,0,1,1,1
2026-09-09T22:54:24.480559875+00:00,1,0,0,1,1,1
2026-09-09T22:54:24.480562750+00:00,1,1,0,1,1,1
2026-09-09T22:54:24.480567000+00:00,1,0,0,1,1,1
2026-09-09T22:54:24.480570000+00:00,1,1,0,1,1,1
2026-09-09T22:54:24.480573750+00:00,1,0,0,1,1,1
2026-09-09T22:54:24.480577000+00:00,1,1,0,1,1,1
2026-09-09T22:54:24.480581125+00:00,1,0,0,1,1,1
2026-09-09T22:54:24.480583750+00:00,1,1,0,1,1,1
2026-09-09T22:54:24.480587625+00:00,1,0,0,1,1,1
2026-09-09T22:54:24.480590875+00:00,1,1,0,1,1,1
2026-09-09T22:54:24.480594625+00:00,1,0,0,1,1,1
2026-09-09T22:54:24.480597625+00:00,1,1,0,1,1,1
2026-09-09T22:54:24.480601500+00:00,1,0,0,1,1,1
2026-09-09T22:54:24.480604750+00:00,1,1,0,1,1,1
2026-09-09T22:54:24.480608625+00:00,1,0,0,1,1,1
2026-09-09T22:54:24.480611500+00:00,1,1,0,1,1,1
2026-09-09T22:54:24.480615625+00:00,1,0,0,1,1,1
2026-09-09T22:54:24.480618625+00:00,1,1,0,1,1,1
2026-09-09T22:54:24.480623875+00:00,1,0,0,1,1,1
2026-09-09T22:54:24.480626500+00:00,1,1,0,1,1,1
2026-09-09T22:54:24.480630250+00:00,1,0,0,1,1,1
2026-09-09T22:54:24.480632500+00:00,1,1,0,1,1,1
2026-09-09T22:54:24.480636750+00:00,1,0,0,1,1,1
2026-09-09T22:54:24.480639375+00:00,1,1,0,1,1,1
2026-09-09T22:54:24.480643625+00:00,1,0,0,1,1,1
2026-09-09T22:54:24.480646500+00:00,1,1,0,1,1,1
2026-09-09T22:54:24.480650375+00:00,1,0,0,1,1,1
2026-09-09T22:54:24.480653250+00:00,1,1,0,1,1,1
2026-09-09T22:54:24.480657500+00:00,1,0,0,1,1,1
2026-09-09T22:54:24.480660500+00:00,1,1,0,1,1,1
2026-09-09T22:54:24.480664250+00:00,1,0,0,1,1,1
2026-09-09T22:54:24.480667250+00:00,1,1,0,1,1,1
2026-09-09T22:54:24.480671375+00:00,1,0,0,1,1,1
2026-09-09T22:54:24.480674250+00:00,1,1,0,1,1,1
2026-09-09T22:54:24.480678125+00:00,1,0,0,1,1,1
2026-09-09T22:54:24.480681375+00:00,1,1,0,1,1,1
2026-09-09T22:54:24.480685250+00:00,1,0,0,1,1,1
2026-09-09T22:54:24.480688250+00:00,1,1,0,1,1,1
2026-09-09T22:54:24.480692250+00:00,1,0,0,1,1,1
2026-09-09T22:54:24.480695250+00:00,1,1,0,1,1,1
2026-09-09T22:54:24.480699000+00:00,1,0,0,1,1,1
2026-09-09T22:54:24.480702250+00:00,1,1,0,1,1,1
2026-09-09T22:54:24.480706125+00:00,1,0,0,1,1,1
2026-09-09T22:54:24.480709500+00:00,1,1,0,1,1,1
2026-09-09T22:54:24.480713000+00:00,1,0,0,1,1,1
2026-09-09T22:54:24.480716000+00:00,1,1,0,1,1,1
2026-09-09T22:54:24.480719875+00:00,1,0,0,1,1,1
2026-09-09T22:54:24.480723125+00:00,1,1,0,1,1,1
2026-09-09T22:54:24.480727000+00:00,1,0,0,1,1,1
2026-09-09T22:54:24.480729875+00:00,1,1,0,1,1,1
2026-09-09T22:54:24.480734000+00:00,1,0,0,1,1,1
2026-09-09T22:54:24.480736875+00:00,1,1,0,1,1,1
2026-09-09T22:54:24.480740875+00:00,1,0,0,1,1,1
2026-09-09T22:54:24.480744125+00:00,1,1,0,1,1,1
2026-09-09T22:54:24.480748250+00:00,1,0,0,1,1,1
2026-09-09T22:54:24.480750750+00:00,1,1,0,1,1,1
2026-09-09T22:54:24.480754625+00:00,1,0,0,1,1,1
2026-09-09T22:54:24.480756875+00:00,1,1,0,1,1,1
2026-09-09T22:54:24.480760750+00:00,1,0,0,1,1,1
2026-09-09T22:54:24.480763750+00:00,1,1,0,1,1,1
2026-09-09T22:54:24.480767500+00:00,1,0,0,1,1,1
2026-09-09T22:54:24.480769875+00:00,1,1,0,1,1,1
2026-09-09T22:54:24.480773625+00:00,1,0,0,1,1,1
2026-09-09T22:54:24.480776875+00:00,1,1,0,1,1,1
2026-09-09T22:54:24.480780625+00:00,1,0,0,1,1,1
2026-09-09T22:54:24.480783625+00:00,1,1,0,1,1,1
2026-09-09T22:54:24.480787750+00:00,1,0,0,1,1,1
2026-09-09T22:54:24.480790625+00:00,1,1,0,1,1,1
2026-09-09T22:54:24.480795875+00:00,1,0,0,1,1,1
2026-09-09T22:54:24.480798750+00:00,1,1,0,1,1,1
2026-09-09T22:54:24.480803000+00:00,1,0,0,1,1,1
2026-09-09T22:54:24.480805625+00:00,1,1,0,1,1,1
2026-09-09T22:54:24.480809500+00:00,1,0,0,1,1,1
2026-09-09T22:54:24.480812500+00:00,1,1,0,1,1,1
2026-09-09T22:54:24.480816625+00:00,1,0,0,1,1,1
2026-09-09T22:54:24.480819625+00:00,1,1,0,1,1,1
2026-09-09T22:54:24.480823500+00:00,1,0,0,1,1,1
2026-09-09T22:54:24.480826500+00:00,1,1,0,1,1,1
2026-09-09T22:54:24.480830375+00:00,1,0,0,1,1,1
2026-09-09T22:54:24.480833625+00:00,1,1,0,1,1,1
2026-09-09T22:54:24.480837375+00:00,1,0,0,1,1,1
2026-09-09T22:54:24.480840375+00:00,1,1,0,1,1,1
2026-09-09T22:54:24.480844125+00:00,1,0,0,1,1,1
2026-09-09T22:54:24.480847375+00:00,1,1,0,1,1,1
2026-09-09T22:54:24.480851375+00:00,1,0,0,1,1,1
2026-09-09T22:54:24.480854250+00:00,1,1,0,1,1,1
2026-09-09T22:54:24.480858500+00:00,1,0,0,1,1,1
2026-09-09T22:54:24.480861375+00:00,1,1,0,1,1,1
2026-09-09T22:54:24.480865375+00:00,1,0,0,1,1,1
2026-09-09T22:54:24.480868250+00:00,1,1,0,1,1,1
2026-09-09T22:54:24.480872125+00:00,1,0,0,1,1,1
2026-09-09T22:54:24.480875375+00:00,1,1,0,1,1,1
2026-09-09T22:54:24.480879250+00:00,1,0,0,1,1,1
2026-09-09T22:54:24.480882125+00:00,1,1,0,1,1,1
2026-09-09T22:54:24.480886125+00:00,1,0,0,1,1,1
2026-09-09T22:54:24.480889125+00:00,1,1,0,1,1,1
2026-09-09T22:54:24.480892875+00:00,1,0,0,1,1,1
2026-09-09T22:54:24.480896125+00:00,1,1,0,1,1,1
2026-09-09T22:54:24.480900125+00:00,1,0,0,1,1,1
2026-09-09T22:54:24.480903000+00:00,1,1,0,1,1,1
2026-09-09T22:54:24.480907000+00:00,1,0,0,1,1,1
2026-09-09T22:54:24.480910250+00:00,1,1,0,1,1,1
2026-09-09T22:54:24.480914375+00:00,1,0,0,1,1,1
2026-09-09T22:54:24.480916875+00:00,1,1,0,1,1,1
2026-09-09T22:54:24.480920750+00:00,1,0,0,1,1,1
2026-09-09T22:54:24.480923000+00:00,1,1,0,1,1,1
2026-09-09T22:54:24.480926875+00:00,1,0,0,1,1,1
2026-09-09T22:54:24.480929875+00:00,1,1,0,1,1,1
2026-09-09T22:54:24.480933750+00:00,1,0,0,1,1,1
2026-09-09T22:54:24.480937000+00:00,1,1,0,1,1,1
2026-09-09T22:54:24.480940875+00:00,1,0,0,1,1,1
2026-09-09T22:54:24.480943750+00:00,1,1,0,1,1,1
2026-09-09T22:54:24.480947875+00:00,1,0,0,1,1,1
2026-09-09T22:54:24.480950750+00:00,1,1,0,1,1,1
2026-09-09T22:54:24.480954625+00:00,1,0,0,1,1,1
2026-09-09T22:54:24.480957875+00:00,1,1,0,1,1,1
2026-09-09T22:54:24.480961750+00:00,1,0,0,1,1,1
2026-09-09T22:54:24.480964750+00:00,1,1,0,1,1,1
2026-09-09T22:54:24.480969875+00:00,1,0,0,1,1,1
2026-09-09T22:54:24.480972750+00:00,1,1,0,1,1,1
2026-09-09T22:54:24.480976625+00:00,1,0,0,1,1,1
2026-09-09T22:54:24.480979875+00:00,1,1,0,1,1,1
2026-09-09T22:54:24.480983750+00:00,1,0,0,1,1,1
2026-09-09T22:54:24.480986625+00:00,1,1,0,1,1,1
2026-09-09T22:54:24.480990625+00:00,1,0,0,1,1,1
2026-09-09T22:54:24.480993500+00:00,1,1,0,1,1,1
2026-09-09T22:54:24.480997375+00:00,1,0,0,1,1,1
2026-09-09T22:54:24.480999625+00:00,1,1,0,1,1,1
2026-09-09T22:54:24.481003500+00:00,1,0,0,1,1,1
2026-09-09T22:54:24.481006500+00:00,1,1,0,1,1,1
2026-09-09T22:54:24.481010375+00:00,1,0,0,1,1,1
2026-09-09T22:54:24.481013625+00:00,1,1,0,1,1,1
2026-09-09T22:54:24.481017500+00:00,1,0,0,1,1,1
2026-09-09T22:54:24.481020375+00:00,1,1,0,1,1,1
2026-09-09T22:54:24.481024500+00:00,1,0,0,1,1,1
2026-09-09T22:54:24.481027375+00:00,1,1,0,1,1,1
2026-09-09T22:54:24.481031375+00:00,1,0,0,1,1,1
2026-09-09T22:54:24.481034250+00:00,1,1,0,1,1,1
2026-09-09T22:54:24.481038125+00:00,1,0,0,1,1,1
2026-09-09T22:54:24.481041500+00:00,1,1,0,1,1,1
2026-09-09T22:54:24.481045250+00:00,1,0,0,1,1,1
2026-09-09T22:54:24.481048500+00:00,1,1,0,1,1,1
2026-09-09T22:54:24.481052250+00:00,1,0,0,1,1,1
2026-09-09T22:54:24.481056250+00:00,1,1,0,1,1,1
2026-09-09T22:54:24.481060125+00:00,1,0,0,1,1,1
2026-09-09T22:54:24.481063375+00:00,1,1,0,1,1,1
2026-09-09T22:54:24.481067125+00:00,1,0,0,1,1,1
2026-09-09T22:54:24.481070125+00:00,1,1,0,1,1,1
2026-09-09T22:54:24.481074250+00:00,1,0,0,1,1,1
2026-09-09T22:54:24.481077250+00:00,1,1,0,1,1,1
2026-09-09T22:54:24.481081375+00:00,1,0,0,1,1,1
2026-09-09T22:54:24.481084250+00:00,1,1,0,1,1,1
2026-09-09T22:54:24.481088000+00:00,1,0,0,1,1,1
2026-09-09T22:54:24.481091000+00:00,1,1,0,1,1,1
2026-09-09T22:54:24.481094875+00:00,1,0,0,1,1,1
2026-09-09T22:54:24.481098125+00:00,1,1,0,1,1,1
2026-09-09T22:54:24.481102000+00:00,1,0,0,1,1,1
2026-09-09T22:54:24.481104875+00:00,1,1,0,1,1,1
2026-09-09T22:54:24.481108625+00:00,1,0,0,1,1,1
2026-09-09T22:54:24.481111000+00:00,1,1,0,1,1,1
2026-09-09T22:54:24.481114875+00:00,1,0,0,1,1,1
2026-09-09T22:54:24.481117875+00:00,1,1,0,1,1,1
2026-09-09T22:54:24.481121625+00:00,1,0,0,1,1,1
2026-09-09T22:54:24.481123875+00:00,1,1,0,1,1,1
2026-09-09T22:54:24.481127875+00:00,1,0,0,1,1,1
2026-09-09T22:54:24.481130750+00:00,1,1,0,1,1,1
2026-09-09T22:54:24.481135000+00:00,1,0,0,1,1,1
2026-09-09T22:54:24.481137875+00:00,1,1,0,1,1,1
2026-09-09T22:54:24.481142250+00:00,1,0,0,1,1,1
2026-09-09T22:54:24.481144875+00:00,1,1,0,1,1,1
2026-09-09T22:54:24.481148625+00:00,1,0,0,1,1,1
2026-09-09T22:54:24.481151875+00:00,1,1,0,1,1,1
2026-09-09T22:54:24.481155750+00:00,1,0,0,1,1,1
2026-09-09T22:54:24.481158625+00:00,1,1,0,1,1,1
2026-09-09T22:54:24.481162500+00:00,1,0,0,1,1,1
2026-09-09T22:54:24.481165750+00:00,1,1,0,1,1,1
2026-09-09T22:54:24.481169625+00:00,1,0,0,1,1,1
2026-09-09T22:54:24.481172500+00:00,1,1,0,1,1,1
2026-09-09T22:54:24.481176375+00:00,1,0,0,1,1,1
2026-09-09T22:54:24.481179625+00:00,1,1,0,1,1,1
2026-09-09T22:54:24.481183500+00:00,1,0,0,1,1,1
2026-09-09T22:54:24.481186500+00:00,1,1,0,1,1,1
2026-09-09T22:54:24.481190625+00:00,1,0,0,1,1,1
2026-09-09T22:54:24.481193625+00:00,1,1,0,1,1,1
2026-09-09T22:54:24.481197375+00:00,1,0,0,1,1,1
2026-09-09T22:54:24.481200625+00:00,1,1,0,1,1,1
2026-09-09T22:54:24.481204625+00:00,1,0,0,1,1,1
2026-09-09T22:54:24.481207500+00:00,1,1,0,1,1,1
2026-09-09T22:54:24.481211500+00:00,1,0,0,1,1,1
2026-09-09T22:54:24.481214375+00:00,1,1,0,1,1,1
2026-09-09T22:54:24.481218125+00:00,1,0,0,1,1,1
2026-09-09T22:54:24.481221500+00:00,1,1,0,1,1,1
2026-09-09T22:54:24.481226875+00:00,1,0,0,1,1,1
2026-09-09T22:54:24.481229375+00:00,1,1,0,1,1,1
2026-09-09T22:54:24.481233375+00:00,1,0,0,1,1,1
2026-09-09T22:54:24.481236250+00:00,1,1,0,1,1,1
2026-09-09T22:54:24.481240250+00:00,1,0,0,1,1,1
2026-09-09T22:54:24.481243125+00:00,1,1,0,1,1,1
2026-09-09T22:54:24.481247500+00:00,1,0,0,1,1,1
2026-09-09T22:54:24.481250125+00:00,1,1,0,1,1,1
2026-09-09T22:54:24.481254000+00:00,1,0,0,1,1,1
2026-09-09T22:54:24.481257250+00:00,1,1,0,1,1,1
2026-09-09T22:54:24.481261125+00:00,1,0,0,1,1,1
2026-09-09T22:54:24.481264000+00:00,1,1,0,1,1,1
2026-09-09T22:54:24.481267875+00:00,1,0,0,1,1,1
2026-09-09T22:54:24.481270125+00:00,1,1,0,1,1,1
2026-09-09T22:54:24.481274000+00:00,1,0,0,1,1,1
2026-09-09T22:54:24.481277000+00:00,1,1,0,1,1,1
2026-09-09T22:54:24.481280875+00:00,1,0,0,1,1,1
2026-09-09T22:54:24.481284125+00:00,1,1,0,1,1,1
2026-09-09T22:54:24.481288000+00:00,1,0,0,1,1,1
2026-09-09T22:54:24.481290875+00:00,1,1,0,1,1,1
2026-09-09T22:54:24.481294750+00:00,1,0,0,1,1,1
2026-09-09T22:54:24.481297000+00:00,1,1,0,1,1,1
2026-09-09T22:54:24.481301125+00:00,1,0,0,1,1,1
2026-09-09T22:54:24.481304000+00:00,1,1,0,1,1,1
2026-09-09T22:54:24.481307875+00:00,1,0,0,1,1,1
2026-09-09T22:54:24.481310750+00:00,1,1,0,1,1,1
2026-09-09T22:54:24.481315000+00:00,1,0,0,1,1,1
2026-09-09T22:54:24.481318000+00:00,1,1,0,1,1,1
2026-09-09T22:54:24.481321875+00:00,1,0,0,1,1,1
2026-09-09T22:54:24.481324750+00:00,1,1,0,1,1,1
2026-09-09T22:54:24.481328750+00:00,1,0,0,1,1,1
2026-09-09T22:54:24.481331625+00:00,1,1,0,1,1,1
2026-09-09T22:54:24.481335750+00:00,1,0,0,1,1,1
2026-09-09T22:54:24.481338625+00:00,1,1,0,1,1,1
2026-09-09T22:54:24.481342625+00:00,1,0,0,1,1,1
2026-09-09T22:54:24.481345875+00:00,1,1,0,1,1,1
2026-09-09T22:54:24.481349625+00:00,1,0,0,1,1,1
2026-09-09T22:54:24.481352625+00:00,1,1,0,1,1,1
2026-09-09T22:54:24.481356750+00:00,1,0,0,1,1,1
2026-09-09T22:54:24.481359750+00:00,1,1,0,1,1,1
2026-09-09T22:54:24.481363625+00:00,1,0,0,1,1,1
2026-09-09T22:54:24.481366625+00:00,1,1,0,1,1,1
2026-09-09T22:54:24.481370375+00:00,1,0,0,1,1,1
2026-09-09T22:54:24.481373625+00:00,1,1,0,1,1,1
2026-09-09T22:54:24.481377500+00:00,1,0,0,1,1,1
2026-09-09T22:54:24.481380375+00:00,1,1,0,1,1,1
2026-09-09T22:54:24.481384250+00:00,1,0,0,1,1,1
2026-09-09T22:54:24.481386500+00:00,1,1,0,1,1,1
2026-09-09T22:54:24.481390375+00:00,1,0,0,1,1,1
2026-09-09T22:54:24.481393625+00:00,1,1,0,1,1,1
2026-09-09T22:54:24.481397500+00:00,1,0,0,1,1,1
2026-09-09T22:54:24.481401500+00:00,1,1,0,1,1,1
2026-09-09T22:54:24.481405375+00:00,1,0,0,1,1,1
2026-09-09T22:54:24.481408375+00:00,1,1,0,1,1,1
2026-09-09T22:54:24.481412375+00:00,1,0,0,1,1,1
2026-09-09T22:54:24.481415375+00:00,1,1,0,1,1,1
2026-09-09T22:54:24.481419250+00:00,1,0,0,1,1,1
2026-09-09T22:54:24.481422250+00:00,1,1,0,1,1,1
2026-09-09T22:54:24.481426125+00:00,1,0,0,1,1,1
2026-09-09T22:54:24.481429375+00:00,1,1,0,1,1,1
2026-09-09T22:54:24.481433125+00:00,1,0,0,1,1,1
2026-09-09T22:54:24.481436125+00:00,1,1,0,1,1,1
2026-09-09T22:54:24.481439875+00:00,1,0,0,1,1,1
2026-09-09T22:54:24.481443125+00:00,1,1,0,1,1,1
2026-09-09T22:54:24.481447125+00:00,1,0,0,1,1,1
2026-09-09T22:54:24.481450000+00:00,1,1,0,1,1,1
2026-09-09T22:54:24.481453875+00:00,1,0,0,1,1,1
2026-09-09T22:54:24.481456125+00:00,1,1,0,1,1,1
2026-09-09T22:54:24.481460000+00:00,1,0,0,1,1,1
2026-09-09T22:54:24.481463000+00:00,1,1,0,1,1,1
2026-09-09T22:54:24.481467125+00:00,1,0,0,1,1,1
2026-09-09T22:54:24.481470000+00:00,1,1,0,1,1,1
2026-09-09T22:54:24.481473875+00:00,1,0,0,1,1,1
2026-09-09T22:54:24.481477125+00:00,1,1,0,1,1,1
2026-09-09T22:54:24.481481000+00:00,1,0,0,1,1,1
2026-09-09T22:54:24.481483875+00:00,1,1,0,1,1,1
2026-09-09T22:54:24.481488750+00:00,1,0,0,1,1,1
2026-09-09T22:54:24.481492000+00:00,1,1,0,1,1,1
2026-09-09T22:54:24.481495875+00:00,1,0,0,1,1,1
2026-09-09T22:54:24.481498750+00:00,1,1,0,1,1,1
2026-09-09T22:54:24.481502625+00:00,1,0,0,1,1,1
2026-09-09T22:54:24.481505875+00:00,1,1,0,1,1,1
2026-09-09T22:54:24.481509750+00:00,1,0,0,1,1,1
2026-09-09T22:54:24.481513000+00:00,1,1,0,1,1,1
2026-09-09T22:54:24.481516875+00:00,1,0,0,1,1,1
2026-09-09T22:54:24.481519750+00:00,1,1,0,1,1,1
2026-09-09T22:54:24.481523875+00:00,1,0,0,1,1,1
2026-09-09T22:54:24.481526875+00:00,1,1,0,1,1,1
2026-09-09T22:54:24.481530625+00:00,1,0,0,1,1,1
2026-09-09T22:54:24.481533625+00:00,1,1,0,1,1,1
2026-09-09T22:54:24.481537500+00:00,1,0,0,1,1,1
2026-09-09T22:54:24.481540750+00:00,1,1,0,1,1,1
2026-09-09T22:54:24.481544625+00:00,1,0,0,1,1,1
2026-09-09T22:54:24.481547625+00:00,1,1,0,1,1,1
2026-09-09T22:54:24.481551500+00:00,1,0,0,1,1,1
2026-09-09T22:54:24.481554500+00:00,1,1,0,1,1,1
2026-09-09T22:54:24.481558375+00:00,1,0,0,1,1,1
2026-09-09T22:54:24.481561625+00:00,1,1,0,1,1,1
2026-09-09T22:54:24.481565500+00:00,1,0,0,1,1,1
2026-09-09T22:54:24.481568500+00:00,1,1,0,1,1,1
2026-09-09T22:54:24.481573750+00:00,1,0,0,1,1,1
2026-09-09T22:54:24.481576375+00:00,1,1,0,1,1,1
2026-09-09T22:54:24.481580500+00:00,1,0,0,1,1,1
2026-09-09T22:54:24.481583500+00:00,1,1,0,1,1,1
2026-09-09T22:54:24.481587250+00:00,1,0,0,1,1,1
2026-09-09T22:54:24.481590500+00:00,1,1,0,1,1,1
2026-09-09T22:54:24.481594375+00:00,1,0,0,1,1,1
2026-09-09T22:54:24.481597375+00:00,1,1,0,1,1,1
2026-09-09T22:54:24.481601125+00:00,1,0,0,1,1,1
2026-09-09T22:54:24.481604375+00:00,1,1,0,1,1,1
2026-09-09T22:54:24.481608250+00:00,1,0,0,1,1,1
2026-09-09T22:54:24.481611125+00:00,1,1,0,1,1,1
2026-09-09T22:54:24.481615125+00:00,1,0,0,1,1,1
2026-09-09T22:54:24.481618375+00:00,1,1,0,1,1,1
2026-09-09T22:54:24.481622125+00:00,1,0,0,1,1,1
2026-09-09T22:54:24.481625125+00:00,1,1,0,1,1,1
2026-09-09T22:54:24.481629000+00:00,1,0,0,1,1,1
2026-09-09T22:54:24.481632250+00:00,1,1,0,1,1,1
2026-09-09T22:54:24.481636375+00:00,1,0,0,1,1,1
2026-09-09T22:54:24.481639000+00:00,1,1,0,1,1,1
2026-09-09T22:54:24.481643125+00:00,1,0,0,1,1,1
2026-09-09T22:54:24.481646000+00:00,1,1,0,1,1,1
2026-09-09T22:54:24.481650000+00:00,1,0,0,1,1,1
2026-09-09T22:54:24.481652875+00:00,1,1,0,1,1,1
2026-09-09T22:54:24.481658375+00:00,1,0,0,1,1,1
2026-09-09T22:54:24.481661000+00:00,1,1,0,1,1,1
2026-09-09T22:54:24.481664750+00:00,1,0,0,1,1,1
2026-09-09T22:54:24.481668000+00:00,1,1,0,1,1,1
2026-09-09T22:54:24.481672000+00:00,1,0,0,1,1,1
2026-09-09T22:54:24.481674875+00:00,1,1,0,1,1,1
2026-09-09T22:54:24.481678750+00:00,1,0,0,1,1,1
2026-09-09T22:54:24.481682000+00:00,1,1,0,1,1,1
2026-09-09T22:54:24.481685750+00:00,1,0,0,1,1,1
2026-09-09T22:54:24.481688750+00:00,1,1,0,1,1,1
2026-09-09T22:54:24.481693250+00:00,1,0,0,1,1,1
2026-09-09T22:54:24.481695875+00:00,1,1,0,1,1,1
2026-09-09T22:54:24.481699750+00:00,1,0,0,1,1,1
2026-09-09T22:54:24.481702750+00:00,1,1,0,1,1,1
2026-09-09T22:54:24.481706625+00:00,1,0,0,1,1,1
2026-09-09T22:54:24.481709875+00:00,1,1,0,1,1,1
2026-09-09T22:54:24.481713750+00:00,1,0,0,1,1,1
2026-09-09T22:54:24.481716750+00:00,1,1,0,1,1,1
2026-09-09T22:54:24.481720625+00:00,1,0,0,1,1,1
2026-09-09T22:54:24.481723625+00:00,1,1,0,1,1,1
2026-09-09T22:54:24.481727500+00:00,1,0,0,1,1,1
2026-09-09T22:54:24.481730750+00:00,1,1,0,1,1,1
2026-09-09T22:54:24.481734625+00:00,1,0,0,1,1,1
2026-09-09T22:54:24.481737625+00:00,1,1,0,1,1,1
2026-09-09T22:54:24.481741375+00:00,1,0,0,1,1,1
2026-09-09T22:54:24.481745500+00:00,1,1,0,1,1,1
2026-09-09T22:54:24.481749750+00:00,1,0,0,1,1,1
2026-09-09T22:54:24.481752625+00:00,1,1,0,1,1,1
2026-09-09T22:54:24.481756500+00:00,1,0,0,1,1,1
2026-09-09T22:54:24.481759375+00:00,1,1,0,1,1,1
2026-09-09T22:54:24.481763125+00:00,1,0,0,1,1,1
2026-09-09T22:54:24.481766375+00:00,1,1,0,1,1,1
2026-09-09T22:54:24.481770375+00:00,1,0,0,1,1,1
2026-09-09T22:54:24.481773250+00:00,1,1,0,1,1,1
2026-09-09T22:54:24.481777125+00:00,1,0,0,1,1,1
2026-09-09T22:54:24.481779375+00:00,1,1,0,1,1,1
2026-09-09T22:54:24.481783250+00:00,1,0,0,1,1,1
2026-09-09T22:54:24.481786250+00:00,1,1,0,1,1,1
2026-09-09T22:54:24.481790000+00:00,1,0,0,1,1,1
2026-09-09T22:54:24.481792250+00:00,1,1,0,1,1,1
2026-09-09T22:54:24.481796125+00:00,1,0,0,1,1,1
2026-09-09T22:54:24.481799375+00:00,1,1,0,1,1,1
2026-09-09T22:54:24.481803500+00:00,1,0,0,1,1,1
2026-09-09T22:54:24.481806375+00:00,1,1,0,1,1,1
2026-09-09T22:54:24.481810125+00:00,1,0,0,1,1,1
2026-09-09T22:54:24.481813125+00:00,1,1,0,1,1,1
2026-09-09T22:54:24.481817000+00:00,1,0,0,1,1,1
2026-09-09T22:54:24.481820250+00:00,1,1,0,1,1,1
2026-09-09T22:54:24.481824125+00:00,1,0,0,1,1,1
2026-09-09T22:54:24.481827000+00:00,1,1,0,1,1,1
2026-09-09T22:54:24.481832125+00:00,1,0,0,1,1,1
2026-09-09T22:54:24.481835125+00:00,1,1,0,1,1,1
2026-09-09T22:54:24.481838875+00:00,1,0,0,1,1,1
2026-09-09T22:54:24.481842125+00:00,1,1,0,1,1,1
2026-09-09T22:54:24.481846125+00:00,1,0,0,1,1,1
2026-09-09T22:54:24.481849000+00:00,1,1,0,1,1,1
2026-09-09T22:54:24.481852750+00:00,1,0,0,1,1,1
2026-09-09T22:54:24.481856000+00:00,1,1,0,1,1,1
2026-09-09T22:54:24.481860125+00:00,1,0,0,1,1,1
2026-09-09T22:54:24.481863125+00:00,1,1,0,1,1,1
2026-09-09T22:54:24.481866875+00:00,1,0,0,1,1,1
2026-09-09T22:54:24.481869750+00:00,1,1,0,1,1,1
2026-09-09T22:54:24.481873750+00:00,1,0,0,1,1,1
2026-09-09T22:54:24.481877000+00:00,1,1,0,1,1,1
2026-09-09T22:54:24.481880875+00:00,1,0,0,1,1,1
2026-09-09T22:54:24.481883875+00:00,1,1,0,1,1,1
2026-09-09T22:54:24.481887750+00:00,1,0,0,1,1,1
2026-09-09T22:54:24.481890625+00:00,1,1,0,1,1,1
2026-09-09T22:54:24.481894625+00:00,1,0,0,1,1,1
2026-09-09T22:54:24.481897875+00:00,1,1,0,1,1,1
2026-09-09T22:54:24.481901750+00:00,1,0,0,1,1,1
2026-09-09T22:54:24.481904750+00:00,1,1,0,1,1,1
2026-09-09T22:54:24.481908625+00:00,1,0,0,1,1,1
2026-09-09T22:54:24.481911500+00:00,1,1,0,1,1,1
2026-09-09T22:54:24.481917125+00:00,1,0,0,1,1,1
2026-09-09T22:54:24.481919750+00:00,1,1,0,1,1,1
2026-09-09T22:54:24.481923625+00:00,1,0,0,1,1,1
2026-09-09T22:54:24.481926500+00:00,1,1,0,1,1,1
2026-09-09T22:54:24.481930500+00:00,1,0,0,1,1,1
2026-09-09T22:54:24.481933750+00:00,1,1,0,1,1,1
2026-09-09T22:54:24.481937500+00:00,1,0,0,1,1,1
2026-09-09T22:54:24.481940500+00:00,1,1,0,1,1,1
2026-09-09T22:54:24.481944375+00:00,1,0,0,1,1,1
2026-09-09T22:54:24.481947625+00:00,1,1,0,1,1,1
2026-09-09T22:54:24.481951500+00:00,1,0,0,1,1,1
2026-09-09T22:54:24.481954500+00:00,1,1,0,1,1,1
2026-09-09T22:54:24.481958875+00:00,1,0,0,1,1,1
2026-09-09T22:54:24.481961500+00:00,1,1,0,1,1,1
2026-09-09T22:54:24.481965375+00:00,1,0,0,1,1,1
2026-09-09T22:54:24.481968375+00:00,1,1,0,1,1,1
2026-09-09T22:54:24.481972500+00:00,1,0,0,1,1,1
2026-09-09T22:54:24.481975375+00:00,1,1,0,1,1,1
2026-09-09T22:54:24.481979250+00:00,1,0,0,1,1,1
2026-09-09T22:54:24.481982250+00:00,1,1,0,1,1,1
2026-09-09T22:54:24.481986000+00:00,1,0,0,1,1,1
2026-09-09T22:54:24.481989250+00:00,1,1,0,1,1,1
2026-09-09T22:54:24.481993125+00:00,1,0,0,1,1,1
2026-09-09T22:54:24.481996375+00:00,1,1,0,1,1,1
2026-09-09T22:54:24.482000250+00:00,1,0,0,1,1,1
2026-09-09T22:54:24.482004375+00:00,1,1,0,1,1,1
2026-09-09T22:54:24.482008250+00:00,1,0,0,1,1,1
2026-09-09T22:54:24.482011250+00:00,1,1,0,1,1,1
2026-09-09T22:54:24.482015125+00:00,1,0,0,1,1,1
2026-09-09T22:54:24.482018000+00:00,1,1,0,1,1,1
2026-09-09T22:54:24.482021875+00:00,1,0,0,1,1,1
2026-09-09T22:54:24.482025125+00:00,1,1,0,1,1,1
2026-09-09T22:54:24.482029250+00:00,1,0,0,1,1,1
2026-09-09T22:54:24.482032125+00:00,1,1,0,1,1,1
2026-09-09T22:54:24.482036125+00:00,1,0,0,1,1,1
2026-09-09T22:54:24.482039000+00:00,1,1,0,1,1,1
2026-09-09T22:54:24.482042875+00:00,1,0,0,1,1,1
2026-09-09T22:54:24.482046125+00:00,1,1,0,1,1,1
2026-09-09T22:54:24.482050000+00:00,1,0,0,1,1,1
2026-09-09T22:54:24.482052875+00:00,1,1,0,1,1,1
2026-09-09T22:54:24.482056875+00:00,1,0,0,1,1,1
2026-09-09T22:54:24.482059750+00:00,1,1,0,1,1,1
2026-09-09T22:54:24.482063500+00:00,1,0,0,1,1,1
2026-09-09T22:54:24.482065875+00:00,1,1,0,1,1,1
2026-09-09T22:54:24.482069750+00:00,1,0,0,1,1,1
2026-09-09T22:54:24.482072750+00:00,1,1,0,1,1,1
2026-09-09T22:54:24.482076500+00:00,1,0,0,1,1,1
2026-09-09T22:54:24.482078750+00:00,1,1,0,1,1,1
2026-09-09T22:54:24.482083000+00:00,1,0,0,1,1,1
2026-09-09T22:54:24.482085625+00:00,1,1,0,1,1,1
2026-09-09T22:54:24.482090875+00:00,1,0,0,1,1,1
2026-09-09T22:54:24.482093500+00:00,1,1,0,1,1,1
2026-09-09T22:54:24.482097750+00:00,1,0,0,1,1,1
2026-09-09T22:54:24.482100750+00:00,1,1,0,1,1,1
2026-09-09T22:54:24.482104500+00:00,1,0,0,1,1,1
2026-09-09T22:54:24.482107750+00:00,1,1,0,1,1,1
2026-09-09T22:54:24.482111750+00:00,1,0,0,1,1,1
2026-09-09T22:54:24.482114625+00:00,1,1,0,1,1,1
2026-09-09T22:54:24.482118500+00:00,1,0,0,1,1,1
2026-09-09T22:54:24.482121750+00:00,1,1,0,1,1,1
2026-09-09T22:54:24.482125625+00:00,1,0,0,1,1,1
2026-09-09T22:54:24.482128500+00:00,1,1,0,1,1,1
2026-09-09T22:54:24.482132500+00:00,1,0,0,1,1,1
2026-09-09T22:54:24.482135375+00:00,1,1,0,1,1,1
2026-09-09T22:54:24.482139625+00:00,1,0,0,1,1,1
2026-09-09T22:54:24.482142500+00:00,1,1,0,1,1,1
2026-09-09T22:54:24.482146375+00:00,1,0,0,1,1,1
2026-09-09T22:54:24.482149250+00:00,1,1,0,1,1,1
2026-09-09T22:54:24.482153500+00:00,1,0,0,1,1,1
2026-09-09T22:54:24.482156375+00:00,1,1,0,1,1,1
2026-09-09T22:54:24.482160375+00:00,1,0,0,1,1,1
2026-09-09T22:54:24.482163250+00:00,1,1,0,1,1,1
2026-09-09T22:54:24.482167250+00:00,1,0,0,1,1,1
2026-09-09T22:54:24.482170125+00:00,1,1,0,1,1,1
2026-09-09T22:54:24.482174375+00:00,1,0,0,1,1,1
2026-09-09T22:54:24.482178125+00:00,1,1,0,1,1,1
2026-09-09T22:54:24.482182375+00:00,1,0,0,1,1,1
2026-09-09T22:54:24.482185250+00:00,1,1,0,1,1,1
2026-09-09T22:54:24.482189125+00:00,1,0,0,1,1,1
2026-09-09T22:54:24.482192125+00:00,1,1,0,1,1,1
2026-09-09T22:54:24.482196375+00:00,1,0,0,1,1,1
2026-09-09T22:54:24.482199250+00:00,1,1,0,1,1,1
2026-09-09T22:54:24.482203125+00:00,1,0,0,1,1,1
2026-09-09T22:54:24.482206000+00:00,1,1,0,1,1,1
2026-09-09T22:54:24.482209875+00:00,1,0,0,1,1,1
2026-09-09T22:54:24.482213125+00:00,1,1,0,1,1,1
2026-09-09T22:54:24.482216875+00:00,1,0,0,1,1,1
2026-09-09T22:54:24.482220125+00:00,1,1,0,1,1,1
2026-09-09T22:54:24.482224000+00:00,1,0,0,1,1,1
2026-09-09T22:54:24.482227000+00:00,1,1,0,1,1,1
2026-09-09T22:54:24.482230750+00:00,1,0,0,1,1,1
2026-09-09T22:54:24.482234000+00:00,1,1,0,1,1,1
2026-09-09T22:54:24.482238000+00:00,1,0,0,1,1,1
2026-09-09T22:54:24.482240875+00:00,1,1,0,1,1,1
2026-09-09T22:54:24.482244750+00:00,1,0,0,1,1,1
2026-09-09T22:54:24.482248000+00:00,1,1,0,1,1,1
2026-09-09T22:54:24.482252125+00:00,1,0,0,1,1,1
2026-09-09T22:54:24.482254750+00:00,1,1,0,1,1,1
2026-09-09T22:54:24.482258625+00:00,1,0,0,1,1,1
2026-09-09T22:54:24.482263375+00:00,1,1,0,1,1,1
2026-09-09T22:54:24.482266625+00:00,1,0,0,1,1,1
2026-09-09T22:54:24.482269625+00:00,1,1,0,1,1,1
2026-09-09T22:54:24.482273375+00:00,1,0,0,1,1,1
2026-09-09T22:54:24.482275625+00:00,1,1,0,1,1,1
2026-09-09T22:54:24.482279500+00:00,1,0,0,1,1,1
2026-09-09T22:54:24.482282750+00:00,1,1,0,1,1,1
2026-09-09T22:54:24.482286625+00:00,1,0,0,1,1,1
2026-09-09T22:54:24.482289625+00:00,1,1,0,1,1,1
2026-09-09T22:54:24.482293375+00:00,1,0,0,1,1,1
2026-09-09T22:54:24.482296625+00:00,1,1,0,1,1,1
2026-09-09T22:54:24.482300500+00:00,1,0,0,1,1,1
2026-09-09T22:54:24.482303500+00:00,1,1,0,1,1,1
2026-09-09T22:54:24.482307750+00:00,1,0,0,1,1,1
2026-09-09T22:54:24.482310625+00:00,1,1,0,1,1,1
2026-09-09T22:54:24.482314500+00:00,1,0,0,1,1,1
2026-09-09T22:54:24.482317500+00:00,1,1,0,1,1,1
2026-09-09T22:54:24.482321375+00:00,1,0,0,1,1,1
2026-09-09T22:54:24.482324375+00:00,1,1,0,1,1,1
2026-09-09T22:54:24.482328250+00:00,1,0,0,1,1,1
2026-09-09T22:54:24.482331500+00:00,1,1,0,1,1,1
2026-09-09T22:54:24.482335375+00:00,1,0,0,1,1,1
2026-09-09T22:54:24.482338375+00:00,1,1,0,1,1,1
2026-09-09T22:54:24.482342125+00:00,1,0,0,1,1,1
2026-09-09T22:54:24.482345375+00:00,1,1,0,1,1,1
2026-09-09T22:54:24.482350500+00:00,1,0,0,1,1,1
2026-09-09T22:54:24.482353375+00:00,1,1,0,1,1,1
2026-09-09T22:54:24.482357250+00:00,1,0,0,1,1,1
2026-09-09T22:54:24.482360250+00:00,1,1,0,1,1,1
2026-09-09T22:54:24.482364500+00:00,1,0,0,1,1,1
2026-09-09T22:54:24.482367125+00:00,1,1,0,1,1,1
2026-09-09T22:54:24.482371250+00:00,1,0,0,1,1,1
2026-09-09T22:54:24.482374250+00:00,1,1,0,1,1,1
2026-09-09T22:54:24.482378000+00:00,1,0,0,1,1,1
2026-09-09T22:54:24.482381000+00:00,1,1,0,1,1,1
2026-09-09T22:54:24.482385125+00:00,1,0,0,1,1,1
2026-09-09T22:54:24.482388000+00:00,1,1,0,1,1,1
2026-09-09T22:54:24.482391875+00:00,1,0,0,1,1,1
2026-09-09T22:54:24.482395125+00:00,1,1,0,1,1,1
2026-09-09T22:54:24.482399000+00:00,1,0,0,1,1,1
2026-09-09T22:54:24.482402000+00:00,1,1,0,1,1,1
2026-09-09T22:54:24.482405875+00:00,1,0,0,1,1,1
2026-09-09T22:54:24.482409125+00:00,1,1,0,1,1,1
2026-09-09T22:54:24.482413000+00:00,1,0,0,1,1,1
2026-09-09T22:54:24.482416000+00:00,1,1,0,1,1,1
2026-09-09T22:54:24.482420250+00:00,1,0,0,1,1,1
2026-09-09T22:54:24.482422875+00:00,1,1,0,1,1,1
2026-09-09T22:54:24.482426750+00:00,1,0,0,1,1,1
2026-09-09T22:54:24.482430000+00:00,1,1,0,1,1,1
2026-09-09T22:54:24.482435250+00:00,1,0,0,1,1,1
2026-09-09T22:54:24.482437875+00:00,1,1,0,1,1,1
2026-09-09T22:54:24.482441750+00:00,1,0,0,1,1,1
2026-09-09T22:54:24.482444750+00:00,1,1,0,1,1,1
2026-09-09T22:54:24.482448625+00:00,1,0,0,1,1,1
2026-09-09T22:54:24.482451625+00:00,1,1,0,1,1,1
2026-09-09T22:54:24.482455875+00:00,1,0,0,1,1,1
2026-09-09T22:54:24.482458750+00:00,1,1,0,1,1,1
2026-09-09T22:54:24.482462625+00:00,1,0,0,1,1,1
2026-09-09T22:54:24.482465875+00:00,1,1,0,1,1,1
2026-09-09T22:54:24.482469750+00:00,1,0,0,1,1,1
2026-09-09T22:54:24.482472625+00:00,1,1,0,1,1,1
2026-09-09T22:54:24.482476875+00:00,1,0,0,1,1,1
2026-09-09T22:54:24.482479500+00:00,1,1,0,1,1,1
2026-09-09T22:54:24.482483375+00:00,1,0,0,1,1,1
2026-09-09T22:54:24.482486625+00:00,1,1,0,1,1,1
2026-09-09T22:54:24.482490625+00:00,1,0,0,1,1,1
2026-09-09T22:54:24.482493500+00:00,1,1,0,1,1,1
2026-09-09T22:54:24.482497375+00:00,1,0,0,1,1,1
2026-09-09T22:54:24.482500375+00:00,1,1,0,1,1,1
2026-09-09T22:54:24.482504125+00:00,1,0,0,1,1,1
2026-09-09T22:54:24.482507375+00:00,1,1,0,1,1,1
2026-09-09T22:54:24.482511250+00:00,1,0,0,1,1,1
2026-09-09T22:54:24.482514500+00:00,1,1,0,1,1,1
2026-09-09T22:54:24.482518375+00:00,1,0,0,1,1,1
2026-09-09T22:54:24.482522125+00:00,1,1,0,1,1,1
2026-09-09T22:54:24.482526375+00:00,1,0,0,1,1,1
2026-09-09T22:54:24.482529375+00:00,1,1,0,1,1,1
2026-09-09T22:54:24.482533375+00:00,1,0,0,1,1,1
2026-09-09T22:54:24.482536375+00:00,1,1,0,1,1,1
2026-09-09T22:54:24.482540125+00:00,1,0,0,1,1,1
2026-09-09T22:54:24.482543375+00:00,1,1,0,1,1,1
2026-09-09T22:54:24.482547125+00:00,1,0,0,1,1,1
2026-09-09T22:54:24.482550125+00:00,1,1,0,1,1,1
2026-09-09T22:54:24.482554000+00:00,1,0,0,1,1,1
2026-09-09T22:54:24.482557250+00:00,1,1,0,1,1,1
2026-09-09T22:54:24.482561125+00:00,1,0,0,1,1,1
2026-09-09T22:54:24.482564000+00:00,1,1,0,1,1,1
2026-09-09T22:54:24.482568000+00:00,1,0,0,1,1,1
2026-09-09T22:54:24.482571250+00:00,1,1,0,1,1,1
2026-09-09T22:54:24.482575125+00:00,1,0,0,1,1,1
2026-09-09T22:54:24.482578000+00:00,1,1,0,1,1,1
2026-09-09T22:54:24.482582000+00:00,1,0,0,1,1,1
2026-09-09T22:54:24.482584875+00:00,1,1,0,1,1,1
2026-09-09T22:54:24.482589000+00:00,1,0,0,1,1,1
2026-09-09T22:54:24.482592000+00:00,1,1,0,1,1,1
2026-09-09T22:54:24.482595875+00:00,1,0,0,1,1,1
2026-09-09T22:54:24.482599125+00:00,1,1,0,1,1,1
2026-09-09T22:54:24.482603000+00:00,1,0,0,1,1,1
2026-09-09T22:54:24.482606000+00:00,1,1,0,1,1,1
2026-09-09T22:54:24.482610750+00:00,1,0,0,1,1,1
2026-09-09T22:54:24.482613750+00:00,1,1,0,1,1,1
2026-09-09T22:54:24.482617875+00:00,1,0,0,1,1,1
2026-09-09T22:54:24.482620750+00:00,1,1,0,1,1,1
2026-09-09T22:54:24.482624750+00:00,1,0,0,1,1,1
2026-09-09T22:54:24.482628000+00:00,1,1,0,1,1,1
2026-09-09T22:54:24.482631875+00:00,1,0,0,1,1,1
2026-09-09T22:54:24.482634875+00:00,1,1,0,1,1,1
2026-09-09T22:54:24.482638750+00:00,1,0,0,1,1,1
2026-09-09T22:54:24.482641625+00:00,1,1,0,1,1,1
2026-09-09T22:54:24.482645750+00:00,1,0,0,1,1,1
2026-09-09T22:54:24.482648750+00:00,1,1,0,1,1,1
2026-09-09T22:54:24.482652625+00:00,1,0,0,1,1,1
2026-09-09T22:54:24.482655625+00:00,1,1,0,1,1,1
2026-09-09T22:54:24.482659375+00:00,1,0,0,1,1,1
2026-09-09T22:54:24.482662625+00:00,1,1,0,1,1,1
2026-09-09T22:54:24.482666500+00:00,1,0,0,1,1,1
2026-09-09T22:54:24.482669500+00:00,1,1,0,1,1,1
2026-09-09T22:54:24.482673250+00:00,1,0,0,1,1,1
2026-09-09T22:54:24.482676500+00:00,1,1,0,1,1,1
2026-09-09T22:54:24.482680375+00:00,1,0,0,1,1,1
2026-09-09T22:54:24.482683625+00:00,1,1,0,1,1,1
2026-09-09T22:54:24.482687500+00:00,1,0,0,1,1,1
2026-09-09T22:54:24.482690500+00:00,1,1,0,1,1,1
2026-09-09T22:54:24.482695875+00:00,1,0,0,1,1,1
2026-09-09T22:54:24.482698500+00:00,1,1,0,1,1,1
2026-09-09T22:54:24.482702750+00:00,1,0,0,1,1,1
2026-09-09T22:54:24.482705250+00:00,1,1,0,1,1,1
2026-09-09T22:54:24.482709125+00:00,1,0,0,1,1,1
2026-09-09T22:54:24.482711375+00:00,1,1,0,1,1,1
2026-09-09T22:54:24.482715125+00:00,1,0,0,1,1,1
2026-09-09T22:54:24.482718375+00:00,1,1,0,1,1,1
2026-09-09T22:54:24.482722375+00:00,1,0,0,1,1,1
2026-09-09T22:54:24.482725250+00:00,1,1,0,1,1,1
2026-09-09T22:54:24.482729250+00:00,1,0,0,1,1,1
2026-09-09T22:54:24.482732125+00:00,1,1,0,1,1,1
2026-09-09T22:54:24.482736000+00:00,1,0,0,1,1,1
2026-09-09T22:54:24.482739250+00:00,1,1,0,1,1,1
2026-09-09T22:54:24.482743125+00:00,1,0,0,1,1,1
2026-09-09T22:54:24.482746000+00:00,1,1,0,1,1,1
2026-09-09T22:54:24.482750250+00:00,1,0,0,1,1,1
2026-09-09T22:54:24.482753250+00:00,1,1,0,1,1,1
2026-09-09T22:54:24.482757375+00:00,1,0,0,1,1,1
2026-09-09T22:54:24.482760250+00:00,1,1,0,1,1,1
2026-09-09T22:54:24.482764125+00:00,1,0,0,1,1,1
2026-09-09T22:54:24.482767125+00:00,1,1,0,1,1,1
2026-09-09T22:54:24.482771000+00:00,1,0,0,1,1,1
2026-09-09T22:54:24.482774000+00:00,1,1,0,1,1,1
2026-09-09T22:54:24.482777875+00:00,1,0,0,1,1,1
2026-09-09T22:54:24.482781250+00:00,1,1,0,1,1,1
2026-09-09T22:54:24.482784750+00:00,1,0,0,1,1,1
2026-09-09T22:54:24.482788000+00:00,1,1,0,1,1,1
2026-09-09T22:54:24.482791875+00:00,1,0,0,1,1,1
2026-09-09T22:54:24.482794875+00:00,1,1,0,1,1,1
2026-09-09T22:54:24.482798750+00:00,1,0,0,1,1,1
2026-09-09T22:54:24.482802000+00:00,1,1,0,1,1,1
2026-09-09T22:54:24.482805875+00:00,1,0,0,1,1,1
2026-09-09T22:54:24.482808875+00:00,1,1,0,1,1,1
2026-09-09T22:54:24.482813000+00:00,1,0,0,1,1,1
2026-09-09T22:54:24.482815875+00:00,1,1,0,1,1,1
2026-09-09T22:54:24.482819750+00:00,1,0,0,1,1,1
2026-09-09T22:54:24.482822750+00:00,1,1,0,1,1,1
2026-09-09T22:54:24.482826500+00:00,1,0,0,1,1,1
2026-09-09T22:54:24.482829750+00:00,1,1,0,1,1,1
2026-09-09T22:54:24.482833750+00:00,1,0,0,1,1,1
2026-09-09T22:54:24.482836625+00:00,1,1,0,1,1,1
2026-09-09T22:54:24.482840500+00:00,1,0,0,1,1,1
2026-09-09T22:54:24.482843750+00:00,1,1,0,1,1,1
2026-09-09T22:54:24.482847625+00:00,1,0,0,1,1,1
2026-09-09T22:54:24.482850500+00:00,1,1,0,1,1,1
2026-09-09T22:54:24.482854500+00:00,1,0,0,1,1,1
2026-09-09T22:54:24.482857750+00:00,1,1,0,1,1,1
2026-09-09T22:54:24.482861500+00:00,1,0,0,1,1,1
2026-09-09T22:54:24.482864375+00:00,1,1,0,1,1,1
2026-09-09T22:54:24.482869000+00:00,1,0,0,1,1,1
2026-09-09T22:54:24.482871625+00:00,1,1,0,1,1,1
2026-09-09T22:54:24.482875625+00:00,1,0,0,1,1,1
2026-09-09T22:54:24.482878500+00:00,1,1,0,1,1,1
2026-09-09T22:54:24.482882375+00:00,1,0,0,1,1,1
2026-09-09T22:54:24.482885375+00:00,1,1,0,1,1,1
2026-09-09T22:54:24.482889250+00:00,1,0,0,1,1,1
2026-09-09T22:54:24.482892500+00:00,1,1,0,1,1,1
2026-09-09T22:54:24.482896500+00:00,1,0,0,1,1,1
2026-09-09T22:54:24.482899375+00:00,1,1,0,1,1,1
2026-09-09T22:54:24.482903250+00:00,1,0,0,1,1,1
2026-09-09T22:54:24.482906250+00:00,1,1,0,1,1,1
2026-09-09T22:54:24.482910000+00:00,1,0,0,1,1,1
2026-09-09T22:54:24.482913250+00:00,1,1,0,1,1,1
2026-09-09T22:54:24.482917125+00:00,1,0,0,1,1,1
2026-09-09T22:54:24.482920375+00:00,1,1,0,1,1,1
2026-09-09T22:54:24.482924500+00:00,1,0,0,1,1,1
2026-09-09T22:54:24.482927125+00:00,1,1,0,1,1,1
2026-09-09T22:54:24.482931000+00:00,1,0,0,1,1,1
2026-09-09T22:54:24.482934250+00:00,1,1,0,1,1,1
2026-09-09T22:54:24.482938125+00:00,1,0,0,1,1,1
2026-09-09T22:54:24.482941000+00:00,1,1,0,1,1,1
2026-09-09T22:54:24.482944875+00:00,1,0,0,1,1,1
2026-09-09T22:54:24.482948125+00:00,1,1,0,1,1,1
2026-09-09T22:54:24.482954000+00:00,1,0,0,1,1,1
2026-09-09T22:54:24.482957000+00:00,1,1,0,1,1,1
2026-09-09T22:54:24.482960875+00:00,1,0,0,1,1,1
2026-09-09T22:54:24.482964125+00:00,1,1,0,1,1,1
2026-09-09T22:54:24.482967875+00:00,1,0,0,1,1,1
2026-09-09T22:54:24.482970875+00:00,1,1,0,1,1,1
2026-09-09T22:54:24.482974625+00:00,1,0,0,1,1,1
2026-09-09T22:54:24.482976875+00:00,1,1,0,1,1,1
2026-09-09T22:54:24.482981125+00:00,1,0,0,1,1,1
2026-09-09T22:54:24.482983750+00:00,1,1,0,1,1,1
2026-09-09T22:54:24.482987500+00:00,1,0,0,1,1,1
2026-09-09T22:54:24.482989875+00:00,1,1,0,1,1,1
2026-09-09T22:54:24.482993750+00:00,1,0,0,1,1,1
2026-09-09T22:54:24.482996750+00:00,1,1,0,1,1,1
2026-09-09T22:54:24.483000625+00:00,1,0,0,1,1,1
2026-09-09T22:54:24.483003875+00:00,1,1,0,1,1,1
2026-09-09T22:54:24.483007625+00:00,1,0,0,1,1,1
2026-09-09T22:54:24.483010625+00:00,1,1,0,1,1,1
2026-09-09T22:54:24.483014500+00:00,1,0,0,1,1,1
2026-09-09T22:54:24.483017750+00:00,1,1,0,1,1,1
2026-09-09T22:54:24.483021625+00:00,1,0,0,1,1,1
2026-09-09T22:54:24.483024500+00:00,1,1,0,1,1,1
2026-09-09T22:54:24.483028625+00:00,1,0,0,1,1,1
2026-09-09T22:54:24.483031625+00:00,1,1,0,1,1,1
2026-09-09T22:54:24.483035750+00:00,1,0,0,1,1,1
2026-09-09T22:54:24.483040125+00:00,1,1,0,1,1,1
2026-09-09T22:54:24.483043625+00:00,1,0,0,1,1,1
2026-09-09T22:54:24.483046625+00:00,1,1,0,1,1,1
2026-09-09T22:54:24.483050500+00:00,1,0,0,1,1,1
2026-09-09T22:54:24.483053500+00:00,1,1,0,1,1,1
2026-09-09T22:54:24.483057250+00:00,1,0,0,1,1,1
2026-09-09T22:54:24.483060500+00:00,1,1,0,1,1,1
2026-09-09T22:54:24.483064375+00:00,1,0,0,1,1,1
2026-09-09T22:54:24.483067375+00:00,1,1,0,1,1,1
2026-09-09T22:54:24.483071125+00:00,1,0,0,1,1,1
2026-09-09T22:54:24.483074375+00:00,1,1,0,1,1,1
2026-09-09T22:54:24.483078375+00:00,1,0,0,1,1,1
2026-09-09T22:54:24.483081250+00:00,1,1,0,1,1,1
2026-09-09T22:54:24.483085125+00:00,1,0,0,1,1,1
2026-09-09T22:54:24.483088500+00:00,1,1,0,1,1,1
2026-09-09T22:54:24.483092625+00:00,1,0,0,1,1,1
2026-09-09T22:54:24.483095250+00:00,1,1,0,1,1,1
2026-09-09T22:54:24.483099125+00:00,1,0,0,1,1,1
2026-09-09T22:54:24.483102375+00:00,1,1,0,1,1,1
2026-09-09T22:54:24.483106125+00:00,1,0,0,1,1,1
2026-09-09T22:54:24.483109125+00:00,1,1,0,1,1,1
2026-09-09T22:54:24.483113250+00:00,1,0,0,1,1,1
2026-09-09T22:54:24.483116125+00:00,1,1,0,1,1,1
2026-09-09T22:54:24.483120000+00:00,1,0,0,1,1,1
2026-09-09T22:54:24.483123250+00:00,1,1,0,1,1,1
2026-09-09T22:54:24.483127500+00:00,1,0,0,1,1,1
2026-09-09T22:54:24.483130125+00:00,1,1,0,1,1,1
2026-09-09T22:54:24.483134000+00:00,1,0,0,1,1,1
2026-09-09T22:54:24.483137000+00:00,1,1,0,1,1,1
2026-09-09T22:54:24.483140750+00:00,1,0,0,1,1,1
2026-09-09T22:54:24.483143000+00:00,1,1,0,1,1,1
2026-09-09T22:54:24.483147250+00:00,1,0,0,1,1,1
2026-09-09T22:54:24.483149875+00:00,1,1,0,1,1,1
2026-09-09T22:54:24.483154125+00:00,1,0,0,1,1,1
2026-09-09T22:54:24.483157000+00:00,1,1,0,1,1,1
2026-09-09T22:54:24.483161000+00:00,1,0,0,1,1,1
2026-09-09T22:54:24.483163875+00:00,1,1,0,1,1,1
2026-09-09T22:54:24.483167750+00:00,1,0,0,1,1,1
2026-09-09T22:54:24.483170750+00:00,1,1,0,1,1,1
2026-09-09T22:54:24.483175000+00:00,1,0,0,1,1,1
2026-09-09T22:54:24.483177875+00:00,1,1,0,1,1,1
2026-09-09T22:54:24.483181750+00:00,1,0,0,1,1,1
2026-09-09T22:54:24.483185000+00:00,1,1,0,1,1,1
2026-09-09T22:54:24.483188750+00:00,1,0,0,1,1,1
2026-09-09T22:54:24.483191750+00:00,1,1,0,1,1,1
2026-09-09T22:54:24.483195500+00:00,1,0,0,1,1,1
2026-09-09T22:54:24.483198750+00:00,1,1,0,1,1,1
2026-09-09T22:54:24.483202875+00:00,1,0,0,1,1,1
2026-09-09T22:54:24.483205875+00:00,1,1,0,1,1,1
2026-09-09T22:54:24.483209750+00:00,1,0,0,1,1,1
2026-09-09T22:54:24.483213250+00:00,1,1,0,1,1,1
2026-09-09T22:54:24.483216375+00:00,1,0,0,1,1,1
2026-09-09T22:54:24.483219625+00:00,1,1,0,1,1,1
2026-09-09T22:54:24.483223500+00:00,1,0,0,1,1,1
2026-09-09T22:54:24.483226500+00:00,1,1,0,1,1,1
2026-09-09T22:54:24.483230375+00:00,1,0,0,1,1,1
2026-09-09T22:54:24.483233625+00:00,1,1,0,1,1,1
2026-09-09T22:54:24.483237500+00:00,1,0,0,1,1,1
2026-09-09T22:54:24.483240375+00:00,1,1,0,1,1,1
2026-09-09T22:54:24.483244500+00:00,1,0,0,1,1,1
2026-09-09T22:54:24.483247375+00:00,1,1,0,1,1,1
2026-09-09T22:54:24.483251375+00:00,1,0,0,1,1,1
2026-09-09T22:54:24.483254625+00:00,1,1,0,1,1,1
2026-09-09T22:54:24.483258875+00:00,1,0,0,1,1,1
2026-09-09T22:54:24.483261375+00:00,1,1,0,1,1,1
2026-09-09T22:54:24.483265250+00:00,1,0,0,1,1,1
2026-09-09T22:54:24.483268500+00:00,1,1,0,1,1,1
2026-09-09T22:54:24.483272375+00:00,1,0,0,1,1,1
2026-09-09T22:54:24.483275375+00:00,1,1,0,1,1,1
2026-09-09T22:54:24.483279125+00:00,1,0,0,1,1,1
2026-09-09T22:54:24.483282375+00:00,1,1,0,1,1,1
2026-09-09T22:54:24.483286250+00:00,1,0,0,1,1,1
2026-09-09T22:54:24.483289125+00:00,1,1,0,1,1,1
2026-09-09T22:54:24.483293000+00:00,1,0,0,1,1,1
2026-09-09T22:54:24.483296250+00:00,1,1,0,1,1,1
2026-09-09T22:54:24.483300000+00:00,1,0,0,1,1,1
2026-09-09T22:54:24.483303000+00:00,1,1,0,1,1,1
2026-09-09T22:54:24.483307250+00:00,1,0,0,1,1,1
2026-09-09T22:54:24.483310250+00:00,1,1,0,1,1,1
2026-09-09T22:54:24.483314375+00:00,1,0,0,1,1,1
2026-09-09T22:54:24.483317000+00:00,1,1,0,1,1,1
2026-09-09T22:54:24.483321000+00:00,1,0,0,1,1,1
2026-09-09T22:54:24.483324250+00:00,1,1,0,1,1,1
2026-09-09T22:54:24.483328125+00:00,1,0,0,1,1,1
2026-09-09T22:54:24.483331000+00:00,1,1,0,1,1,1
2026-09-09T22:54:24.483334875+00:00,1,0,0,1,1,1
2026-09-09T22:54:24.483338125+00:00,1,1,0,1,1,1
2026-09-09T22:54:24.483341875+00:00,1,0,0,1,1,1
2026-09-09T22:54:24.483344875+00:00,1,1,0,1,1,1
2026-09-09T22:54:24.483348625+00:00,1,0,0,1,1,1
2026-09-09T22:54:24.483351875+00:00,1,1,0,1,1,1
2026-09-09T22:54:24.483355875+00:00,1,0,0,1,1,1
2026-09-09T22:54:24.483358750+00:00,1,1,0,1,1,1
2026-09-09T22:54:24.483362625+00:00,1,0,0,1,1,1
2026-09-09T22:54:24.483365875+00:00,1,1,0,1,1,1
2026-09-09T22:54:24.483370000+00:00,1,0,0,1,1,1
2026-09-09T22:54:24.483372875+00:00,1,1,0,1,1,1
2026-09-09T22:54:24.483376750+00:00,1,0,0,1,1,1
2026-09-09T22:54:24.483379625+00:00,1,1,0,1,1,1
2026-09-09T22:54:24.483385000+00:00,1,0,0,1,1,1
2026-09-09T22:54:24.483387625+00:00,1,1,0,1,1,1
2026-09-09T22:54:24.483391750+00:00,1,0,0,1,1,1
2026-09-09T22:54:24.483394750+00:00,1,1,0,1,1,1
2026-09-09T22:54:24.483398625+00:00,1,0,0,1,1,1
2026-09-09T22:54:24.483401625+00:00,1,1,0,1,1,1
2026-09-09T22:54:24.483405500+00:00,1,0,0,1,1,1
2026-09-09T22:54:24.483408375+00:00,1,1,0,1,1,1
2026-09-09T22:54:24.483412625+00:00,1,0,0,1,1,1
2026-09-09T22:54:24.483415625+00:00,1,1,0,1,1,1
2026-09-09T22:54:24.483419375+00:00,1,0,0,1,1,1
2026-09-09T22:54:24.483422625+00:00,1,1,0,1,1,1
2026-09-09T22:54:24.483426875+00:00,1,0,0,1,1,1
2026-09-09T22:54:24.483429500+00:00,1,1,0,1,1,1
2026-09-09T22:54:24.483433375+00:00,1,0,0,1,1,1
2026-09-09T22:54:24.483436375+00:00,1,1,0,1,1,1
2026-09-09T22:54:24.483440125+00:00,1,0,0,1,1,1
2026-09-09T22:54:24.483442375+00:00,1,1,0,1,1,1
2026-09-09T22:54:24.483446375+00:00,1,0,0,1,1,1
2026-09-09T22:54:24.483449250+00:00,1,1,0,1,1,1
2026-09-09T22:54:24.483453000+00:00,1,0,0,1,1,1
2026-09-09T22:54:24.483455375+00:00,1,1,0,1,1,1
2026-09-09T22:54:24.483459250+00:00,1,0,0,1,1,1
2026-09-09T22:54:24.483462250+00:00,1,1,0,1,1,1
2026-09-09T22:54:24.483466000+00:00,1,0,0,1,1,1
2026-09-09T22:54:24.483468250+00:00,1,1,0,1,1,1
2026-09-09T22:54:24.483472625+00:00,1,0,0,1,1,1
2026-09-09T22:54:24.483475250+00:00,1,1,0,1,1,1
2026-09-09T22:54:24.483479375+00:00,1,0,0,1,1,1
2026-09-09T22:54:24.483482250+00:00,1,1,0,1,1,1
2026-09-09T22:54:24.483486125+00:00,1,0,0,1,1,1
2026-09-09T22:54:24.483489000+00:00,1,1,0,1,1,1
2026-09-09T22:54:24.483493000+00:00,1,0,0,1,1,1
2026-09-09T22:54:24.483496250+00:00,1,1,0,1,1,1
2026-09-09T22:54:24.483500125+00:00,1,0,0,1,1,1
2026-09-09T22:54:24.483503125+00:00,1,1,0,1,1,1
2026-09-09T22:54:24.483506875+00:00,1,0,0,1,1,1
2026-09-09T22:54:24.483510125+00:00,1,1,0,1,1,1
2026-09-09T22:54:24.483514000+00:00,1,0,0,1,1,1
2026-09-09T22:54:24.483516875+00:00,1,1,0,1,1,1
2026-09-09T22:54:24.483520750+00:00,1,0,0,1,1,1
2026-09-09T22:54:24.483524000+00:00,1,1,0,1,1,1
2026-09-09T22:54:24.483528000+00:00,1,0,0,1,1,1
2026-09-09T22:54:24.483530875+00:00,1,1,0,1,1,1
2026-09-09T22:54:24.483535000+00:00,1,0,0,1,1,1
2026-09-09T22:54:24.483537875+00:00,1,1,0,1,1,1
2026-09-09T22:54:24.483541875+00:00,1,0,0,1,1,1
2026-09-09T22:54:24.483544750+00:00,1,1,0,1,1,1
2026-09-09T22:54:24.483548750+00:00,1,0,0,1,1,1
2026-09-09T22:54:24.483552000+00:00,1,1,0,1,1,1
2026-09-09T22:54:24.483557250+00:00,1,0,0,1,1,1
2026-09-09T22:54:24.483559875+00:00,1,1,0,1,1,1
2026-09-09T22:54:24.483563750+00:00,1,0,0,1,1,1
2026-09-09T22:54:24.483566625+00:00,1,1,0,1,1,1
2026-09-09T22:54:24.483570500+00:00,1,0,0,1,1,1
2026-09-09T22:54:24.483573750+00:00,1,1,0,1,1,1
2026-09-09T22:54:24.483577625+00:00,1,0,0,1,1,1
2026-09-09T22:54:24.483580625+00:00,1,1,0,1,1,1
2026-09-09T22:54:24.483584375+00:00,1,0,0,1,1,1
2026-09-09T22:54:24.483587625+00:00,1,1,0,1,1,1
2026-09-09T22:54:24.483591750+00:00,1,0,0,1,1,1
2026-09-09T22:54:24.483594750+00:00,1,1,0,1,1,1
2026-09-09T22:54:24.483598500+00:00,1,0,0,1,1,1
2026-09-09T22:54:24.483601500+00:00,1,1,0,1,1,1
2026-09-09T22:54:24.483605250+00:00,1,0,0,1,1,1
2026-09-09T22:54:24.483607500+00:00,1,1,0,1,1,1
2026-09-09T22:54:24.483611500+00:00,1,0,0,1,1,1
2026-09-09T22:54:24.483614375+00:00,1,1,0,1,1,1
2026-09-09T22:54:24.483618250+00:00,1,0,0,1,1,1
2026-09-09T22:54:24.483621500+00:00,1,1,0,1,1,1
2026-09-09T22:54:24.483625250+00:00,1,0,0,1,1,1
2026-09-09T22:54:24.483628500+00:00,1,1,0,1,1,1
2026-09-09T22:54:24.483632500+00:00,1,0,0,1,1,1
2026-09-09T22:54:24.483635375+00:00,1,1,0,1,1,1
2026-09-09T22:54:24.483639250+00:00,1,0,0,1,1,1
2026-09-09T22:54:24.483643625+00:00,1,1,0,1,1,1
2026-09-09T22:54:24.483647500+00:00,1,0,0,1,1,1
2026-09-09T22:54:24.483650375+00:00,1,1,0,1,1,1
2026-09-09T22:54:24.483654125+00:00,1,0,0,1,1,1
2026-09-09T22:54:24.483657375+00:00,1,1,0,1,1,1
2026-09-09T22:54:24.483661250+00:00,1,0,0,1,1,1
2026-09-09T22:54:24.483664125+00:00,1,1,0,1,1,1
2026-09-09T22:54:24.483667875+00:00,1,0,0,1,1,1
2026-09-09T22:54:24.483670250+00:00,1,1,0,1,1,1
2026-09-09T22:54:24.483674125+00:00,1,0,0,1,1,1
2026-09-09T22:54:24.483677125+00:00,1,1,0,1,1,1
2026-09-09T22:54:24.483680875+00:00,1,0,0,1,1,1
2026-09-09T22:54:24.483683125+00:00,1,1,0,1,1,1
2026-09-09T22:54:24.483687000+00:00,1,0,0,1,1,1
2026-09-09T22:54:24.483690250+00:00,1,1,0,1,1,1
2026-09-09T22:54:24.483694000+00:00,1,0,0,1,1,1
2026-09-09T22:54:24.483696875+00:00,1,1,0,1,1,1
2026-09-09T22:54:24.483701500+00:00,1,0,0,1,1,1
2026-09-09T22:54:24.483704125+00:00,1,1,0,1,1,1
2026-09-09T22:54:24.483708000+00:00,1,0,0,1,1,1
2026-09-09T22:54:24.483710875+00:00,1,1,0,1,1,1
2026-09-09T22:54:24.483714750+00:00,1,0,0,1,1,1
2026-09-09T22:54:24.483718000+00:00,1,1,0,1,1,1
2026-09-09T22:54:24.483721875+00:00,1,0,0,1,1,1
2026-09-09T22:54:24.483724875+00:00,1,1,0,1,1,1
2026-09-09T22:54:24.483730750+00:00,1,0,0,1,1,1
2026-09-09T22:54:24.483734000+00:00,1,1,0,1,1,1
2026-09-09T22:54:24.483737750+00:00,1,0,0,1,1,1
2026-09-09T22:54:24.483740750+00:00,1,1,0,1,1,1
2026-09-09T22:54:24.483744625+00:00,1,0,0,1,1,1
2026-09-09T22:54:24.483747875+00:00,1,1,0,1,1,1
2026-09-09T22:54:24.483751750+00:00,1,0,0,1,1,1
2026-09-09T22:54:24.483754750+00:00,1,1,0,1,1,1
2026-09-09T22:54:24.483759000+00:00,1,0,0,1,1,1
2026-09-09T22:54:24.483761625+00:00,1,1,0,1,1,1
2026-09-09T22:54:24.483765750+00:00,1,0,0,1,1,1
2026-09-09T22:54:24.483768750+00:00,1,1,0,1,1,1
2026-09-09T22:54:24.483772625+00:00,1,0,0,1,1,1
2026-09-09T22:54:24.483775625+00:00,1,1,0,1,1,1
2026-09-09T22:54:24.483779375+00:00,1,0,0,1,1,1
2026-09-09T22:54:24.483782625+00:00,1,1,0,1,1,1
2026-09-09T22:54:24.483786375+00:00,1,0,0,1,1,1
2026-09-09T22:54:24.483789625+00:00,1,1,0,1,1,1
2026-09-09T22:54:24.483793625+00:00,1,0,0,1,1,1
2026-09-09T22:54:24.483796500+00:00,1,1,0,1,1,1
2026-09-09T22:54:24.483800500+00:00,1,0,0,1,1,1
2026-09-09T22:54:24.483803375+00:00,1,1,0,1,1,1
2026-09-09T22:54:24.483807250+00:00,1,0,0,1,1,1
2026-09-09T22:54:24.483810500+00:00,1,1,0,1,1,1
2026-09-09T22:54:24.483814625+00:00,1,0,0,1,1,1
2026-09-09T22:54:24.483820500+00:00,1,1,0,1,1,1
2026-09-09T22:54:24.483824250+00:00,1,0,0,1,1,1
2026-09-09T22:54:24.483827250+00:00,1,1,0,1,1,1
2026-09-09T22:54:24.483831000+00:00,1,0,0,1,1,1
2026-09-09T22:54:24.483834250+00:00,1,1,0,1,1,1
2026-09-09T22:54:24.483838250+00:00,1,0,0,1,1,1
2026-09-09T22:54:24.483841125+00:00,1,1,0,1,1,1
2026-09-09T22:54:24.483845000+00:00,1,0,0,1,1,1
2026-09-09T22:54:24.483847250+00:00,1,1,0,1,1,1
2026-09-09T22:54:24.483851125+00:00,1,0,0,1,1,1
2026-09-09T22:54:24.483854125+00:00,1,1,0,1,1,1
2026-09-09T22:54:24.483858000+00:00,1,0,0,1,1,1
2026-09-09T22:54:24.483861250+00:00,1,1,0,1,1,1
2026-09-09T22:54:24.483865125+00:00,1,0,0,1,1,1
2026-09-09T22:54:24.483868125+00:00,1,1,0,1,1,1
2026-09-09T22:54:24.483872250+00:00,1,0,0,1,1,1
2026-09-09T22:54:24.483875125+00:00,1,1,0,1,1,1
2026-09-09T22:54:24.483879000+00:00,1,0,0,1,1,1
2026-09-09T22:54:24.483882000+00:00,1,1,0,1,1,1
2026-09-09T22:54:24.483885875+00:00,1,0,0,1,1,1
2026-09-09T22:54:24.483889125+00:00,1,1,0,1,1,1
2026-09-09T22:54:24.483893000+00:00,1,0,0,1,1,1
2026-09-09T22:54:24.483896000+00:00,1,1,0,1,1,1
2026-09-09T22:54:24.483899750+00:00,1,0,0,1,1,1
2026-09-09T22:54:24.483903000+00:00,1,1,0,1,1,1
2026-09-09T22:54:24.483906875+00:00,1,0,0,1,1,1
2026-09-09T22:54:24.483909750+00:00,1,1,0,1,1,1
2026-09-09T22:54:24.483913750+00:00,1,0,0,1,1,1
2026-09-09T22:54:24.483917000+00:00,1,1,0,1,1,1
2026-09-09T22:54:24.483920750+00:00,1,0,0,1,1,1
2026-09-09T22:54:24.483923750+00:00,1,1,0,1,1,1
2026-09-09T22:54:24.483927875+00:00,1,0,0,1,1,1
2026-09-09T22:54:24.483930875+00:00,1,1,0,1,1,1
2026-09-09T22:54:24.483934750+00:00,1,0,0,1,1,1
2026-09-09T22:54:24.483937750+00:00,1,1,0,1,1,1
2026-09-09T22:54:24.483941500+00:00,1,0,0,1,1,1
2026-09-09T22:54:24.483944750+00:00,1,1,0,1,1,1
2026-09-09T22:54:24.483948750+00:00,1,0,0,1,1,1
2026-09-09T22:54:24.483951625+00:00,1,1,0,1,1,1
2026-09-09T22:54:24.483955500+00:00,1,0,0,1,1,1
2026-09-09T22:54:24.483958750+00:00,1,1,0,1,1,1
2026-09-09T22:54:24.483962625+00:00,1,0,0,1,1,1
2026-09-09T22:54:24.483965625+00:00,1,1,0,1,1,1
2026-09-09T22:54:24.483969375+00:00,1,0,0,1,1,1
2026-09-09T22:54:24.483972625+00:00,1,1,0,1,1,1
2026-09-09T22:54:24.483976500+00:00,1,0,0,1,1,1
2026-09-09T22:54:24.483979500+00:00,1,1,0,1,1,1
2026-09-09T22:54:24.483983625+00:00,1,0,0,1,1,1
2026-09-09T22:54:24.483986250+00:00,1,1,0,1,1,1
2026-09-09T22:54:24.483990500+00:00,1,0,0,1,1,1
2026-09-09T22:54:24.483993500+00:00,1,1,0,1,1,1
2026-09-09T22:54:24.483997375+00:00,1,0,0,1,1,1
2026-09-09T22:54:24.484000250+00:00,1,1,0,1,1,1
2026-09-09T22:54:24.484004250+00:00,1,0,0,1,1,1
2026-09-09T22:54:24.484007500+00:00,1,1,0,1,1,1
2026-09-09T22:54:24.484011250+00:00,1,0,0,1,1,1
2026-09-09T22:54:24.484014250+00:00,1,1,0,1,1,1
2026-09-09T22:54:24.484018125+00:00,1,0,0,1,1,1
2026-09-09T22:54:24.484021375+00:00,1,1,0,1,1,1
2026-09-09T22:54:24.484025250+00:00,1,0,0,1,1,1
2026-09-09T22:54:24.484028250+00:00,1,1,0,1,1,1
2026-09-09T22:54:24.484032125+00:00,1,0,0,1,1,1
2026-09-09T22:54:24.484035125+00:00,1,1,0,1,1,1
2026-09-09T22:54:24.484039125+00:00,1,0,0,1,1,1
2026-09-09T22:54:24.484042125+00:00,1,1,0,1,1,1
2026-09-09T22:54:24.484045875+00:00,1,0,0,1,1,1
2026-09-09T22:54:24.484049125+00:00,1,1,0,1,1,1
2026-09-09T22:54:24.484053125+00:00,1,0,0,1,1,1
2026-09-09T22:54:24.484056000+00:00,1,1,0,1,1,1
2026-09-09T22:54:24.484060000+00:00,1,0,0,1,1,1
2026-09-09T22:54:24.484062875+00:00,1,1,0,1,1,1
2026-09-09T22:54:24.484067125+00:00,1,0,0,1,1,1
2026-09-09T22:54:24.484070000+00:00,1,1,0,1,1,1
2026-09-09T22:54:24.484073875+00:00,1,0,0,1,1,1
2026-09-09T22:54:24.484077125+00:00,1,1,0,1,1,1
2026-09-09T22:54:24.484081000+00:00,1,0,0,1,1,1
2026-09-09T22:54:24.484083875+00:00,1,1,0,1,1,1
2026-09-09T22:54:24.484087875+00:00,1,0,0,1,1,1
2026-09-09T22:54:24.484090750+00:00,1,1,0,1,1,1
2026-09-09T22:54:24.484094875+00:00,1,0,0,1,1,1
2026-09-09T22:54:24.484097875+00:00,1,1,0,1,1,1
2026-09-09T22:54:24.484101625+00:00,1,0,0,1,1,1
2026-09-09T22:54:24.484104875+00:00,1,1,0,1,1,1
2026-09-09T22:54:24.484108750+00:00,1,0,0,1,1,1
2026-09-09T22:54:24.484111625+00:00,1,1,0,1,1,1
2026-09-09T22:54:24.484115500+00:00,1,0,0,1,1,1
2026-09-09T22:54:24.484118750+00:00,1,1,0,1,1,1
2026-09-09T22:54:24.484122625+00:00,1,0,0,1,1,1
2026-09-09T22:54:24.484125625+00:00,1,1,0,1,1,1
2026-09-09T22:54:24.484129500+00:00,1,0,0,1,1,1
2026-09-09T22:54:24.484132750+00:00,1,1,0,1,1,1
2026-09-09T22:54:24.484136500+00:00,1,0,0,1,1,1
2026-09-09T22:54:24.484139500+00:00,1,1,0,1,1,1
2026-09-09T22:54:24.484143625+00:00,1,0,0,1,1,1
2026-09-09T22:54:24.484146500+00:00,1,1,0,1,1,1
2026-09-09T22:54:24.484150750+00:00,1,0,0,1,1,1
2026-09-09T22:54:24.484153625+00:00,1,1,0,1,1,1
2026-09-09T22:54:24.484157500+00:00,1,0,0,1,1,1
2026-09-09T22:54:24.484160375+00:00,1,1,0,1,1,1
2026-09-09T22:54:24.484164250+00:00,1,0,0,1,1,1
2026-09-09T22:54:24.484167625+00:00,1,1,0,1,1,1
2026-09-09T22:54:24.484171500+00:00,1,0,0,1,1,1
2026-09-09T22:54:24.484174375+00:00,1,1,0,1,1,1
2026-09-09T22:54:24.484178250+00:00,1,0,0,1,1,1
2026-09-09T22:54:24.484181500+00:00,1,1,0,1,1,1
2026-09-09T22:54:24.484185250+00:00,1,0,0,1,1,1
2026-09-09T22:54:24.484188250+00:00,1,1,0,1,1,1
2026-09-09T22:54:24.484192000+00:00,1,0,0,1,1,1
2026-09-09T22:54:24.484195250+00:00,1,1,0,1,1,1
2026-09-09T22:54:24.484199250+00:00,1,0,0,1,1,1
2026-09-09T22:54:24.484202125+00:00,1,1,0,1,1,1
2026-09-09T22:54:24.484206375+00:00,1,0,0,1,1,1
2026-09-09T22:54:24.484209250+00:00,1,1,0,1,1,1
2026-09-09T22:54:24.484213125+00:00,1,0,0,1,1,1
2026-09-09T22:54:24.484216375+00:00,1,1,0,1,1,1
2026-09-09T22:54:24.484220125+00:00,1,0,0,1,1,1
2026-09-09T22:54:24.484223000+00:00,1,1,0,1,1,1
2026-09-09T22:54:24.484226875+00:00,1,0,0,1,1,1
2026-09-09T22:54:24.484230125+00:00,1,1,0,1,1,1
2026-09-09T22:54:24.484233875+00:00,1,0,0,1,1,1
2026-09-09T22:54:24.484237125+00:00,1,1,0,1,1,1
2026-09-09T22:54:24.484241125+00:00,1,0,0,1,1,1
2026-09-09T22:54:24.484244000+00:00,1,1,0,1,1,1
2026-09-09T22:54:24.484247875+00:00,1,0,0,1,1,1
2026-09-09T22:54:24.484250875+00:00,1,1,0,1,1,1
2026-09-09T22:54:24.484254625+00:00,1,0,0,1,1,1
2026-09-09T22:54:24.484257000+00:00,1,1,0,1,1,1
2026-09-09T22:54:24.484261125+00:00,1,0,0,1,1,1
2026-09-09T22:54:24.484263750+00:00,1,1,0,1,1,1
2026-09-09T22:54:24.484268000+00:00,1,0,0,1,1,1
2026-09-09T22:54:24.484271000+00:00,1,1,0,1,1,1
2026-09-09T22:54:24.484274750+00:00,1,0,0,1,1,1
2026-09-09T22:54:24.484278000+00:00,1,1,0,1,1,1
2026-09-09T22:54:24.484281750+00:00,1,0,0,1,1,1
2026-09-09T22:54:24.484284750+00:00,1,1,0,1,1,1
2026-09-09T22:54:24.484288625+00:00,1,0,0,1,1,1
2026-09-09T22:54:24.484291875+00:00,1,1,0,1,1,1
2026-09-09T22:54:24.484295875+00:00,1,0,0,1,1,1
2026-09-09T22:54:24.484298750+00:00,1,1,0,1,1,1
2026-09-09T22:54:24.484302625+00:00,1,0,0,1,1,1
2026-09-09T22:54:24.484305875+00:00,1,1,0,1,1,1
2026-09-09T22:54:24.484309750+00:00,1,0,0,1,1,1
2026-09-09T22:54:24.484312625+00:00,1,1,0,1,1,1
2026-09-09T22:54:24.484316875+00:00,1,0,0,1,1,1
2026-09-09T22:54:24.484319500+00:00,1,1,0,1,1,1
2026-09-09T22:54:24.484323250+00:00,1,0,0,1,1,1
2026-09-09T22:54:24.484325625+00:00,1,1,0,1,1,1
2026-09-09T22:54:24.484329375+00:00,1,0,0,1,1,1
2026-09-09T22:54:24.484332625+00:00,1,1,0,1,1,1
2026-09-09T22:54:24.484336375+00:00,1,0,0,1,1,1
2026-09-09T22:54:24.484339625+00:00,1,1,0,1,1,1
2026-09-09T22:54:24.484343500+00:00,1,0,0,1,1,1
2026-09-09T22:54:24.484346375+00:00,1,1,0,1,1,1
2026-09-09T22:54:24.484350375+00:00,1,0,0,1,1,1
2026-09-09T22:54:24.484353625+00:00,1,1,0,1,1,1
2026-09-09T22:54:24.484357500+00:00,1,0,0,1,1,1
2026-09-09T22:54:24.484360375+00:00,1,1,0,1,1,1
2026-09-09T22:54:24.484364375+00:00,1,0,0,1,1,1
2026-09-09T22:54:24.484367250+00:00,1,1,0,1,1,1
2026-09-09T22:54:24.484371375+00:00,1,0,0,1,1,1
2026-09-09T22:54:24.484374250+00:00,1,1,0,1,1,1
2026-09-09T22:54:24.484378250+00:00,1,0,0,1,1,1
2026-09-09T22:54:24.484381125+00:00,1,1,0,1,1,1
2026-09-09T22:54:24.484385250+00:00,1,0,0,1,1,1
2026-09-09T22:54:24.484388250+00:00,1,1,0,1,1,1
2026-09-09T22:54:24.484392125+00:00,1,0,0,1,1,1
2026-09-09T22:54:24.484395125+00:00,1,1,0,1,1,1
2026-09-09T22:54:24.484399250+00:00,1,0,0,1,1,1
2026-09-09T22:54:24.484402250+00:00,1,1,0,1,1,1
2026-09-09T22:54:24.484406125+00:00,1,0,0,1,1,1
2026-09-09T22:54:24.484409125+00:00,1,1,0,1,1,1
2026-09-09T22:54:24.484412875+00:00,1,0,0,1,1,1
2026-09-09T22:54:24.484416125+00:00,1,1,0,1,1,1
2026-09-09T22:54:24.484419875+00:00,1,0,0,1,1,1
2026-09-09T22:54:24.484423250+00:00,1,1,0,1,1,1
2026-09-09T22:54:24.484427375+00:00,1,0,0,1,1,1
2026-09-09T22:54:24.484430000+00:00,1,1,0,1,1,1
2026-09-09T22:54:24.484433875+00:00,1,0,0,1,1,1
2026-09-09T22:54:24.484437125+00:00,1,1,0,1,1,1
2026-09-09T22:54:24.484440875+00:00,1,0,0,1,1,1
2026-09-09T22:54:24.484444125+00:00,1,1,0,1,1,1
2026-09-09T22:54:24.484448000+00:00,1,0,0,1,1,1
2026-09-09T22:54:24.484451000+00:00,1,1,0,1,1,1
2026-09-09T22:54:24.484454875+00:00,1,0,0,1,1,1
2026-09-09T22:54:24.484457875+00:00,1,1,0,1,1,1
2026-09-09T22:54:24.484461750+00:00,1,0,0,1,1,1
2026-09-09T22:54:24.484465000+00:00,1,1,0,1,1,1
2026-09-09T22:54:24.484468750+00:00,1,0,0,1,1,1
2026-09-09T22:54:24.484471750+00:00,1,1,0,1,1,1
2026-09-09T22:54:24.484475500+00:00,1,0,0,1,1,1
2026-09-09T22:54:24.484478750+00:00,1,1,0,1,1,1
2026-09-09T22:54:24.484482875+00:00,1,0,0,1,1,1
2026-09-09T22:54:24.484485875+00:00,1,1,0,1,1,1
2026-09-09T22:54:24.484489750+00:00,1,0,0,1,1,1
2026-09-09T22:54:24.484492750+00:00,1,1,0,1,1,1
2026-09-09T22:54:24.484496625+00:00,1,0,0,1,1,1
2026-09-09T22:54:24.484499500+00:00,1,1,0,1,1,1
2026-09-09T22:54:24.484503375+00:00,1,0,0,1,1,1
2026-09-09T22:54:24.484505625+00:00,1,1,0,1,1,1
2026-09-09T22:54:24.484509500+00:00,1,0,0,1,1,1
2026-09-09T22:54:24.484512500+00:00,1,1,0,1,1,1
2026-09-09T22:54:24.484516375+00:00,1,0,0,1,1,1
2026-09-09T22:54:24.484519625+00:00,1,1,0,1,1,1
2026-09-09T22:54:24.484523500+00:00,1,0,0,1,1,1
2026-09-09T22:54:24.484526375+00:00,1,1,0,1,1,1
2026-09-09T22:54:24.484530250+00:00,1,0,0,1,1,1
2026-09-09T22:54:24.484532500+00:00,1,1,0,1,1,1
2026-09-09T22:54:24.484536750+00:00,1,0,0,1,1,1
2026-09-09T22:54:24.484539375+00:00,1,1,0,1,1,1
2026-09-09T22:54:24.484543250+00:00,1,0,0,1,1,1
2026-09-09T22:54:24.484546500+00:00,1,1,0,1,1,1
2026-09-09T22:54:24.484550250+00:00,1,0,0,1,1,1
2026-09-09T22:54:24.484553250+00:00,1,1,0,1,1,1
2026-09-09T22:54:24.484557500+00:00,1,0,0,1,1,1
2026-09-09T22:54:24.484560375+00:00,1,1,0,1,1,1
2026-09-09T22:54:24.484564375+00:00,1,0,0,1,1,1
2026-09-09T22:54:24.484567250+00:00,1,1,0,1,1,1
2026-09-09T22:54:24.484571125+00:00,1,0,0,1,1,1
2026-09-09T22:54:24.484574375+00:00,1,1,0,1,1,1
2026-09-09T22:54:24.484578250+00:00,1,0,0,1,1,1
2026-09-09T22:54:24.484581125+00:00,1,1,0,1,1,1
2026-09-09T22:54:24.484585000+00:00,1,0,0,1,1,1
2026-09-09T22:54:24.484588250+00:00,1,1,0,1,1,1
2026-09-09T22:54:24.484592375+00:00,1,0,0,1,1,1
2026-09-09T22:54:24.484595250+00:00,1,1,0,1,1,1
2026-09-09T22:54:24.484599125+00:00,1,0,0,1,1,1
2026-09-09T22:54:24.484602000+00:00,1,1,0,1,1,1
2026-09-09T22:54:24.484605875+00:00,1,0,0,1,1,1
2026-09-09T22:54:24.484609125+00:00,1,1,0,1,1,1
2026-09-09T22:54:24.484613000+00:00,1,0,0,1,1,1
2026-09-09T22:54:24.484615875+00:00,1,1,0,1,1,1
2026-09-09T22:54:24.484619875+00:00,1,0,0,1,1,1
2026-09-09T22:54:24.484623125+00:00,1,1,0,1,1,1
2026-09-09T22:54:24.484627000+00:00,1,0,0,1,1,1
2026-09-09T22:54:24.484630000+00:00,1,1,0,1,1,1
2026-09-09T22:54:24.484633750+00:00,1,0,0,1,1,1
2026-09-09T22:54:24.484637000+00:00,1,1,0,1,1,1
2026-09-09T22:54:24.484640875+00:00,1,0,0,1,1,1
2026-09-09T22:54:24.484643875+00:00,1,1,0,1,1,1
2026-09-09T22:54:24.484647875+00:00,1,0,0,1,1,1
2026-09-09T22:54:24.484650875+00:00,1,1,0,1,1,1
2026-09-09T22:54:24.484654750+00:00,1,0,0,1,1,1
2026-09-09T22:54:24.484657750+00:00,1,1,0,1,1,1
2026-09-09T22:54:24.484661625+00:00,1,0,0,1,1,1
2026-09-09T22:54:24.484664875+00:00,1,1,0,1,1,1
2026-09-09T22:54:24.484668750+00:00,1,0,0,1,1,1
2026-09-09T22:54:24.484671625+00:00,1,1,0,1,1,1
2026-09-09T22:54:24.484675500+00:00,1,0,0,1,1,1
2026-09-09T22:54:24.484678750+00:00,1,1,0,1,1,1
2026-09-09T22:54:24.484682625+00:00,1,0,0,1,1,1
2026-09-09T22:54:24.484685500+00:00,1,1,0,1,1,1
2026-09-09T22:54:24.484689375+00:00,1,0,0,1,1,1
2026-09-09T22:54:24.484692625+00:00,1,1,0,1,1,1
2026-09-09T22:54:24.484696500+00:00,1,0,0,1,1,1
2026-09-09T22:54:24.484699500+00:00,1,1,0,1,1,1
2026-09-09T22:54:24.484703625+00:00,1,0,0,1,1,1
2026-09-09T22:54:24.484706500+00:00,1,1,0,1,1,1
2026-09-09T22:54:24.484710375+00:00,1,0,0,1,1,1
2026-09-09T22:54:24.484713375+00:00,1,1,0,1,1,1
2026-09-09T22:54:24.484717625+00:00,1,0,0,1,1,1
2026-09-09T22:54:24.484720500+00:00,1,1,0,1,1,1
2026-09-09T22:54:24.484724500+00:00,1,0,0,1,1,1
2026-09-09T22:54:24.484727375+00:00,1,1,0,1,1,1
2026-09-09T22:54:24.484731125+00:00,1,0,0,1,1,1
2026-09-09T22:54:24.484734375+00:00,1,1,0,1,1,1
2026-09-09T22:54:24.484738375+00:00,1,0,0,1,1,1
2026-09-09T22:54:24.484741250+00:00,1,1,0,1,1,1
2026-09-09T22:54:24.484745250+00:00,1,0,0,1,1,1
2026-09-09T22:54:24.484748500+00:00,1,1,0,1,1,1
2026-09-09T22:54:24.484752375+00:00,1,0,0,1,1,1
2026-09-09T22:54:24.484755250+00:00,1,1,0,1,1,1
2026-09-09T22:54:24.484759375+00:00,1,0,0,1,1,1
2026-09-09T22:54:24.484762375+00:00,1,1,0,1,1,1
2026-09-09T22:54:24.484766125+00:00,1,0,0,1,1,1
2026-09-09T22:54:24.484769125+00:00,1,1,0,1,1,1
2026-09-09T22:54:24.484773000+00:00,1,0,0,1,1,1
2026-09-09T22:54:24.484776250+00:00,1,1,0,1,1,1
2026-09-09T22:54:24.484780125+00:00,1,0,0,1,1,1
2026-09-09T22:54:24.484783125+00:00,1,1,0,1,1,1
2026-09-09T22:54:24.484787000+00:00,1,0,0,1,1,1
2026-09-09T22:54:24.484790000+00:00,1,1,0,1,1,1
2026-09-09T22:54:24.484793750+00:00,1,0,0,1,1,1
2026-09-09T22:54:24.484796000+00:00,1,1,0,1,1,1
2026-09-09T22:54:24.484799875+00:00,1,0,0,1,1,1
2026-09-09T22:54:24.484803125+00:00,1,1,0,1,1,1
2026-09-09T22:54:24.484806875+00:00,1,0,0,1,1,1
2026-09-09T22:54:24.484810125+00:00,1,1,0,1,1,1
2026-09-09T22:54:24.484814375+00:00,1,0,0,1,1,1
2026-09-09T22:54:24.484817000+00:00,1,1,0,1,1,1
2026-09-09T22:54:24.484820875+00:00,1,0,0,1,1,1
2026-09-09T22:54:24.484823875+00:00,1,1,0,1,1,1
2026-09-09T22:54:24.484827750+00:00,1,0,0,1,1,1
2026-09-09T22:54:24.484831000+00:00,1,1,0,1,1,1
2026-09-09T22:54:24.484834875+00:00,1,0,0,1,1,1
2026-09-09T22:54:24.484837875+00:00,1,1,0,1,1,1
2026-09-09T22:54:24.484841625+00:00,1,0,0,1,1,1
2026-09-09T22:54:24.484844875+00:00,1,1,0,1,1,1
2026-09-09T22:54:24.484848625+00:00,1,0,0,1,1,1
2026-09-09T22:54:24.484851625+00:00,1,1,0,1,1,1
2026-09-09T22:54:24.484855875+00:00,1,0,0,1,1,1
2026-09-09T22:54:24.484858750+00:00,1,1,0,1,1,1
2026-09-09T22:54:24.484862750+00:00,1,0,0,1,1,1
2026-09-09T22:54:24.484865625+00:00,1,1,0,1,1,1
2026-09-09T22:54:24.484869750+00:00,1,0,0,1,1,1
2026-09-09T22:54:24.484872625+00:00,1,1,0,1,1,1
2026-09-09T22:54:24.484876500+00:00,1,0,0,1,1,1
2026-09-09T22:54:24.484879750+00:00,1,1,0,1,1,1
2026-09-09T22:54:24.484883500+00:00,1,0,0,1,1,1
2026-09-09T22:54:24.484886500+00:00,1,1,0,1,1,1
2026-09-09T22:54:24.484890375+00:00,1,0,0,1,1,1
2026-09-09T22:54:24.484893625+00:00,1,1,0,1,1,1
2026-09-09T22:54:24.484897500+00:00,1,0,0,1,1,1
2026-09-09T22:54:24.484900375+00:00,1,1,0,1,1,1
2026-09-09T22:54:24.484904250+00:00,1,0,0,1,1,1
2026-09-09T22:54:24.484907500+00:00,1,1,0,1,1,1
2026-09-09T22:54:24.484911250+00:00,1,0,0,1,1,1
2026-09-09T22:54:24.484914500+00:00,1,1,0,1,1,1
2026-09-09T22:54:24.484918500+00:00,1,0,0,1,1,1
2026-09-09T22:54:24.484921375+00:00,1,1,0,1,1,1
2026-09-09T22:54:24.484925625+00:00,1,0,0,1,1,1
2026-09-09T22:54:24.484928250+00:00,1,1,0,1,1,1
2026-09-09T22:54:24.484932125+00:00,1,0,0,1,1,1
2026-09-09T22:54:24.484935375+00:00,1,1,0,1,1,1
2026-09-09T22:54:24.484939125+00:00,1,0,0,1,1,1
2026-09-09T22:54:24.484942625+00:00,1,1,0,1,1,1
2026-09-09T22:54:24.484946125+00:00,1,0,0,1,1,1
2026-09-09T22:54:24.484949125+00:00,1,1,0,1,1,1
2026-09-09T22:54:24.484953000+00:00,1,0,0,1,1,1
2026-09-09T22:54:24.484956250+00:00,1,1,0,1,1,1
2026-09-09T22:54:24.484960250+00:00,1,0,0,1,1,1
2026-09-09T22:54:24.484963125+00:00,1,1,0,1,1,1
2026-09-09T22:54:24.484967000+00:00,1,0,0,1,1,1
2026-09-09T22:54:24.484970250+00:00,1,1,0,1,1,1
2026-09-09T22:54:24.484974000+00:00,1,0,0,1,1,1
2026-09-09T22:54:24.484977000+00:00,1,1,0,1,1,1
2026-09-09T22:54:24.484981375+00:00,1,0,0,1,1,1
2026-09-09T22:54:24.484984000+00:00,1,1,0,1,1,1
2026-09-09T22:54:24.484987875+00:00,1,0,0,1,1,1
2026-09-09T22:54:24.484991125+00:00,1,1,0,1,1,1
2026-09-09T22:54:24.484995125+00:00,1,0,0,1,1,1
2026-09-09T22:54:24.484998000+00:00,1,1,0,1,1,1
2026-09-09T22:54:24.485001875+00:00,1,0,0,1,1,1
2026-09-09T22:54:24.485004875+00:00,1,1,0,1,1,1
2026-09-09T22:54:24.485008750+00:00,1,0,0,1,1,1
2026-09-09T22:54:24.485012000+00:00,1,1,0,1,1,1
2026-09-09T22:54:24.485015875+00:00,1,0,0,1,1,1
2026-09-09T22:54:24.485018750+00:00,1,1,0,1,1,1
2026-09-09T22:54:24.485022750+00:00,1,0,0,1,1,1
2026-09-09T22:54:24.485026000+00:00,1,1,0,1,1,1
2026-09-09T22:54:24.485029875+00:00,1,0,0,1,1,1
2026-09-09T22:54:24.485032750+00:00,1,1,0,1,1,1
2026-09-09T22:54:24.485037000+00:00,1,0,0,1,1,1
2026-09-09T22:54:24.485039625+00:00,1,1,0,1,1,1
2026-09-09T22:54:24.485043500+00:00,1,0,0,1,1,1
2026-09-09T22:54:24.485046750+00:00,1,1,0,1,1,1
2026-09-09T22:54:24.485050625+00:00,1,0,0,1,1,1
2026-09-09T22:54:24.485053500+00:00,1,1,0,1,1,1
2026-09-09T22:54:24.485057500+00:00,1,0,0,1,1,1
2026-09-09T22:54:24.485060750+00:00,1,1,0,1,1,1
2026-09-09T22:54:24.485064625+00:00,1,0,0,1,1,1
2026-09-09T22:54:24.485067625+00:00,1,1,0,1,1,1
2026-09-09T22:54:24.485071500+00:00,1,0,0,1,1,1
2026-09-09T22:54:24.485074375+00:00,1,1,0,1,1,1
2026-09-09T22:54:24.485078625+00:00,1,0,0,1,1,1
2026-09-09T22:54:24.485081625+00:00,1,1,0,1,1,1
2026-09-09T22:54:24.485085500+00:00,1,0,0,1,1,1
2026-09-09T22:54:24.485088500+00:00,1,1,0,1,1,1
2026-09-09T22:54:24.485092625+00:00,1,0,0,1,1,1
2026-09-09T22:54:24.485095625+00:00,1,1,0,1,1,1
2026-09-09T22:54:24.485099500+00:00,1,0,0,1,1,1
2026-09-09T22:54:24.485102500+00:00,1,1,0,1,1,1
2026-09-09T22:54:24.485106375+00:00,1,0,0,1,1,1
2026-09-09T22:54:24.485109250+00:00,1,1,0,1,1,1
2026-09-09T22:54:24.485113250+00:00,1,0,0,1,1,1
2026-09-09T22:54:24.485116500+00:00,1,1,0,1,1,1
2026-09-09T22:54:24.485120375+00:00,1,0,0,1,1,1
2026-09-09T22:54:24.485123375+00:00,1,1,0,1,1,1
2026-09-09T22:54:24.485127250+00:00,1,0,0,1,1,1
2026-09-09T22:54:24.485130125+00:00,1,1,0,1,1,1
2026-09-09T22:54:24.485134125+00:00,1,0,0,1,1,1
2026-09-09T22:54:24.485137375+00:00,1,1,0,1,1,1
2026-09-09T22:54:24.485141250+00:00,1,0,0,1,1,1
2026-09-09T22:54:24.485144250+00:00,1,1,0,1,1,1
2026-09-09T22:54:24.485148375+00:00,1,0,0,1,1,1
2026-09-09T22:54:24.485151000+00:00,1,1,0,1,1,1
2026-09-09T22:54:24.485155250+00:00,1,0,0,1,1,1
2026-09-09T22:54:24.485158250+00:00,1,1,0,1,1,1
2026-09-09T22:54:24.485162000+00:00,1,0,0,1,1,1
2026-09-09T22:54:24.485165250+00:00,1,1,0,1,1,1
2026-09-09T22:54:24.485169000+00:00,1,0,0,1,1,1
2026-09-09T22:54:24.485172000+00:00,1,1,0,1,1,1
2026-09-09T22:54:24.485175875+00:00,1,0,0,1,1,1
2026-09-09T22:54:24.485179125+00:00,1,1,0,1,1,1
2026-09-09T22:54:24.485183000+00:00,1,0,0,1,1,1
2026-09-09T22:54:24.485186000+00:00,1,1,0,1,1,1
2026-09-09T22:54:24.485189750+00:00,1,0,0,1,1,1
2026-09-09T22:54:24.485193125+00:00,1,1,0,1,1,1
2026-09-09T22:54:24.485197000+00:00,1,0,0,1,1,1
2026-09-09T22:54:24.485199875+00:00,1,1,0,1,1,1
2026-09-09T22:54:24.485204125+00:00,1,0,0,1,1,1
2026-09-09T22:54:24.485206750+00:00,1,1,0,1,1,1
2026-09-09T22:54:24.485211000+00:00,1,0,0,1,1,1
2026-09-09T22:54:24.485213875+00:00,1,1,0,1,1,1
2026-09-09T22:54:24.485217750+00:00,1,0,0,1,1,1
2026-09-09T22:54:24.485221000+00:00,1,1,0,1,1,1
2026-09-09T22:54:24.485224750+00:00,1,0,0,1,1,1
2026-09-09T22:54:24.485227625+00:00,1,1,0,1,1,1
2026-09-09T22:54:24.485231625+00:00,1,0,0,1,1,1
2026-09-09T22:54:24.485234875+00:00,1,1,0,1,1,1
2026-09-09T22:54:24.485238625+00:00,1,0,0,1,1,1
2026-09-09T22:54:24.485241625+00:00,1,1,0,1,1,1
2026-09-09T22:54:24.485245500+00:00,1,0,0,1,1,1
2026-09-09T22:54:24.485248750+00:00,1,1,0,1,1,1
2026-09-09T22:54:24.485252625+00:00,1,0,0,1,1,1
2026-09-09T22:54:24.485255625+00:00,1,1,0,1,1,1
2026-09-09T22:54:24.485259875+00:00,1,0,0,1,1,1
2026-09-09T22:54:24.485262375+00:00,1,1,0,1,1,1
2026-09-09T22:54:24.485266625+00:00,1,0,0,1,1,1
2026-09-09T22:54:24.485269625+00:00,1,1,0,1,1,1
2026-09-09T22:54:24.485273500+00:00,1,0,0,1,1,1
2026-09-09T22:54:24.485276500+00:00,1,1,0,1,1,1
2026-09-09T22:54:24.485280375+00:00,1,0,0,1,1,1
2026-09-09T22:54:24.485283250+00:00,1,1,0,1,1,1
2026-09-09T22:54:24.485287500+00:00,1,0,0,1,1,1
2026-09-09T22:54:24.485290500+00:00,1,1,0,1,1,1
2026-09-09T22:54:24.485294250+00:00,1,0,0,1,1,1
2026-09-09T22:54:24.485297500+00:00,1,1,0,1,1,1
2026-09-09T22:54:24.485301500+00:00,1,0,0,1,1,1
2026-09-09T22:54:24.485304375+00:00,1,1,0,1,1,1
2026-09-09T22:54:24.485308250+00:00,1,0,0,1,1,1
2026-09-09T22:54:24.485311250+00:00,1,1,0,1,1,1
2026-09-09T22:54:24.485315375+00:00,1,0,0,1,1,1
2026-09-09T22:54:24.485318250+00:00,1,1,0,1,1,1
2026-09-09T22:54:24.485322125+00:00,1,0,0,1,1,1
2026-09-09T22:54:24.485325125+00:00,1,1,0,1,1,1
2026-09-09T22:54:24.485329000+00:00,1,0,0,1,1,1
2026-09-09T22:54:24.485332250+00:00,1,1,0,1,1,1
2026-09-09T22:54:24.485336250+00:00,1,0,0,1,1,1
2026-09-09T22:54:24.485339125+00:00,1,1,0,1,1,1
2026-09-09T22:54:24.485343000+00:00,1,0,0,1,1,1
2026-09-09T22:54:24.485346250+00:00,1,1,0,1,1,1
2026-09-09T22:54:24.485350125+00:00,1,0,0,1,1,1
2026-09-09T22:54:24.485353000+00:00,1,1,0,1,1,1
2026-09-09T22:54:24.485356875+00:00,1,0,0,1,1,1
2026-09-09T22:54:24.485360125+00:00,1,1,0,1,1,1
2026-09-09T22:54:24.485363875+00:00,1,0,0,1,1,1
2026-09-09T22:54:24.485366875+00:00,1,1,0,1,1,1
2026-09-09T22:54:24.485371375+00:00,1,0,0,1,1,1
2026-09-09T22:54:24.485374000+00:00,1,1,0,1,1,1
2026-09-09T22:54:24.485377875+00:00,1,0,0,1,1,1
2026-09-09T22:54:24.485380875+00:00,1,1,0,1,1,1
2026-09-09T22:54:24.485384625+00:00,1,0,0,1,1,1
2026-09-09T22:54:24.485387875+00:00,1,1,0,1,1,1
2026-09-09T22:54:24.485391750+00:00,1,0,0,1,1,1
2026-09-09T22:54:24.485395000+00:00,1,1,0,1,1,1
2026-09-09T22:54:24.485398875+00:00,1,0,0,1,1,1
2026-09-09T22:54:24.485401750+00:00,1,1,0,1,1,1
2026-09-09T22:54:24.485405625+00:00,1,0,0,1,1,1
2026-09-09T22:54:24.485408875+00:00,1,1,0,1,1,1
2026-09-09T22:54:24.485412625+00:00,1,0,0,1,1,1
2026-09-09T22:54:24.485415875+00:00,1,1,0,1,1,1
2026-09-09T22:54:24.485419875+00:00,1,0,0,1,1,1
2026-09-09T22:54:24.485422750+00:00,1,1,0,1,1,1
2026-09-09T22:54:24.485427000+00:00,1,0,0,1,1,1
2026-09-09T22:54:24.485429625+00:00,1,1,0,1,1,1
2026-09-09T22:54:24.485433500+00:00,1,0,0,1,1,1
2026-09-09T22:54:24.485436750+00:00,1,1,0,1,1,1
2026-09-09T22:54:24.485440625+00:00,1,0,0,1,1,1
2026-09-09T22:54:24.485443625+00:00,1,1,0,1,1,1
2026-09-09T22:54:24.485447500+00:00,1,0,0,1,1,1
2026-09-09T22:54:24.485450500+00:00,1,1,0,1,1,1
2026-09-09T22:54:24.485454250+00:00,1,0,0,1,1,1
2026-09-09T22:54:24.485456500+00:00,1,1,0,1,1,1
2026-09-09T22:54:24.485460250+00:00,1,0,0,1,1,1
2026-09-09T22:54:24.485463625+00:00,1,1,0,1,1,1
2026-09-09T22:54:24.485467500+00:00,1,0,0,1,1,1
2026-09-09T22:54:24.485470375+00:00,1,1,0,1,1,1
2026-09-09T22:54:24.485474375+00:00,1,0,0,1,1,1
2026-09-09T22:54:24.485477250+00:00,1,1,0,1,1,1
2026-09-09T22:54:24.485481750+00:00,1,0,0,1,1,1
2026-09-09T22:54:24.485484375+00:00,1,1,0,1,1,1
2026-09-09T22:54:24.485488375+00:00,1,0,0,1,1,1
2026-09-09T22:54:24.485491250+00:00,1,1,0,1,1,1
2026-09-09T22:54:24.485495000+00:00,1,0,0,1,1,1
2026-09-09T22:54:24.485498375+00:00,1,1,0,1,1,1
2026-09-09T22:54:24.485502125+00:00,1,0,0,1,1,1
2026-09-09T22:54:24.485505375+00:00,1,1,0,1,1,1
2026-09-09T22:54:24.485509250+00:00,1,0,0,1,1,1
2026-09-09T22:54:24.485512250+00:00,1,1,0,1,1,1
2026-09-09T22:54:24.485516000+00:00,1,0,0,1,1,1
2026-09-09T22:54:24.485519250+00:00,1,1,0,1,1,1
2026-09-09T22:54:24.485523250+00:00,1,0,0,1,1,1
2026-09-09T22:54:24.485526125+00:00,1,1,0,1,1,1
2026-09-09T22:54:24.485530000+00:00,1,0,0,1,1,1
2026-09-09T22:54:24.485533000+00:00,1,1,0,1,1,1
2026-09-09T22:54:24.485537500+00:00,1,0,0,1,1,1
2026-09-09T22:54:24.485540125+00:00,1,1,0,1,1,1
2026-09-09T22:54:24.485543875+00:00,1,0,0,1,1,1
2026-09-09T22:54:24.485547125+00:00,1,1,0,1,1,1
2026-09-09T22:54:24.485551125+00:00,1,0,0,1,1,1
2026-09-09T22:54:24.485554000+00:00,1,1,0,1,1,1
2026-09-09T22:54:24.485558000+00:00,1,0,0,1,1,1
2026-09-09T22:54:24.485560875+00:00,1,1,0,1,1,1
2026-09-09T22:54:24.485564625+00:00,1,0,0,1,1,1
2026-09-09T22:54:24.485567875+00:00,1,1,0,1,1,1
2026-09-09T22:54:24.485571875+00:00,1,0,0,1,1,1
2026-09-09T22:54:24.485574750+00:00,1,1,0,1,1,1
2026-09-09T22:54:24.485578750+00:00,1,0,0,1,1,1
2026-09-09T22:54:24.485582000+00:00,1,1,0,1,1,1
2026-09-09T22:54:24.485585875+00:00,1,0,0,1,1,1
2026-09-09T22:54:24.485588750+00:00,1,1,0,1,1,1
2026-09-09T22:54:24.485593000+00:00,1,0,0,1,1,1
2026-09-09T22:54:24.485595625+00:00,1,1,0,1,1,1
2026-09-09T22:54:24.485599750+00:00,1,0,0,1,1,1
2026-09-09T22:54:24.485602625+00:00,1,1,0,1,1,1
2026-09-09T22:54:24.485606500+00:00,1,0,0,1,1,1
2026-09-09T22:54:24.485609750+00:00,1,1,0,1,1,1
2026-09-09T22:54:24.485613500+00:00,1,0,0,1,1,1
2026-09-09T22:54:24.485616750+00:00,1,1,0,1,1,1
2026-09-09T22:54:24.485620500+00:00,1,0,0,1,1,1
2026-09-09T22:54:24.485623500+00:00,1,1,0,1,1,1
2026-09-09T22:54:24.485627625+00:00,1,0,0,1,1,1
2026-09-09T22:54:24.485630500+00:00,1,1,0,1,1,1
2026-09-09T22:54:24.485634500+00:00,1,0,0,1,1,1
2026-09-09T22:54:24.485637750+00:00,1,1,0,1,1,1
2026-09-09T22:54:24.485641625+00:00,1,0,0,1,1,1
2026-09-09T22:54:24.485644625+00:00,1,1,0,1,1,1
2026-09-09T22:54:24.485648625+00:00,1,0,0,1,1,1
2026-09-09T22:54:24.485651625+00:00,1,1,0,1,1,1
2026-09-09T22:54:24.485655500+00:00,1,0,0,1,1,1
2026-09-09T22:54:24.485658500+00:00,1,1,0,1,1,1
2026-09-09T22:54:24.485662250+00:00,1,0,0,1,1,1
2026-09-09T22:54:24.485665500+00:00,1,1,0,1,1,1
2026-09-09T22:54:24.485669375+00:00,1,0,0,1,1,1
2026-09-09T22:54:24.485672250+00:00,1,1,0,1,1,1
2026-09-09T22:54:24.485676125+00:00,1,0,0,1,1,1
2026-09-09T22:54:24.485679375+00:00,1,1,0,1,1,1
2026-09-09T22:54:24.485683125+00:00,1,0,0,1,1,1
2026-09-09T22:54:24.485686375+00:00,1,1,0,1,1,1
2026-09-09T22:54:24.485690375+00:00,1,0,0,1,1,1
2026-09-09T22:54:24.485693250+00:00,1,1,0,1,1,1
2026-09-09T22:54:24.485697125+00:00,1,0,0,1,1,1
2026-09-09T22:54:24.485700375+00:00,1,1,0,1,1,1
2026-09-09T22:54:24.485704375+00:00,1,0,0,1,1,1
2026-09-09T22:54:24.485707000+00:00,1,1,0,1,1,1
2026-09-09T22:54:24.485711000+00:00,1,0,0,1,1,1
2026-09-09T22:54:24.485714250+00:00,1,1,0,1,1,1
2026-09-09T22:54:24.485718000+00:00,1,0,0,1,1,1
2026-09-09T22:54:24.485721000+00:00,1,1,0,1,1,1
2026-09-09T22:54:24.485725250+00:00,1,0,0,1,1,1
2026-09-09T22:54:24.485728125+00:00,1,1,0,1,1,1
2026-09-09T22:54:24.485732000+00:00,1,0,0,1,1,1
2026-09-09T22:54:24.485734875+00:00,1,1,0,1,1,1
2026-09-09T22:54:24.485739000+00:00,1,0,0,1,1,1
2026-09-09T22:54:24.485742000+00:00,1,1,0,1,1,1
2026-09-09T22:54:24.485745750+00:00,1,0,0,1,1,1
2026-09-09T22:54:24.485749000+00:00,1,1,0,1,1,1
2026-09-09T22:54:24.485752875+00:00,1,0,0,1,1,1
2026-09-09T22:54:24.485755875+00:00,1,1,0,1,1,1
2026-09-09T22:54:24.485760000+00:00,1,0,0,1,1,1
2026-09-09T22:54:24.485762875+00:00,1,1,0,1,1,1
2026-09-09T22:54:24.485766750+00:00,1,0,0,1,1,1
2026-09-09T22:54:24.485770000+00:00,1,1,0,1,1,1
2026-09-09T22:54:24.485773750+00:00,1,0,0,1,1,1
2026-09-09T22:54:24.485776750+00:00,1,1,0,1,1,1
2026-09-09T22:54:24.485780625+00:00,1,0,0,1,1,1
2026-09-09T22:54:24.485783875+00:00,1,1,0,1,1,1
2026-09-09T22:54:24.485787750+00:00,1,0,0,1,1,1
2026-09-09T22:54:24.485790750+00:00,1,1,0,1,1,1
2026-09-09T22:54:24.485794625+00:00,1,0,0,1,1,1
2026-09-09T22:54:24.485797625+00:00,1,1,0,1,1,1
2026-09-09T22:54:24.485801500+00:00,1,0,0,1,1,1
2026-09-09T22:54:24.485804750+00:00,1,1,0,1,1,1
2026-09-09T22:54:24.485808625+00:00,1,0,0,1,1,1
2026-09-09T22:54:24.485811625+00:00,1,1,0,1,1,1
2026-09-09T22:54:24.485815875+00:00,1,0,0,1,1,1
2026-09-09T22:54:24.485818500+00:00,1,1,0,1,1,1
2026-09-09T22:54:24.485822500+00:00,1,0,0,1,1,1
2026-09-09T22:54:24.485825500+00:00,1,1,0,1,1,1
2026-09-09T22:54:24.485829250+00:00,1,0,0,1,1,1
2026-09-09T22:54:24.485832500+00:00,1,1,0,1,1,1
2026-09-09T22:54:24.485836500+00:00,1,0,0,1,1,1
2026-09-09T22:54:24.485839375+00:00,1,1,0,1,1,1
2026-09-09T22:54:24.485843125+00:00,1,0,0,1,1,1
2026-09-09T22:54:24.485846500+00:00,1,1,0,1,1,1
2026-09-09T22:54:24.485850250+00:00,1,0,0,1,1,1
2026-09-09T22:54:24.485853500+00:00,1,1,0,1,1,1
2026-09-09T22:54:24.485857375+00:00,1,0,0,1,1,1
2026-09-09T22:54:24.485860375+00:00,1,1,0,1,1,1
2026-09-09T22:54:24.485864250+00:00,1,0,0,1,1,1
2026-09-09T22:54:24.485867250+00:00,1,1,0,1,1,1
2026-09-09T22:54:24.485871375+00:00,1,0,0,1,1,1
2026-09-09T22:54:24.485874375+00:00,1,1,0,1,1,1
2026-09-09T22:54:24.485878250+00:00,1,0,0,1,1,1
2026-09-09T22:54:24.485881125+00:00,1,1,0,1,1,1
2026-09-09T22:54:24.485885000+00:00,1,0,0,1,1,1
2026-09-09T22:54:24.485888250+00:00,1,1,0,1,1,1
2026-09-09T22:54:24.485892125+00:00,1,0,0,1,1,1
2026-09-09T22:54:24.485895125+00:00,1,1,0,1,1,1
2026-09-09T22:54:24.485898875+00:00,1,0,0,1,1,1
2026-09-09T22:54:24.485902125+00:00,1,1,0,1,1,1
2026-09-09T22:54:24.485906000+00:00,1,0,0,1,1,1
2026-09-09T22:54:24.485909000+00:00,1,1,0,1,1,1
2026-09-09T22:54:24.485912750+00:00,1,0,0,1,1,1
2026-09-09T22:54:24.485915125+00:00,1,1,0,1,1,1
2026-09-09T22:54:24.485919000+00:00,1,0,0,1,1,1
2026-09-09T22:54:24.485921875+00:00,1,1,0,1,1,1
2026-09-09T22:54:24.485926000+00:00,1,0,0,1,1,1
2026-09-09T22:54:24.485929000+00:00,1,1,0,1,1,1
2026-09-09T22:54:24.485932750+00:00,1,0,0,1,1,1
2026-09-09T22:54:24.485936625+00:00,1,1,0,1,1,1
2026-09-09T22:54:24.485939875+00:00,1,0,0,1,1,1
2026-09-09T22:54:24.485942875+00:00,1,1,0,1,1,1
2026-09-09T22:54:24.485946625+00:00,1,0,0,1,1,1
2026-09-09T22:54:24.485949875+00:00,1,1,0,1,1,1
2026-09-09T22:54:24.485953750+00:00,1,0,0,1,1,1
2026-09-09T22:54:24.485957000+00:00,1,1,0,1,1,1
2026-09-09T22:54:24.485960750+00:00,1,0,0,1,1,1
2026-09-09T22:54:24.485963625+00:00,1,1,0,1,1,1
2026-09-09T22:54:24.485967875+00:00,1,0,0,1,1,1
2026-09-09T22:54:24.485970875+00:00,1,1,0,1,1,1
2026-09-09T22:54:24.485974750+00:00,1,0,0,1,1,1
2026-09-09T22:54:24.485977750+00:00,1,1,0,1,1,1
2026-09-09T22:54:24.485981875+00:00,1,0,0,1,1,1
2026-09-09T22:54:24.485984750+00:00,1,1,0,1,1,1
2026-09-09T22:54:24.485988625+00:00,1,0,0,1,1,1
2026-09-09T22:54:24.485991625+00:00,1,1,0,1,1,1
2026-09-09T22:54:24.485995500+00:00,1,0,0,1,1,1
2026-09-09T22:54:24.485998750+00:00,1,1,0,1,1,1
2026-09-09T22:54:24.486002625+00:00,1,0,0,1,1,1
2026-09-09T22:54:24.486005500+00:00,1,1,0,1,1,1
2026-09-09T22:54:24.486009375+00:00,1,0,0,1,1,1
2026-09-09T22:54:24.486012625+00:00,1,1,0,1,1,1
2026-09-09T22:54:24.486016500+00:00,1,0,0,1,1,1
2026-09-09T22:54:24.486019375+00:00,1,1,0,1,1,1
2026-09-09T22:54:24.486023250+00:00,1,0,0,1,1,1
2026-09-09T22:54:24.486025500+00:00,1,1,0,1,1,1
2026-09-09T22:54:24.486029375+00:00,1,0,0,1,1,1
2026-09-09T22:54:24.486032375+00:00,1,1,0,1,1,1
2026-09-09T22:54:24.486036500+00:00,1,0,0,1,1,1
2026-09-09T22:54:24.486039500+00:00,1,1,0,1,1,1
2026-09-09T22:54:24.486043250+00:00,1,0,0,1,1,1
2026-09-09T22:54:24.486046250+00:00,1,1,0,1,1,1
2026-09-09T22:54:24.486050500+00:00,1,0,0,1,1,1
2026-09-09T22:54:24.486053375+00:00,1,1,0,1,1,1
2026-09-09T22:54:24.486057250+00:00,1,0,0,1,1,1
2026-09-09T22:54:24.486060250+00:00,1,1,0,1,1,1
2026-09-09T22:54:24.486064125+00:00,1,0,0,1,1,1
2026-09-09T22:54:24.486067375+00:00,1,1,0,1,1,1
2026-09-09T22:54:24.486071375+00:00,1,0,0,1,1,1
2026-09-09T22:54:24.486074250+00:00,1,1,0,1,1,1
2026-09-09T22:54:24.486078125+00:00,1,0,0,1,1,1
2026-09-09T22:54:24.486081375+00:00,1,1,0,1,1,1
2026-09-09T22:54:24.486085250+00:00,1,0,0,1,1,1
2026-09-09T22:54:24.486088125+00:00,1,1,0,1,1,1
2026-09-09T22:54:24.486092375+00:00,1,0,0,1,1,1
2026-09-09T22:54:24.486095000+00:00,1,1,0,1,1,1
2026-09-09T22:54:24.486098875+00:00,1,0,0,1,1,1
2026-09-09T22:54:24.486102125+00:00,1,1,0,1,1,1
2026-09-09T22:54:24.486106000+00:00,1,0,0,1,1,1
2026-09-09T22:54:24.486108875+00:00,1,1,0,1,1,1
2026-09-09T22:54:24.486112875+00:00,1,0,0,1,1,1
2026-09-09T22:54:24.486116125+00:00,1,1,0,1,1,1
2026-09-09T22:54:24.486119875+00:00,1,0,0,1,1,1
2026-09-09T22:54:24.486122750+00:00,1,1,0,1,1,1
2026-09-09T22:54:24.486127000+00:00,1,0,0,1,1,1
2026-09-09T22:54:24.486130000+00:00,1,1,0,1,1,1
2026-09-09T22:54:24.486133750+00:00,1,0,0,1,1,1
2026-09-09T22:54:24.486137000+00:00,1,1,0,1,1,1
2026-09-09T22:54:24.486141000+00:00,1,0,0,1,1,1
2026-09-09T22:54:24.486143875+00:00,1,1,0,1,1,1
2026-09-09T22:54:24.486148000+00:00,1,0,0,1,1,1
2026-09-09T22:54:24.486150875+00:00,1,1,0,1,1,1
2026-09-09T22:54:24.486154875+00:00,1,0,0,1,1,1
2026-09-09T22:54:24.486157750+00:00,1,1,0,1,1,1
2026-09-09T22:54:24.486161500+00:00,1,0,0,1,1,1
2026-09-09T22:54:24.486164750+00:00,1,1,0,1,1,1
2026-09-09T22:54:24.486168750+00:00,1,0,0,1,1,1
2026-09-09T22:54:24.486171625+00:00,1,1,0,1,1,1
2026-09-09T22:54:24.486175500+00:00,1,0,0,1,1,1
2026-09-09T22:54:24.486178750+00:00,1,1,0,1,1,1
2026-09-09T22:54:24.486182500+00:00,1,0,0,1,1,1
2026-09-09T22:54:24.486185750+00:00,1,1,0,1,1,1
2026-09-09T22:54:24.486189500+00:00,1,0,0,1,1,1
2026-09-09T22:54:24.486192500+00:00,1,1,0,1,1,1
2026-09-09T22:54:24.486196375+00:00,1,0,0,1,1,1
2026-09-09T22:54:24.486199625+00:00,1,1,0,1,1,1
2026-09-09T22:54:24.486203875+00:00,1,0,0,1,1,1
2026-09-09T22:54:24.486206500+00:00,1,1,0,1,1,1
2026-09-09T22:54:24.486210250+00:00,1,0,0,1,1,1
2026-09-09T22:54:24.486213500+00:00,1,1,0,1,1,1
2026-09-09T22:54:24.486217375+00:00,1,0,0,1,1,1
2026-09-09T22:54:24.486220250+00:00,1,1,0,1,1,1
2026-09-09T22:54:24.486224250+00:00,1,0,0,1,1,1
2026-09-09T22:54:24.486227500+00:00,1,1,0,1,1,1
2026-09-09T22:54:24.486231375+00:00,1,0,0,1,1,1
2026-09-09T22:54:24.486234250+00:00,1,1,0,1,1,1
2026-09-09T22:54:24.486238125+00:00,1,0,0,1,1,1
2026-09-09T22:54:24.486241375+00:00,1,1,0,1,1,1
2026-09-09T22:54:24.486245125+00:00,1,0,0,1,1,1
2026-09-09T22:54:24.486248375+00:00,1,1,0,1,1,1
2026-09-09T22:54:24.486252375+00:00,1,0,0,1,1,1
2026-09-09T22:54:24.486255250+00:00,1,1,0,1,1,1
2026-09-09T22:54:24.486259375+00:00,1,0,0,1,1,1
2026-09-09T22:54:24.486262250+00:00,1,1,0,1,1,1
2026-09-09T22:54:24.486266250+00:00,1,0,0,1,1,1
2026-09-09T22:54:24.486269125+00:00,1,1,0,1,1,1
2026-09-09T22:54:24.486273000+00:00,1,0,0,1,1,1
2026-09-09T22:54:24.486276000+00:00,1,1,0,1,1,1
2026-09-09T22:54:24.486280125+00:00,1,0,0,1,1,1
2026-09-09T22:54:24.486283000+00:00,1,1,0,1,1,1
2026-09-09T22:54:24.486286875+00:00,1,0,0,1,1,1
2026-09-09T22:54:24.486290125+00:00,1,1,0,1,1,1
2026-09-09T22:54:24.486294000+00:00,1,0,0,1,1,1
2026-09-09T22:54:24.486297000+00:00,1,1,0,1,1,1
2026-09-09T22:54:24.486300750+00:00,1,0,0,1,1,1
2026-09-09T22:54:24.486304000+00:00,1,1,0,1,1,1
2026-09-09T22:54:24.486308000+00:00,1,0,0,1,1,1
2026-09-09T22:54:24.486310875+00:00,1,1,0,1,1,1
2026-09-09T22:54:24.486315125+00:00,1,0,0,1,1,1
2026-09-09T22:54:24.486318000+00:00,1,1,0,1,1,1
2026-09-09T22:54:24.486322000+00:00,1,0,0,1,1,1
2026-09-09T22:54:24.486324875+00:00,1,1,0,1,1,1
2026-09-09T22:54:24.486328750+00:00,1,0,0,1,1,1
2026-09-09T22:54:24.486331750+00:00,1,1,0,1,1,1
2026-09-09T22:54:24.486335625+00:00,1,0,0,1,1,1
2026-09-09T22:54:24.486338875+00:00,1,1,0,1,1,1
2026-09-09T22:54:24.486342750+00:00,1,0,0,1,1,1
2026-09-09T22:54:24.486345625+00:00,1,1,0,1,1,1
2026-09-09T22:54:24.486349500+00:00,1,0,0,1,1,1
2026-09-09T22:54:24.486352750+00:00,1,1,0,1,1,1
2026-09-09T22:54:24.486356750+00:00,1,0,0,1,1,1
2026-09-09T22:54:24.486359625+00:00,1,1,0,1,1,1
2026-09-09T22:54:24.486363500+00:00,1,0,0,1,1,1
2026-09-09T22:54:24.486366750+00:00,1,1,0,1,1,1
2026-09-09T22:54:24.486370875+00:00,1,0,0,1,1,1
2026-09-09T22:54:24.486373500+00:00,1,1,0,1,1,1
2026-09-09T22:54:24.486377375+00:00,1,0,0,1,1,1
2026-09-09T22:54:24.486380625+00:00,1,1,0,1,1,1
2026-09-09T22:54:24.486384500+00:00,1,0,0,1,1,1
2026-09-09T22:54:24.486387375+00:00,1,1,0,1,1,1
2026-09-09T22:54:24.486391375+00:00,1,0,0,1,1,1
2026-09-09T22:54:24.486394625+00:00,1,1,0,1,1,1
2026-09-09T22:54:24.486398375+00:00,1,0,0,1,1,1
2026-09-09T22:54:24.486401375+00:00,1,1,0,1,1,1
2026-09-09T22:54:24.486405125+00:00,1,0,0,1,1,1
2026-09-09T22:54:24.486408375+00:00,1,1,0,1,1,1
2026-09-09T22:54:24.486412375+00:00,1,0,0,1,1,1
2026-09-09T22:54:24.486415250+00:00,1,1,0,1,1,1
2026-09-09T22:54:24.486419125+00:00,1,0,0,1,1,1
2026-09-09T22:54:24.486422500+00:00,1,1,0,1,1,1
2026-09-09T22:54:24.486426625+00:00,1,0,0,1,1,1
2026-09-09T22:54:24.486429250+00:00,1,1,0,1,1,1
2026-09-09T22:54:24.486433125+00:00,1,0,0,1,1,1
2026-09-09T22:54:24.486436375+00:00,1,1,0,1,1,1
2026-09-09T22:54:24.486440250+00:00,1,0,0,1,1,1
2026-09-09T22:54:24.486443125+00:00,1,1,0,1,1,1
2026-09-09T22:54:24.486447125+00:00,1,0,0,1,1,1
2026-09-09T22:54:24.486450000+00:00,1,1,0,1,1,1
2026-09-09T22:54:24.486454250+00:00,1,0,0,1,1,1
2026-09-09T22:54:24.486457125+00:00,1,1,0,1,1,1
2026-09-09T22:54:24.486461000+00:00,1,0,0,1,1,1
2026-09-09T22:54:24.486464250+00:00,1,1,0,1,1,1
2026-09-09T22:54:24.486468125+00:00,1,0,0,1,1,1
2026-09-09T22:54:24.486471125+00:00,1,1,0,1,1,1
2026-09-09T22:54:24.486475000+00:00,1,0,0,1,1,1
2026-09-09T22:54:24.486478000+00:00,1,1,0,1,1,1
2026-09-09T22:54:24.486482000+00:00,1,0,0,1,1,1
2026-09-09T22:54:24.486485000+00:00,1,1,0,1,1,1
2026-09-09T22:54:24.486488875+00:00,1,0,0,1,1,1
2026-09-09T22:54:24.486491875+00:00,1,1,0,1,1,1
2026-09-09T22:54:24.486495750+00:00,1,0,0,1,1,1
2026-09-09T22:54:24.486499000+00:00,1,1,0,1,1,1
2026-09-09T22:54:24.486502875+00:00,1,0,0,1,1,1
2026-09-09T22:54:24.486505875+00:00,1,1,0,1,1,1
2026-09-09T22:54:24.486509625+00:00,1,0,0,1,1,1
2026-09-09T22:54:24.486512875+00:00,1,1,0,1,1,1
2026-09-09T22:54:24.486516750+00:00,1,0,0,1,1,1
2026-09-09T22:54:24.486519625+00:00,1,1,0,1,1,1
2026-09-09T22:54:24.486523875+00:00,1,0,0,1,1,1
2026-09-09T22:54:24.486526875+00:00,1,1,0,1,1,1
2026-09-09T22:54:24.486530750+00:00,1,0,0,1,1,1
2026-09-09T22:54:24.486533625+00:00,1,1,0,1,1,1
2026-09-09T22:54:24.486537875+00:00,1,0,0,1,1,1
2026-09-09T22:54:24.486540875+00:00,1,1,0,1,1,1
2026-09-09T22:54:24.486544750+00:00,1,0,0,1,1,1
2026-09-09T22:54:24.486547750+00:00,1,1,0,1,1,1
2026-09-09T22:54:24.486551500+00:00,1,0,0,1,1,1
2026-09-09T22:54:24.486554750+00:00,1,1,0,1,1,1
2026-09-09T22:54:24.486558625+00:00,1,0,0,1,1,1
2026-09-09T22:54:24.486561500+00:00,1,1,0,1,1,1
2026-09-09T22:54:24.486565375+00:00,1,0,0,1,1,1
2026-09-09T22:54:24.486568625+00:00,1,1,0,1,1,1
2026-09-09T22:54:24.486572500+00:00,1,0,0,1,1,1
2026-09-09T22:54:24.486575375+00:00,1,1,0,1,1,1
2026-09-09T22:54:24.486579250+00:00,1,0,0,1,1,1
2026-09-09T22:54:24.486582500+00:00,1,1,0,1,1,1
2026-09-09T22:54:24.486586375+00:00,1,0,0,1,1,1
2026-09-09T22:54:24.486589375+00:00,1,1,0,1,1,1
2026-09-09T22:54:24.486593500+00:00,1,0,0,1,1,1
2026-09-09T22:54:24.486596375+00:00,1,1,0,1,1,1
2026-09-09T22:54:24.486600250+00:00,1,0,0,1,1,1
2026-09-09T22:54:24.486603250+00:00,1,1,0,1,1,1
2026-09-09T22:54:24.486607125+00:00,1,0,0,1,1,1
2026-09-09T22:54:24.486610375+00:00,1,1,0,1,1,1
2026-09-09T22:54:24.486614375+00:00,1,0,0,1,1,1
2026-09-09T22:54:24.486617250+00:00,1,1,0,1,1,1
2026-09-09T22:54:24.486621125+00:00,1,0,0,1,1,1
2026-09-09T22:54:24.486624125+00:00,1,1,0,1,1,1
2026-09-09T22:54:24.486628375+00:00,1,0,0,1,1,1
2026-09-09T22:54:24.486631250+00:00,1,1,0,1,1,1
2026-09-09T22:54:24.486635125+00:00,1,0,0,1,1,1
2026-09-09T22:54:24.486638000+00:00,1,1,0,1,1,1
2026-09-09T22:54:24.486642125+00:00,1,0,0,1,1,1
2026-09-09T22:54:24.486645125+00:00,1,1,0,1,1,1
2026-09-09T22:54:24.486649250+00:00,1,0,0,1,1,1
2026-09-09T22:54:24.486652125+00:00,1,1,0,1,1,1
2026-09-09T22:54:24.486656000+00:00,1,0,0,1,1,1
2026-09-09T22:54:24.486659000+00:00,1,1,0,1,1,1
2026-09-09T22:54:24.486662875+00:00,1,0,0,1,1,1
2026-09-09T22:54:24.486666125+00:00,1,1,0,1,1,1
2026-09-09T22:54:24.486670125+00:00,1,0,0,1,1,1
2026-09-09T22:54:24.486673000+00:00,1,1,0,1,1,1
2026-09-09T22:54:24.486676875+00:00,1,0,0,1,1,1
2026-09-09T22:54:24.486679875+00:00,1,1,0,1,1,1
2026-09-09T22:54:24.486683625+00:00,1,0,0,1,1,1
2026-09-09T22:54:24.486686875+00:00,1,1,0,1,1,1
2026-09-09T22:54:24.486690875+00:00,1,0,0,1,1,1
2026-09-09T22:54:24.486693750+00:00,1,1,0,1,1,1
2026-09-09T22:54:24.486697625+00:00,1,0,0,1,1,1
2026-09-09T22:54:24.486700875+00:00,1,1,0,1,1,1
2026-09-09T22:54:24.486705000+00:00,1,0,0,1,1,1
2026-09-09T22:54:24.486708000+00:00,1,1,0,1,1,1
2026-09-09T22:54:24.486711750+00:00,1,0,0,1,1,1
2026-09-09T22:54:24.486714750+00:00,1,1,0,1,1,1
2026-09-09T22:54:24.486718625+00:00,1,0,0,1,1,1
2026-09-09T22:54:24.486721875+00:00,1,1,0,1,1,1
2026-09-09T22:54:24.486725625+00:00,1,0,0,1,1,1
2026-09-09T22:54:24.486728625+00:00,1,1,0,1,1,1
2026-09-09T22:54:24.486732500+00:00,1,0,0,1,1,1
2026-09-09T22:54:24.486735750+00:00,1,1,0,1,1,1
2026-09-09T22:54:24.486739500+00:00,1,0,0,1,1,1
2026-09-09T22:54:24.486742500+00:00,1,1,0,1,1,1
2026-09-09T22:54:24.486746375+00:00,1,0,0,1,1,1
2026-09-09T22:54:24.486749625+00:00,1,1,0,1,1,1
2026-09-09T22:54:24.486753500+00:00,1,0,0,1,1,1
2026-09-09T22:54:24.486756375+00:00,1,1,0,1,1,1
2026-09-09T22:54:24.486761000+00:00,1,0,0,1,1,1
2026-09-09T22:54:24.486763500+00:00,1,1,0,1,1,1
2026-09-09T22:54:24.486767375+00:00,1,0,0,1,1,1
2026-09-09T22:54:24.486770625+00:00,1,1,0,1,1,1
2026-09-09T22:54:24.486774500+00:00,1,0,0,1,1,1
2026-09-09T22:54:24.486777500+00:00,1,1,0,1,1,1
2026-09-09T22:54:24.486781375+00:00,1,0,0,1,1,1
2026-09-09T22:54:24.486784250+00:00,1,1,0,1,1,1
2026-09-09T22:54:24.486788250+00:00,1,0,0,1,1,1
2026-09-09T22:54:24.486791500+00:00,1,1,0,1,1,1
2026-09-09T22:54:24.486795375+00:00,1,0,0,1,1,1
2026-09-09T22:54:24.486798250+00:00,1,1,0,1,1,1
2026-09-09T22:54:24.486802250+00:00,1,0,0,1,1,1
2026-09-09T22:54:24.486805125+00:00,1,1,0,1,1,1
2026-09-09T22:54:24.486809000+00:00,1,0,0,1,1,1
2026-09-09T22:54:24.486811250+00:00,1,1,0,1,1,1
2026-09-09T22:54:24.486815375+00:00,1,0,0,1,1,1
2026-09-09T22:54:24.486818250+00:00,1,1,0,1,1,1
2026-09-09T22:54:24.486822125+00:00,1,0,0,1,1,1
2026-09-09T22:54:24.486825125+00:00,1,1,0,1,1,1
2026-09-09T22:54:24.486828875+00:00,1,0,0,1,1,1
2026-09-09T22:54:24.486832125+00:00,1,1,0,1,1,1
2026-09-09T22:54:24.486836125+00:00,1,0,0,1,1,1
2026-09-09T22:54:24.486839000+00:00,1,1,0,1,1,1
2026-09-09T22:54:24.486843000+00:00,1,0,0,1,1,1
2026-09-09T22:54:24.486846250+00:00,1,1,0,1,1,1
2026-09-09T22:54:24.486850125+00:00,1,0,0,1,1,1
2026-09-09T22:54:24.486853000+00:00,1,1,0,1,1,1
2026-09-09T22:54:24.486857000+00:00,1,0,0,1,1,1
2026-09-09T22:54:24.486859875+00:00,1,1,0,1,1,1
2026-09-09T22:54:24.486863750+00:00,1,0,0,1,1,1
2026-09-09T22:54:24.486867000+00:00,1,1,0,1,1,1
2026-09-09T22:54:24.486871125+00:00,1,0,0,1,1,1
2026-09-09T22:54:24.486873750+00:00,1,1,0,1,1,1
2026-09-09T22:54:24.486878000+00:00,1,0,0,1,1,1
2026-09-09T22:54:24.486880875+00:00,1,1,0,1,1,1
2026-09-09T22:54:24.486884875+00:00,1,0,0,1,1,1
2026-09-09T22:54:24.486887750+00:00,1,1,0,1,1,1
2026-09-09T22:54:24.486891750+00:00,1,0,0,1,1,1
2026-09-09T22:54:24.486894625+00:00,1,1,0,1,1,1
2026-09-09T22:54:24.486898750+00:00,1,0,0,1,1,1
2026-09-09T22:54:24.486901750+00:00,1,1,0,1,1,1
2026-09-09T22:54:24.486905500+00:00,1,0,0,1,1,1
2026-09-09T22:54:24.486908750+00:00,1,1,0,1,1,1
2026-09-09T22:54:24.486912625+00:00,1,0,0,1,1,1
2026-09-09T22:54:24.486915875+00:00,1,1,0,1,1,1
2026-09-09T22:54:24.486919625+00:00,1,0,0,1,1,1
2026-09-09T22:54:24.486922625+00:00,1,1,0,1,1,1
2026-09-09T22:54:24.486926750+00:00,1,0,0,1,1,1
2026-09-09T22:54:24.486929625+00:00,1,1,0,1,1,1
2026-09-09T22:54:24.486933500+00:00,1,0,0,1,1,1
2026-09-09T22:54:24.486936500+00:00,1,1,0,1,1,1
2026-09-09T22:54:24.486940375+00:00,1,0,0,1,1,1
2026-09-09T22:54:24.486943625+00:00,1,1,0,1,1,1
2026-09-09T22:54:24.486947500+00:00,1,0,0,1,1,1
2026-09-09T22:54:24.486950375+00:00,1,1,0,1,1,1
2026-09-09T22:54:24.486954250+00:00,1,0,0,1,1,1
2026-09-09T22:54:24.486957625+00:00,1,1,0,1,1,1
2026-09-09T22:54:24.486961500+00:00,1,0,0,1,1,1
2026-09-09T22:54:24.486964375+00:00,1,1,0,1,1,1
2026-09-09T22:54:24.486968375+00:00,1,0,0,1,1,1
2026-09-09T22:54:24.486971250+00:00,1,1,0,1,1,1
2026-09-09T22:54:24.486975125+00:00,1,0,0,1,1,1
2026-09-09T22:54:24.486978375+00:00,1,1,0,1,1,1
2026-09-09T22:54:24.486982500+00:00,1,0,0,1,1,1
2026-09-09T22:54:24.486985500+00:00,1,1,0,1,1,1
2026-09-09T22:54:24.486989375+00:00,1,0,0,1,1,1
2026-09-09T22:54:24.486992250+00:00,1,1,0,1,1,1
2026-09-09T22:54:24.486996125+00:00,1,0,0,1,1,1
2026-09-09T22:54:24.486999375+00:00,1,1,0,1,1,1
2026-09-09T22:54:24.487003250+00:00,1,0,0,1,1,1
2026-09-09T22:54:24.487006250+00:00,1,1,0,1,1,1
2026-09-09T22:54:24.487010125+00:00,1,0,0,1,1,1
2026-09-09T22:54:24.487013000+00:00,1,1,0,1,1,1
2026-09-09T22:54:24.487017000+00:00,1,0,0,1,1,1
2026-09-09T22:54:24.487020250+00:00,1,1,0,1,1,1
2026-09-09T22:54:24.487024000+00:00,1,0,0,1,1,1
2026-09-09T22:54:24.487027000+00:00,1,1,0,1,1,1
2026-09-09T22:54:24.487030750+00:00,1,0,0,1,1,1
2026-09-09T22:54:24.487034000+00:00,1,1,0,1,1,1
2026-09-09T22:54:24.487038125+00:00,1,0,0,1,1,1
2026-09-09T22:54:24.487041125+00:00,1,1,0,1,1,1
2026-09-09T22:54:24.487045000+00:00,1,0,0,1,1,1
2026-09-09T22:54:24.487048000+00:00,1,1,0,1,1,1
2026-09-09T22:54:24.487051750+00:00,1,0,0,1,1,1
2026-09-09T22:54:24.487055000+00:00,1,1,0,1,1,1
2026-09-09T22:54:24.487058875+00:00,1,0,0,1,1,1
2026-09-09T22:54:24.487061750+00:00,1,1,0,1,1,1
2026-09-09T22:54:24.487065625+00:00,1,0,0,1,1,1
2026-09-09T22:54:24.487067875+00:00,1,1,0,1,1,1
2026-09-09T22:54:24.487071625+00:00,1,0,0,1,1,1
2026-09-09T22:54:24.487074875+00:00,1,1,0,1,1,1
2026-09-09T22:54:24.487078875+00:00,1,0,0,1,1,1
2026-09-09T22:54:24.487081750+00:00,1,1,0,1,1,1
2026-09-09T22:54:24.487085625+00:00,1,0,0,1,1,1
2026-09-09T22:54:24.487088625+00:00,1,1,0,1,1,1
2026-09-09T22:54:24.487092875+00:00,1,0,0,1,1,1
2026-09-09T22:54:24.487095750+00:00,1,1,0,1,1,1
2026-09-09T22:54:24.487099625+00:00,1,0,0,1,1,1
2026-09-09T22:54:24.487102625+00:00,1,1,0,1,1,1
2026-09-09T22:54:24.487106375+00:00,1,0,0,1,1,1
2026-09-09T22:54:24.487109625+00:00,1,1,0,1,1,1
2026-09-09T22:54:24.487113625+00:00,1,0,0,1,1,1
2026-09-09T22:54:24.487116500+00:00,1,1,0,1,1,1
2026-09-09T22:54:24.487120375+00:00,1,0,0,1,1,1
2026-09-09T22:54:24.487123750+00:00,1,1,0,1,1,1
2026-09-09T22:54:24.487127500+00:00,1,0,0,1,1,1
2026-09-09T22:54:24.487130375+00:00,1,1,0,1,1,1
2026-09-09T22:54:24.487134375+00:00,1,0,0,1,1,1
2026-09-09T22:54:24.487137625+00:00,1,1,0,1,1,1
2026-09-09T22:54:24.487141375+00:00,1,0,0,1,1,1
2026-09-09T22:54:24.487144375+00:00,1,1,0,1,1,1
2026-09-09T22:54:24.487148375+00:00,1,0,0,1,1,1
2026-09-09T22:54:24.487151375+00:00,1,1,0,1,1,1
2026-09-09T22:54:24.487155125+00:00,1,0,0,1,1,1
2026-09-09T22:54:24.487158375+00:00,1,1,0,1,1,1
2026-09-09T22:54:24.487162125+00:00,1,0,0,1,1,1
2026-09-09T22:54:24.487165375+00:00,1,1,0,1,1,1
2026-09-09T22:54:24.487169250+00:00,1,0,0,1,1,1
2026-09-09T22:54:24.487172125+00:00,1,1,0,1,1,1
2026-09-09T22:54:24.487176000+00:00,1,0,0,1,1,1
2026-09-09T22:54:24.487178250+00:00,1,1,0,1,1,1
2026-09-09T22:54:24.487182000+00:00,1,0,0,1,1,1
2026-09-09T22:54:24.487185250+00:00,1,1,0,1,1,1
2026-09-09T22:54:24.487189125+00:00,1,0,0,1,1,1
2026-09-09T22:54:24.487192000+00:00,1,1,0,1,1,1
2026-09-09T22:54:24.487196125+00:00,1,0,0,1,1,1
2026-09-09T22:54:24.487199125+00:00,1,1,0,1,1,1
2026-09-09T22:54:24.487203250+00:00,1,0,0,1,1,1
2026-09-09T22:54:24.487206250+00:00,1,1,0,1,1,1
2026-09-09T22:54:24.487210000+00:00,1,0,0,1,1,1
2026-09-09T22:54:24.487213000+00:00,1,1,0,1,1,1
2026-09-09T22:54:24.487216875+00:00,1,0,0,1,1,1
2026-09-09T22:54:24.487220125+00:00,1,1,0,1,1,1
2026-09-09T22:54:24.487223875+00:00,1,0,0,1,1,1
2026-09-09T22:54:24.487226875+00:00,1,1,0,1,1,1
2026-09-09T22:54:24.487231125+00:00,1,0,0,1,1,1
2026-09-09T22:54:24.487234000+00:00,1,1,0,1,1,1
2026-09-09T22:54:24.487237875+00:00,1,0,0,1,1,1
2026-09-09T22:54:24.487241125+00:00,1,1,0,1,1,1
2026-09-09T22:54:24.487244875+00:00,1,0,0,1,1,1
2026-09-09T22:54:24.487247750+00:00,1,1,0,1,1,1
2026-09-09T22:54:24.487251625+00:00,1,0,0,1,1,1
2026-09-09T22:54:24.487254875+00:00,1,1,0,1,1,1
2026-09-09T22:54:24.487259125+00:00,1,0,0,1,1,1
2026-09-09T22:54:24.487261750+00:00,1,1,0,1,1,1
2026-09-09T22:54:24.487265500+00:00,1,0,0,1,1,1
2026-09-09T22:54:24.487267750+00:00,1,1,0,1,1,1
2026-09-09T22:54:24.487271500+00:00,1,0,0,1,1,1
2026-09-09T22:54:24.487274875+00:00,1,1,0,1,1,1
2026-09-09T22:54:24.487278750+00:00,1,0,0,1,1,1
2026-09-09T22:54:24.487281625+00:00,1,1,0,1,1,1
2026-09-09T22:54:24.487285625+00:00,1,0,0,1,1,1
2026-09-09T22:54:24.487288500+00:00,1,1,0,1,1,1
2026-09-09T22:54:24.487292625+00:00,1,0,0,1,1,1
2026-09-09T22:54:24.487295625+00:00,1,1,0,1,1,1
2026-09-09T22:54:24.487299500+00:00,1,0,0,1,1,1
2026-09-09T22:54:24.487302750+00:00,1,1,0,1,1,1
2026-09-09T22:54:24.487306625+00:00,1,0,0,1,1,1
2026-09-09T22:54:24.487309625+00:00,1,1,0,1,1,1
2026-09-09T22:54:24.487313750+00:00,1,0,0,1,1,1
2026-09-09T22:54:24.487316625+00:00,1,1,0,1,1,1
2026-09-09T22:54:24.487320625+00:00,1,0,0,1,1,1
2026-09-09T22:54:24.487323500+00:00,1,1,0,1,1,1
2026-09-09T22:54:24.487327375+00:00,1,0,0,1,1,1
2026-09-09T22:54:24.487330375+00:00,1,1,0,1,1,1
2026-09-09T22:54:24.487334125+00:00,1,0,0,1,1,1
2026-09-09T22:54:24.487336500+00:00,1,1,0,1,1,1
2026-09-09T22:54:24.487340250+00:00,1,0,0,1,1,1
2026-09-09T22:54:24.487343500+00:00,1,1,0,1,1,1
2026-09-09T22:54:24.487347375+00:00,1,0,0,1,1,1
2026-09-09T22:54:24.487350250+00:00,1,1,0,1,1,1
2026-09-09T22:54:24.487354125+00:00,1,0,0,1,1,1
2026-09-09T22:54:24.487357375+00:00,1,1,0,1,1,1
2026-09-09T22:54:24.487361375+00:00,1,0,0,1,1,1
2026-09-09T22:54:24.487364250+00:00,1,1,0,1,1,1
2026-09-09T22:54:24.487368500+00:00,1,0,0,1,1,1
2026-09-09T22:54:24.487371125+00:00,1,1,0,1,1,1
2026-09-09T22:54:24.487375375+00:00,1,0,0,1,1,1
2026-09-09T22:54:24.487378250+00:00,1,1,0,1,1,1
2026-09-09T22:54:24.487382250+00:00,1,0,0,1,1,1
2026-09-09T22:54:24.487385125+00:00,1,1,0,1,1,1
2026-09-09T22:54:24.487389000+00:00,1,0,0,1,1,1
2026-09-09T22:54:24.487392250+00:00,1,1,0,1,1,1
2026-09-09T22:54:24.487396000+00:00,1,0,0,1,1,1
2026-09-09T22:54:24.487399000+00:00,1,1,0,1,1,1
2026-09-09T22:54:24.487403125+00:00,1,0,0,1,1,1
2026-09-09T22:54:24.487406000+00:00,1,1,0,1,1,1
2026-09-09T22:54:24.487409875+00:00,1,0,0,1,1,1
2026-09-09T22:54:24.487413125+00:00,1,1,0,1,1,1
2026-09-09T22:54:24.487417000+00:00,1,0,0,1,1,1
2026-09-09T22:54:24.487419875+00:00,1,1,0,1,1,1
2026-09-09T22:54:24.487424125+00:00,1,0,0,1,1,1
2026-09-09T22:54:24.487427125+00:00,1,1,0,1,1,1
2026-09-09T22:54:24.487430875+00:00,1,0,0,1,1,1
2026-09-09T22:54:24.487433750+00:00,1,1,0,1,1,1
2026-09-09T22:54:24.487437625+00:00,1,0,0,1,1,1
2026-09-09T22:54:24.487439875+00:00,1,1,0,1,1,1
2026-09-09T22:54:24.487443625+00:00,1,0,0,1,1,1
2026-09-09T22:54:24.487446875+00:00,1,1,0,1,1,1
2026-09-09T22:54:24.487450750+00:00,1,0,0,1,1,1
2026-09-09T22:54:24.487453625+00:00,1,1,0,1,1,1
2026-09-09T22:54:24.487457875+00:00,1,0,0,1,1,1
2026-09-09T22:54:24.487460875+00:00,1,1,0,1,1,1
2026-09-09T22:54:24.487464750+00:00,1,0,0,1,1,1
2026-09-09T22:54:24.487467625+00:00,1,1,0,1,1,1
2026-09-09T22:54:24.487471500+00:00,1,0,0,1,1,1
2026-09-09T22:54:24.487474750+00:00,1,1,0,1,1,1
2026-09-09T22:54:24.487479000+00:00,1,0,0,1,1,1
2026-09-09T22:54:24.487481625+00:00,1,1,0,1,1,1
2026-09-09T22:54:24.487485375+00:00,1,0,0,1,1,1
2026-09-09T22:54:24.487488625+00:00,1,1,0,1,1,1
2026-09-09T22:54:24.487492500+00:00,1,0,0,1,1,1
2026-09-09T22:54:24.487495750+00:00,1,1,0,1,1,1
2026-09-09T22:54:24.487499625+00:00,1,0,0,1,1,1
2026-09-09T22:54:24.487502500+00:00,1,1,0,1,1,1
2026-09-09T22:54:24.487506375+00:00,1,0,0,1,1,1
2026-09-09T22:54:24.487509625+00:00,1,1,0,1,1,1
2026-09-09T22:54:24.487513500+00:00,1,0,0,1,1,1
2026-09-09T22:54:24.487516500+00:00,1,1,0,1,1,1
2026-09-09T22:54:24.487520375+00:00,1,0,0,1,1,1
2026-09-09T22:54:24.487523250+00:00,1,1,0,1,1,1
2026-09-09T22:54:24.487527125+00:00,1,0,0,1,1,1
2026-09-09T22:54:24.487529375+00:00,1,1,0,1,1,1
2026-09-09T22:54:24.487533500+00:00,1,0,0,1,1,1
2026-09-09T22:54:24.487536375+00:00,1,1,0,1,1,1
2026-09-09T22:54:24.487540375+00:00,1,0,0,1,1,1
2026-09-09T22:54:24.487543250+00:00,1,1,0,1,1,1
2026-09-09T22:54:24.487547125+00:00,1,0,0,1,1,1
2026-09-09T22:54:24.487550125+00:00,1,1,0,1,1,1
2026-09-09T22:54:24.487554375+00:00,1,0,0,1,1,1
2026-09-09T22:54:24.487557250+00:00,1,1,0,1,1,1
2026-09-09T22:54:24.487561125+00:00,1,0,0,1,1,1
2026-09-09T22:54:24.487564375+00:00,1,1,0,1,1,1
2026-09-09T22:54:24.487568125+00:00,1,0,0,1,1,1
2026-09-09T22:54:24.487571125+00:00,1,1,0,1,1,1
2026-09-09T22:54:24.487575000+00:00,1,0,0,1,1,1
2026-09-09T22:54:24.487578250+00:00,1,1,0,1,1,1
2026-09-09T22:54:24.487582125+00:00,1,0,0,1,1,1
2026-09-09T22:54:24.487585125+00:00,1,1,0,1,1,1
2026-09-09T22:54:24.487589375+00:00,1,0,0,1,1,1
2026-09-09T22:54:24.487592000+00:00,1,1,0,1,1,1
2026-09-09T22:54:24.487595750+00:00,1,0,0,1,1,1
2026-09-09T22:54:24.487598000+00:00,1,1,0,1,1,1
2026-09-09T22:54:24.487602000+00:00,1,0,0,1,1,1
2026-09-09T22:54:24.487604875+00:00,1,1,0,1,1,1
2026-09-09T22:54:24.487608625+00:00,1,0,0,1,1,1
2026-09-09T22:54:24.487611000+00:00,1,1,0,1,1,1
2026-09-09T22:54:24.487614875+00:00,1,0,0,1,1,1
2026-09-09T22:54:24.487617750+00:00,1,1,0,1,1,1
2026-09-09T22:54:24.487621750+00:00,1,0,0,1,1,1
2026-09-09T22:54:24.487625000+00:00,1,1,0,1,1,1
2026-09-09T22:54:24.487628750+00:00,1,0,0,1,1,1
2026-09-09T22:54:24.487631750+00:00,1,1,0,1,1,1
2026-09-09T22:54:24.487635500+00:00,1,0,0,1,1,1
2026-09-09T22:54:24.487638750+00:00,1,1,0,1,1,1
2026-09-09T22:54:24.487643000+00:00,1,0,0,1,1,1
2026-09-09T22:54:24.487645625+00:00,1,1,0,1,1,1
2026-09-09T22:54:24.487649875+00:00,1,0,0,1,1,1
2026-09-09T22:54:24.487652750+00:00,1,1,0,1,1,1
2026-09-09T22:54:24.487656625+00:00,1,0,0,1,1,1
2026-09-09T22:54:24.487659875+00:00,1,1,0,1,1,1
2026-09-09T22:54:24.487663625+00:00,1,0,0,1,1,1
2026-09-09T22:54:24.487666500+00:00,1,1,0,1,1,1
2026-09-09T22:54:24.487670500+00:00,1,0,0,1,1,1
2026-09-09T22:54:24.487673750+00:00,1,1,0,1,1,1
2026-09-09T22:54:24.487677500+00:00,1,0,0,1,1,1
2026-09-09T22:54:24.487680500+00:00,1,1,0,1,1,1
2026-09-09T22:54:24.487684250+00:00,1,0,0,1,1,1
2026-09-09T22:54:24.487686500+00:00,1,1,0,1,1,1
2026-09-09T22:54:24.487690500+00:00,1,0,0,1,1,1
2026-09-09T22:54:24.487693375+00:00,1,1,0,1,1,1
2026-09-09T22:54:24.487697625+00:00,1,0,0,1,1,1
2026-09-09T22:54:24.487700500+00:00,1,1,0,1,1,1
2026-09-09T22:54:24.487704375+00:00,1,0,0,1,1,1
2026-09-09T22:54:24.487707250+00:00,1,1,0,1,1,1
2026-09-09T22:54:24.487711500+00:00,1,0,0,1,1,1
2026-09-09T22:54:24.487714500+00:00,1,1,0,1,1,1
2026-09-09T22:54:24.487718250+00:00,1,0,0,1,1,1
2026-09-09T22:54:24.487721250+00:00,1,1,0,1,1,1
2026-09-09T22:54:24.487725500+00:00,1,0,0,1,1,1
2026-09-09T22:54:24.487728375+00:00,1,1,0,1,1,1
2026-09-09T22:54:24.487732250+00:00,1,0,0,1,1,1
2026-09-09T22:54:24.487735250+00:00,1,1,0,1,1,1
2026-09-09T22:54:24.487739125+00:00,1,0,0,1,1,1
2026-09-09T22:54:24.487742375+00:00,1,1,0,1,1,1
2026-09-09T22:54:24.487746375+00:00,1,0,0,1,1,1
2026-09-09T22:54:24.487749250+00:00,1,1,0,1,1,1
2026-09-09T22:54:24.487753500+00:00,1,0,0,1,1,1
2026-09-09T22:54:24.487756125+00:00,1,1,0,1,1,1
2026-09-09T22:54:24.487760000+00:00,1,0,0,1,1,1
2026-09-09T22:54:24.487763250+00:00,1,1,0,1,1,1
2026-09-09T22:54:24.487767000+00:00,1,0,0,1,1,1
2026-09-09T22:54:24.487770000+00:00,1,1,0,1,1,1
2026-09-09T22:54:24.487773750+00:00,1,0,0,1,1,1
2026-09-09T22:54:24.487776000+00:00,1,1,0,1,1,1
2026-09-09T22:54:24.487779875+00:00,1,0,0,1,1,1
2026-09-09T22:54:24.487783125+00:00,1,1,0,1,1,1
2026-09-09T22:54:24.487786875+00:00,1,0,0,1,1,1
2026-09-09T22:54:24.487790125+00:00,1,1,0,1,1,1
2026-09-09T22:54:24.487794125+00:00,1,0,0,1,1,1
2026-09-09T22:54:24.487797000+00:00,1,1,0,1,1,1
2026-09-09T22:54:24.487801000+00:00,1,0,0,1,1,1
2026-09-09T22:54:24.487803875+00:00,1,1,0,1,1,1
2026-09-09T22:54:24.487808000+00:00,1,0,0,1,1,1
2026-09-09T22:54:24.487810875+00:00,1,1,0,1,1,1
2026-09-09T22:54:24.487814875+00:00,1,0,0,1,1,1
2026-09-09T22:54:24.487817750+00:00,1,1,0,1,1,1
2026-09-09T22:54:24.487821625+00:00,1,0,0,1,1,1
2026-09-09T22:54:24.487824875+00:00,1,1,0,1,1,1
2026-09-09T22:54:24.487828750+00:00,1,0,0,1,1,1
2026-09-09T22:54:24.487831625+00:00,1,1,0,1,1,1
2026-09-09T22:54:24.487835625+00:00,1,0,0,1,1,1
2026-09-09T22:54:24.487838875+00:00,1,1,0,1,1,1
2026-09-09T22:54:24.487842625+00:00,1,0,0,1,1,1
2026-09-09T22:54:24.487845500+00:00,1,1,0,1,1,1
2026-09-09T22:54:24.487849750+00:00,1,0,0,1,1,1
2026-09-09T22:54:24.487852750+00:00,1,1,0,1,1,1
2026-09-09T22:54:24.487856625+00:00,1,0,0,1,1,1
2026-09-09T22:54:24.487859625+00:00,1,1,0,1,1,1
2026-09-09T22:54:24.487863625+00:00,1,0,0,1,1,1
2026-09-09T22:54:24.487866625+00:00,1,1,0,1,1,1
2026-09-09T22:54:24.487870375+00:00,1,0,0,1,1,1
2026-09-09T22:54:24.487873750+00:00,1,1,0,1,1,1
2026-09-09T22:54:24.487877625+00:00,1,0,0,1,1,1
2026-09-09T22:54:24.487880500+00:00,1,1,0,1,1,1
2026-09-09T22:54:24.487884500+00:00,1,0,0,1,1,1
2026-09-09T22:54:24.487887375+00:00,1,1,0,1,1,1
2026-09-09T22:54:24.487891250+00:00,1,0,0,1,1,1
2026-09-09T22:54:24.487894625+00:00,1,1,0,1,1,1
2026-09-09T22:54:24.487898500+00:00,1,0,0,1,1,1
2026-09-09T22:54:24.487901375+00:00,1,1,0,1,1,1
2026-09-09T22:54:24.487905250+00:00,1,0,0,1,1,1
2026-09-09T22:54:24.487908500+00:00,1,1,0,1,1,1
2026-09-09T22:54:24.487912375+00:00,1,0,0,1,1,1
2026-09-09T22:54:24.487915375+00:00,1,1,0,1,1,1
2026-09-09T22:54:24.487919500+00:00,1,0,0,1,1,1
2026-09-09T22:54:24.487922125+00:00,1,1,0,1,1,1
2026-09-09T22:54:24.487927000+00:00,1,0,0,1,1,1
2026-09-09T22:54:24.487929250+00:00,1,1,0,1,1,1
2026-09-09T22:54:24.487933000+00:00,1,0,0,1,1,1
2026-09-09T22:54:24.487936250+00:00,1,1,0,1,1,1
2026-09-09T22:54:24.487940250+00:00,1,0,0,1,1,1
2026-09-09T22:54:24.487943125+00:00,1,1,0,1,1,1
2026-09-09T22:54:24.487946875+00:00,1,0,0,1,1,1
2026-09-09T22:54:24.487950250+00:00,1,1,0,1,1,1
2026-09-09T22:54:24.487954000+00:00,1,0,0,1,1,1
2026-09-09T22:54:24.487957250+00:00,1,1,0,1,1,1
2026-09-09T22:54:24.487961125+00:00,1,0,0,1,1,1
2026-09-09T22:54:24.487964125+00:00,1,1,0,1,1,1
2026-09-09T22:54:24.487968000+00:00,1,0,0,1,1,1
2026-09-09T22:54:24.487971000+00:00,1,1,0,1,1,1
2026-09-09T22:54:24.487975125+00:00,1,0,0,1,1,1
2026-09-09T22:54:24.487978125+00:00,1,1,0,1,1,1
2026-09-09T22:54:24.487982000+00:00,1,0,0,1,1,1
2026-09-09T22:54:24.487984875+00:00,1,1,0,1,1,1
2026-09-09T22:54:24.487988875+00:00,1,0,0,1,1,1
2026-09-09T22:54:24.487991750+00:00,1,1,0,1,1,1
2026-09-09T22:54:24.487995750+00:00,1,0,0,1,1,1
2026-09-09T22:54:24.487999000+00:00,1,1,0,1,1,1
2026-09-09T22:54:24.488002750+00:00,1,0,0,1,1,1
2026-09-09T22:54:24.488005750+00:00,1,1,0,1,1,1
2026-09-09T22:54:24.488009500+00:00,1,0,0,1,1,1
2026-09-09T22:54:24.488011750+00:00,1,1,0,1,1,1
2026-09-09T22:54:24.488015625+00:00,1,0,0,1,1,1
2026-09-09T22:54:24.488018875+00:00,1,1,0,1,1,1
2026-09-09T22:54:24.488022750+00:00,1,0,0,1,1,1
2026-09-09T22:54:24.488025625+00:00,1,1,0,1,1,1
2026-09-09T22:54:24.488029750+00:00,1,0,0,1,1,1
2026-09-09T22:54:24.488032625+00:00,1,1,0,1,1,1
2026-09-09T22:54:24.488036625+00:00,1,0,0,1,1,1
2026-09-09T22:54:24.488039500+00:00,1,1,0,1,1,1
2026-09-09T22:54:24.488043750+00:00,1,0,0,1,1,1
2026-09-09T22:54:24.488046625+00:00,1,1,0,1,1,1
2026-09-09T22:54:24.488050500+00:00,1,0,0,1,1,1
2026-09-09T22:54:24.488053750+00:00,1,1,0,1,1,1
2026-09-09T22:54:24.488057625+00:00,1,0,0,1,1,1
2026-09-09T22:54:24.488060625+00:00,1,1,0,1,1,1
2026-09-09T22:54:24.488064500+00:00,1,0,0,1,1,1
2026-09-09T22:54:24.488067500+00:00,1,1,0,1,1,1
2026-09-09T22:54:24.488071375+00:00,1,0,0,1,1,1
2026-09-09T22:54:24.488074625+00:00,1,1,0,1,1,1
2026-09-09T22:54:24.488078500+00:00,1,0,0,1,1,1
2026-09-09T22:54:24.488081500+00:00,1,1,0,1,1,1
2026-09-09T22:54:24.488085500+00:00,1,0,0,1,1,1
2026-09-09T22:54:24.488088500+00:00,1,1,0,1,1,1
2026-09-09T22:54:24.488092250+00:00,1,0,0,1,1,1
2026-09-09T22:54:24.488095250+00:00,1,1,0,1,1,1
2026-09-09T22:54:24.488099375+00:00,1,0,0,1,1,1
2026-09-09T22:54:24.488102250+00:00,1,1,0,1,1,1
2026-09-09T22:54:24.488106000+00:00,1,0,0,1,1,1
2026-09-09T22:54:24.488109250+00:00,1,1,0,1,1,1
2026-09-09T22:54:24.488113250+00:00,1,0,0,1,1,1
2026-09-09T22:54:24.488116125+00:00,1,1,0,1,1,1
2026-09-09T22:54:24.488120125+00:00,1,0,0,1,1,1
2026-09-09T22:54:24.488123375+00:00,1,1,0,1,1,1
2026-09-09T22:54:24.488127125+00:00,1,0,0,1,1,1
2026-09-09T22:54:24.488130125+00:00,1,1,0,1,1,1
2026-09-09T22:54:24.488134000+00:00,1,0,0,1,1,1
2026-09-09T22:54:24.488137250+00:00,1,1,0,1,1,1
2026-09-09T22:54:24.488141375+00:00,1,0,0,1,1,1
2026-09-09T22:54:24.488144000+00:00,1,1,0,1,1,1
2026-09-09T22:54:24.488147750+00:00,1,0,0,1,1,1
2026-09-09T22:54:24.488150125+00:00,1,1,0,1,1,1
2026-09-09T22:54:24.488153875+00:00,1,0,0,1,1,1
2026-09-09T22:54:24.488157125+00:00,1,1,0,1,1,1
2026-09-09T22:54:24.488161125+00:00,1,0,0,1,1,1
2026-09-09T22:54:24.488164000+00:00,1,1,0,1,1,1
2026-09-09T22:54:24.488167875+00:00,1,0,0,1,1,1
2026-09-09T22:54:24.488170875+00:00,1,1,0,1,1,1
2026-09-09T22:54:24.488174625+00:00,1,0,0,1,1,1
2026-09-09T22:54:24.488176875+00:00,1,1,0,1,1,1
2026-09-09T22:54:24.488180875+00:00,1,0,0,1,1,1
2026-09-09T22:54:24.488183750+00:00,1,1,0,1,1,1
2026-09-09T22:54:24.488187750+00:00,1,0,0,1,1,1
2026-09-09T22:54:24.488191000+00:00,1,1,0,1,1,1
2026-09-09T22:54:24.488195125+00:00,1,0,0,1,1,1
2026-09-09T22:54:24.488197625+00:00,1,1,0,1,1,1
2026-09-09T22:54:24.488201875+00:00,1,0,0,1,1,1
2026-09-09T22:54:24.488204750+00:00,1,1,0,1,1,1
2026-09-09T22:54:24.488208625+00:00,1,0,0,1,1,1
2026-09-09T22:54:24.488211875+00:00,1,1,0,1,1,1
2026-09-09T22:54:24.488215750+00:00,1,0,0,1,1,1
2026-09-09T22:54:24.488218625+00:00,1,1,0,1,1,1
2026-09-09T22:54:24.488222500+00:00,1,0,0,1,1,1
2026-09-09T22:54:24.488225750+00:00,1,1,0,1,1,1
2026-09-09T22:54:24.488229500+00:00,1,0,0,1,1,1
2026-09-09T22:54:24.488232750+00:00,1,1,0,1,1,1
2026-09-09T22:54:24.488236750+00:00,1,0,0,1,1,1
2026-09-09T22:54:24.488239625+00:00,1,1,0,1,1,1
2026-09-09T22:54:24.488243625+00:00,1,0,0,1,1,1
2026-09-09T22:54:24.488246500+00:00,1,1,0,1,1,1
2026-09-09T22:54:24.488250625+00:00,1,0,0,1,1,1
2026-09-09T22:54:24.488253500+00:00,1,1,0,1,1,1
2026-09-09T22:54:24.488257500+00:00,1,0,0,1,1,1
2026-09-09T22:54:24.488260375+00:00,1,1,0,1,1,1
2026-09-09T22:54:24.488264125+00:00,1,0,0,1,1,1
2026-09-09T22:54:24.488266500+00:00,1,1,0,1,1,1
2026-09-09T22:54:24.488270375+00:00,1,0,0,1,1,1
2026-09-09T22:54:24.488273375+00:00,1,1,0,1,1,1
2026-09-09T22:54:24.488277250+00:00,1,0,0,1,1,1
2026-09-09T22:54:24.488280500+00:00,1,1,0,1,1,1
2026-09-09T22:54:24.488284375+00:00,1,0,0,1,1,1
2026-09-09T22:54:24.488287375+00:00,1,1,0,1,1,1
2026-09-09T22:54:24.488291125+00:00,1,0,0,1,1,1
2026-09-09T22:54:24.488294375+00:00,1,1,0,1,1,1
2026-09-09T22:54:24.488298250+00:00,1,0,0,1,1,1
2026-09-09T22:54:24.488301125+00:00,1,1,0,1,1,1
2026-09-09T22:54:24.488305625+00:00,1,0,0,1,1,1
2026-09-09T22:54:24.488308250+00:00,1,1,0,1,1,1
2026-09-09T22:54:24.488312000+00:00,1,0,0,1,1,1
2026-09-09T22:54:24.488315250+00:00,1,1,0,1,1,1
2026-09-09T22:54:24.488319125+00:00,1,0,0,1,1,1
2026-09-09T22:54:24.488322125+00:00,1,1,0,1,1,1
2026-09-09T22:54:24.488325875+00:00,1,0,0,1,1,1
2026-09-09T22:54:24.488329125+00:00,1,1,0,1,1,1
2026-09-09T22:54:24.488333000+00:00,1,0,0,1,1,1
2026-09-09T22:54:24.488336250+00:00,1,1,0,1,1,1
2026-09-09T22:54:24.488340125+00:00,1,0,0,1,1,1
2026-09-09T22:54:24.488343125+00:00,1,1,0,1,1,1
2026-09-09T22:54:24.488346875+00:00,1,0,0,1,1,1
2026-09-09T22:54:24.488350125+00:00,1,1,0,1,1,1
2026-09-09T22:54:24.488354125+00:00,1,0,0,1,1,1
2026-09-09T22:54:24.488357000+00:00,1,1,0,1,1,1
2026-09-09T22:54:24.488361125+00:00,1,0,0,1,1,1
2026-09-09T22:54:24.488364000+00:00,1,1,0,1,1,1
2026-09-09T22:54:24.488368000+00:00,1,0,0,1,1,1
2026-09-09T22:54:24.488370875+00:00,1,1,0,1,1,1
2026-09-09T22:54:24.488374875+00:00,1,0,0,1,1,1
2026-09-09T22:54:24.488377750+00:00,1,1,0,1,1,1
2026-09-09T22:54:24.488381500+00:00,1,0,0,1,1,1
2026-09-09T22:54:24.488383875+00:00,1,1,0,1,1,1
2026-09-09T22:54:24.488387750+00:00,1,0,0,1,1,1
2026-09-09T22:54:24.488390625+00:00,1,1,0,1,1,1
2026-09-09T22:54:24.488394500+00:00,1,0,0,1,1,1
2026-09-09T22:54:24.488396750+00:00,1,1,0,1,1,1
2026-09-09T22:54:24.488400500+00:00,1,0,0,1,1,1
2026-09-09T22:54:24.488403875+00:00,1,1,0,1,1,1
2026-09-09T22:54:24.488407625+00:00,1,0,0,1,1,1
2026-09-09T22:54:24.488410875+00:00,1,1,0,1,1,1
2026-09-09T22:54:24.488415000+00:00,1,0,0,1,1,1
2026-09-09T22:54:24.488417625+00:00,1,1,0,1,1,1
2026-09-09T22:54:24.488421375+00:00,1,0,0,1,1,1
2026-09-09T22:54:24.488423625+00:00,1,1,0,1,1,1
2026-09-09T22:54:24.488427500+00:00,1,0,0,1,1,1
2026-09-09T22:54:24.488430750+00:00,1,1,0,1,1,1
2026-09-09T22:54:24.488434500+00:00,1,0,0,1,1,1
2026-09-09T22:54:24.488437375+00:00,1,1,0,1,1,1
2026-09-09T22:54:24.488441625+00:00,1,0,0,1,1,1
2026-09-09T22:54:24.488444625+00:00,1,1,0,1,1,1
2026-09-09T22:54:24.488448375+00:00,1,0,0,1,1,1
2026-09-09T22:54:24.488451625+00:00,1,1,0,1,1,1
2026-09-09T22:54:24.488455625+00:00,1,0,0,1,1,1
2026-09-09T22:54:24.488458500+00:00,1,1,0,1,1,1
2026-09-09T22:54:24.488462375+00:00,1,0,0,1,1,1
2026-09-09T22:54:24.488465375+00:00,1,1,0,1,1,1
2026-09-09T22:54:24.488469625+00:00,1,0,0,1,1,1
2026-09-09T22:54:24.488472500+00:00,1,1,0,1,1,1
2026-09-09T22:54:24.488476375+00:00,1,0,0,1,1,1
2026-09-09T22:54:24.488479375+00:00,1,1,0,1,1,1
2026-09-09T22:54:24.488483250+00:00,1,0,0,1,1,1
2026-09-09T22:54:24.488486250+00:00,1,1,0,1,1,1
2026-09-09T22:54:24.488490125+00:00,1,0,0,1,1,1
2026-09-09T22:54:24.488493375+00:00,1,1,0,1,1,1
2026-09-09T22:54:24.488497250+00:00,1,0,0,1,1,1
2026-09-09T22:54:24.488500125+00:00,1,1,0,1,1,1
2026-09-09T22:54:24.488504000+00:00,1,0,0,1,1,1
2026-09-09T22:54:24.488507250+00:00,1,1,0,1,1,1
2026-09-09T22:54:24.488511125+00:00,1,0,0,1,1,1
2026-09-09T22:54:24.488514000+00:00,1,1,0,1,1,1
2026-09-09T22:54:24.488518000+00:00,1,0,0,1,1,1
2026-09-09T22:54:24.488521250+00:00,1,1,0,1,1,1
2026-09-09T22:54:24.488525375+00:00,1,0,0,1,1,1
2026-09-09T22:54:24.488528250+00:00,1,1,0,1,1,1
2026-09-09T22:54:24.488532125+00:00,1,0,0,1,1,1
2026-09-09T22:54:24.488535000+00:00,1,1,0,1,1,1
2026-09-09T22:54:24.488538875+00:00,1,0,0,1,1,1
2026-09-09T22:54:24.488542125+00:00,1,1,0,1,1,1
2026-09-09T22:54:24.488546125+00:00,1,0,0,1,1,1
2026-09-09T22:54:24.488549000+00:00,1,1,0,1,1,1
2026-09-09T22:54:24.488552875+00:00,1,0,0,1,1,1
2026-09-09T22:54:24.488556125+00:00,1,1,0,1,1,1
2026-09-09T22:54:24.488559875+00:00,1,0,0,1,1,1
2026-09-09T22:54:24.488562750+00:00,1,1,0,1,1,1
2026-09-09T22:54:24.488566625+00:00,1,0,0,1,1,1
2026-09-09T22:54:24.488568875+00:00,1,1,0,1,1,1
2026-09-09T22:54:24.488572625+00:00,1,0,0,1,1,1
2026-09-09T22:54:24.488575875+00:00,1,1,0,1,1,1
2026-09-09T22:54:24.488580000+00:00,1,0,0,1,1,1
2026-09-09T22:54:24.488583000+00:00,1,1,0,1,1,1
2026-09-09T22:54:24.488586875+00:00,1,0,0,1,1,1
2026-09-09T22:54:24.488589750+00:00,1,1,0,1,1,1
2026-09-09T22:54:24.488593750+00:00,1,0,0,1,1,1
2026-09-09T22:54:24.488596625+00:00,1,1,0,1,1,1
2026-09-09T22:54:24.488600625+00:00,1,0,0,1,1,1
2026-09-09T22:54:24.488603875+00:00,1,1,0,1,1,1
2026-09-09T22:54:24.488607750+00:00,1,0,0,1,1,1
2026-09-09T22:54:24.488610625+00:00,1,1,0,1,1,1
2026-09-09T22:54:24.488614625+00:00,1,0,0,1,1,1
2026-09-09T22:54:24.488617500+00:00,1,1,0,1,1,1
2026-09-09T22:54:24.488621375+00:00,1,0,0,1,1,1
2026-09-09T22:54:24.488623625+00:00,1,1,0,1,1,1
2026-09-09T22:54:24.488627375+00:00,1,0,0,1,1,1
2026-09-09T22:54:24.488630625+00:00,1,1,0,1,1,1
2026-09-09T22:54:24.488634875+00:00,1,0,0,1,1,1
2026-09-09T22:54:24.488637500+00:00,1,1,0,1,1,1
2026-09-09T22:54:24.488641250+00:00,1,0,0,1,1,1
2026-09-09T22:54:24.488644500+00:00,1,1,0,1,1,1
2026-09-09T22:54:24.488648375+00:00,1,0,0,1,1,1
2026-09-09T22:54:24.488651625+00:00,1,1,0,1,1,1
2026-09-09T22:54:24.488655375+00:00,1,0,0,1,1,1
2026-09-09T22:54:24.488658250+00:00,1,1,0,1,1,1
2026-09-09T22:54:24.488662125+00:00,1,0,0,1,1,1
2026-09-09T22:54:24.488664375+00:00,1,1,0,1,1,1
2026-09-09T22:54:24.488668375+00:00,1,0,0,1,1,1
2026-09-09T22:54:24.488671250+00:00,1,1,0,1,1,1
2026-09-09T22:54:24.488675000+00:00,1,0,0,1,1,1
2026-09-09T22:54:24.488677375+00:00,1,1,0,1,1,1
2026-09-09T22:54:24.488681125+00:00,1,0,0,1,1,1
2026-09-09T22:54:24.488684375+00:00,1,1,0,1,1,1
2026-09-09T22:54:24.488688625+00:00,1,0,0,1,1,1
2026-09-09T22:54:24.488691250+00:00,1,1,0,1,1,1
2026-09-09T22:54:24.488695000+00:00,1,0,0,1,1,1
2026-09-09T22:54:24.488698250+00:00,1,1,0,1,1,1
2026-09-09T22:54:24.488702125+00:00,1,0,0,1,1,1
2026-09-09T22:54:24.488705125+00:00,1,1,0,1,1,1
2026-09-09T22:54:24.488709000+00:00,1,0,0,1,1,1
2026-09-09T22:54:24.488712250+00:00,1,1,0,1,1,1
2026-09-09T22:54:24.488716125+00:00,1,0,0,1,1,1
2026-09-09T22:54:24.488719000+00:00,1,1,0,1,1,1
2026-09-09T22:54:24.488722875+00:00,1,0,0,1,1,1
2026-09-09T22:54:24.488726125+00:00,1,1,0,1,1,1
2026-09-09T22:54:24.488729875+00:00,1,0,0,1,1,1
2026-09-09T22:54:24.488733125+00:00,1,1,0,1,1,1
2026-09-09T22:54:24.488737000+00:00,1,0,0,1,1,1
2026-09-09T22:54:24.488739875+00:00,1,1,0,1,1,1
2026-09-09T22:54:24.488744000+00:00,1,0,0,1,1,1
2026-09-09T22:54:24.488747000+00:00,1,1,0,1,1,1
2026-09-09T22:54:24.488750750+00:00,1,0,0,1,1,1
2026-09-09T22:54:24.488754000+00:00,1,1,0,1,1,1
2026-09-09T22:54:24.488757875+00:00,1,0,0,1,1,1
2026-09-09T22:54:24.488760750+00:00,1,1,0,1,1,1
2026-09-09T22:54:24.488764750+00:00,1,0,0,1,1,1
2026-09-09T22:54:24.488768000+00:00,1,1,0,1,1,1
2026-09-09T22:54:24.488771750+00:00,1,0,0,1,1,1
2026-09-09T22:54:24.488774750+00:00,1,1,0,1,1,1
2026-09-09T22:54:24.488778500+00:00,1,0,0,1,1,1
2026-09-09T22:54:24.488781750+00:00,1,1,0,1,1,1
2026-09-09T22:54:24.488785750+00:00,1,0,0,1,1,1
2026-09-09T22:54:24.488788625+00:00,1,1,0,1,1,1
2026-09-09T22:54:24.488792500+00:00,1,0,0,1,1,1
2026-09-09T22:54:24.488794750+00:00,1,1,0,1,1,1
2026-09-09T22:54:24.488798875+00:00,1,0,0,1,1,1
2026-09-09T22:54:24.488801750+00:00,1,1,0,1,1,1
2026-09-09T22:54:24.488805750+00:00,1,0,0,1,1,1
2026-09-09T22:54:24.488808625+00:00,1,1,0,1,1,1
2026-09-09T22:54:24.488812500+00:00,1,0,0,1,1,1
2026-09-09T22:54:24.488815500+00:00,1,1,0,1,1,1
2026-09-09T22:54:24.488819750+00:00,1,0,0,1,1,1
2026-09-09T22:54:24.488822625+00:00,1,1,0,1,1,1
2026-09-09T22:54:24.488826625+00:00,1,0,0,1,1,1
2026-09-09T22:54:24.488829500+00:00,1,1,0,1,1,1
2026-09-09T22:54:24.488833500+00:00,1,0,0,1,1,1
2026-09-09T22:54:24.488836375+00:00,1,1,0,1,1,1
2026-09-09T22:54:24.488840500+00:00,1,0,0,1,1,1
2026-09-09T22:54:24.488843500+00:00,1,1,0,1,1,1
2026-09-09T22:54:24.488847250+00:00,1,0,0,1,1,1
2026-09-09T22:54:24.488850500+00:00,1,1,0,1,1,1
2026-09-09T22:54:24.488854625+00:00,1,0,0,1,1,1
2026-09-09T22:54:24.488857625+00:00,1,1,0,1,1,1
2026-09-09T22:54:24.488861375+00:00,1,0,0,1,1,1
2026-09-09T22:54:24.488864375+00:00,1,1,0,1,1,1
2026-09-09T22:54:24.488868125+00:00,1,0,0,1,1,1
2026-09-09T22:54:24.488871375+00:00,1,1,0,1,1,1
2026-09-09T22:54:24.488875250+00:00,1,0,0,1,1,1
2026-09-09T22:54:24.488878250+00:00,1,1,0,1,1,1
2026-09-09T22:54:24.488882125+00:00,1,0,0,1,1,1
2026-09-09T22:54:24.488885375+00:00,1,1,0,1,1,1
2026-09-09T22:54:24.488889250+00:00,1,0,0,1,1,1
2026-09-09T22:54:24.488892125+00:00,1,1,0,1,1,1
2026-09-09T22:54:24.488895875+00:00,1,0,0,1,1,1
2026-09-09T22:54:24.488898250+00:00,1,1,0,1,1,1
2026-09-09T22:54:24.488902000+00:00,1,0,0,1,1,1
2026-09-09T22:54:24.488905250+00:00,1,1,0,1,1,1
2026-09-09T22:54:24.488909500+00:00,1,0,0,1,1,1
2026-09-09T22:54:24.488912125+00:00,1,1,0,1,1,1
2026-09-09T22:54:24.488916000+00:00,1,0,0,1,1,1
2026-09-09T22:54:24.488919000+00:00,1,1,0,1,1,1
2026-09-09T22:54:24.488922875+00:00,1,0,0,1,1,1
2026-09-09T22:54:24.488926125+00:00,1,1,0,1,1,1
2026-09-09T22:54:24.488930000+00:00,1,0,0,1,1,1
2026-09-09T22:54:24.488932875+00:00,1,1,0,1,1,1
2026-09-09T22:54:24.488936750+00:00,1,0,0,1,1,1
2026-09-09T22:54:24.488940000+00:00,1,1,0,1,1,1
2026-09-09T22:54:24.488943875+00:00,1,0,0,1,1,1
2026-09-09T22:54:24.488946875+00:00,1,1,0,1,1,1
2026-09-09T22:54:24.488950750+00:00,1,0,0,1,1,1
2026-09-09T22:54:24.488954000+00:00,1,1,0,1,1,1
2026-09-09T22:54:24.488958000+00:00,1,0,0,1,1,1
2026-09-09T22:54:24.488960875+00:00,1,1,0,1,1,1
2026-09-09T22:54:24.488965000+00:00,1,0,0,1,1,1
2026-09-09T22:54:24.488967875+00:00,1,1,0,1,1,1
2026-09-09T22:54:24.488971875+00:00,1,0,0,1,1,1
2026-09-09T22:54:24.488974750+00:00,1,1,0,1,1,1
2026-09-09T22:54:24.488978625+00:00,1,0,0,1,1,1
2026-09-09T22:54:24.488981875+00:00,1,1,0,1,1,1
2026-09-09T22:54:24.488985875+00:00,1,0,0,1,1,1
2026-09-09T22:54:24.488988750+00:00,1,1,0,1,1,1
2026-09-09T22:54:24.488992625+00:00,1,0,0,1,1,1
2026-09-09T22:54:24.488995875+00:00,1,1,0,1,1,1
2026-09-09T22:54:24.488999750+00:00,1,0,0,1,1,1
2026-09-09T22:54:24.489002750+00:00,1,1,0,1,1,1
2026-09-09T22:54:24.489006500+00:00,1,0,0,1,1,1
2026-09-09T22:54:24.489009750+00:00,1,1,0,1,1,1
2026-09-09T22:54:24.489013625+00:00,1,0,0,1,1,1
2026-09-09T22:54:24.489016500+00:00,1,1,0,1,1,1
2026-09-09T22:54:24.489020750+00:00,1,0,0,1,1,1
2026-09-09T22:54:24.489023625+00:00,1,1,0,1,1,1
2026-09-09T22:54:24.489027500+00:00,1,0,0,1,1,1
2026-09-09T22:54:24.489030375+00:00,1,1,0,1,1,1
2026-09-09T22:54:24.489034250+00:00,1,0,0,1,1,1
2026-09-09T22:54:24.489036500+00:00,1,1,0,1,1,1
2026-09-09T22:54:24.489040375+00:00,1,0,0,1,1,1
2026-09-09T22:54:24.489043625+00:00,1,1,0,1,1,1
2026-09-09T22:54:24.489047500+00:00,1,0,0,1,1,1
2026-09-09T22:54:24.489050500+00:00,1,1,0,1,1,1
2026-09-09T22:54:24.489054375+00:00,1,0,0,1,1,1
2026-09-09T22:54:24.489057250+00:00,1,1,0,1,1,1
2026-09-09T22:54:24.489061250+00:00,1,0,0,1,1,1
2026-09-09T22:54:24.489064500+00:00,1,1,0,1,1,1
2026-09-09T22:54:24.489068375+00:00,1,0,0,1,1,1
2026-09-09T22:54:24.489071375+00:00,1,1,0,1,1,1
2026-09-09T22:54:24.489075500+00:00,1,0,0,1,1,1
2026-09-09T22:54:24.489078125+00:00,1,1,0,1,1,1
2026-09-09T22:54:24.489082375+00:00,1,0,0,1,1,1
2026-09-09T22:54:24.489085375+00:00,1,1,0,1,1,1
2026-09-09T22:54:24.489089250+00:00,1,0,0,1,1,1
2026-09-09T22:54:24.489092125+00:00,1,1,0,1,1,1
2026-09-09T22:54:24.489096125+00:00,1,0,0,1,1,1
2026-09-09T22:54:24.489099375+00:00,1,1,0,1,1,1
2026-09-09T22:54:24.489103250+00:00,1,0,0,1,1,1
2026-09-09T22:54:24.489106250+00:00,1,1,0,1,1,1
2026-09-09T22:54:24.489110000+00:00,1,0,0,1,1,1
2026-09-09T22:54:24.489113250+00:00,1,1,0,1,1,1
2026-09-09T22:54:24.489117125+00:00,1,0,0,1,1,1
2026-09-09T22:54:24.489120000+00:00,1,1,0,1,1,1
2026-09-09T22:54:24.489123875+00:00,1,0,0,1,1,1
2026-09-09T22:54:24.489127125+00:00,1,1,0,1,1,1
2026-09-09T22:54:24.489131375+00:00,1,0,0,1,1,1
2026-09-09T22:54:24.489134000+00:00,1,1,0,1,1,1
2026-09-09T22:54:24.489137875+00:00,1,0,0,1,1,1
2026-09-09T22:54:24.489140875+00:00,1,1,0,1,1,1
2026-09-09T22:54:24.489144750+00:00,1,0,0,1,1,1
2026-09-09T22:54:24.489148000+00:00,1,1,0,1,1,1
2026-09-09T22:54:24.489151875+00:00,1,0,0,1,1,1
2026-09-09T22:54:24.489154750+00:00,1,1,0,1,1,1
2026-09-09T22:54:24.489158750+00:00,1,0,0,1,1,1
2026-09-09T22:54:24.489162000+00:00,1,1,0,1,1,1
2026-09-09T22:54:24.489165875+00:00,1,0,0,1,1,1
2026-09-09T22:54:24.489168750+00:00,1,1,0,1,1,1
2026-09-09T22:54:24.489172750+00:00,1,0,0,1,1,1
2026-09-09T22:54:24.489175625+00:00,1,1,0,1,1,1
2026-09-09T22:54:24.489179750+00:00,1,0,0,1,1,1
2026-09-09T22:54:24.489182750+00:00,1,1,0,1,1,1
2026-09-09T22:54:24.489186875+00:00,1,0,0,1,1,1
2026-09-09T22:54:24.489189875+00:00,1,1,0,1,1,1
2026-09-09T22:54:24.489193750+00:00,1,0,0,1,1,1
2026-09-09T22:54:24.489196750+00:00,1,1,0,1,1,1
2026-09-09T22:54:24.489200625+00:00,1,0,0,1,1,1
2026-09-09T22:54:24.489203625+00:00,1,1,0,1,1,1
2026-09-09T22:54:24.489207375+00:00,1,0,0,1,1,1
2026-09-09T22:54:24.489210625+00:00,1,1,0,1,1,1
2026-09-09T22:54:24.489214500+00:00,1,0,0,1,1,1
2026-09-09T22:54:24.489217500+00:00,1,1,0,1,1,1
2026-09-09T22:54:24.489221250+00:00,1,0,0,1,1,1
2026-09-09T22:54:24.489224500+00:00,1,1,0,1,1,1
2026-09-09T22:54:24.489228500+00:00,1,0,0,1,1,1
2026-09-09T22:54:24.489231375+00:00,1,1,0,1,1,1
2026-09-09T22:54:24.489235250+00:00,1,0,0,1,1,1
2026-09-09T22:54:24.489238500+00:00,1,1,0,1,1,1
2026-09-09T22:54:24.489242625+00:00,1,0,0,1,1,1
2026-09-09T22:54:24.489245250+00:00,1,1,0,1,1,1
2026-09-09T22:54:24.489249375+00:00,1,0,0,1,1,1
2026-09-09T22:54:24.489252375+00:00,1,1,0,1,1,1
2026-09-09T22:54:24.489256125+00:00,1,0,0,1,1,1
2026-09-09T22:54:24.489259375+00:00,1,1,0,1,1,1
2026-09-09T22:54:24.489263250+00:00,1,0,0,1,1,1
2026-09-09T22:54:24.489266125+00:00,1,1,0,1,1,1
2026-09-09T22:54:24.489270375+00:00,1,0,0,1,1,1
2026-09-09T22:54:24.489273250+00:00,1,1,0,1,1,1
2026-09-09T22:54:24.489277125+00:00,1,0,0,1,1,1
2026-09-09T22:54:24.489280375+00:00,1,1,0,1,1,1
2026-09-09T22:54:24.489284125+00:00,1,0,0,1,1,1
2026-09-09T22:54:24.489287125+00:00,1,1,0,1,1,1
2026-09-09T22:54:24.489291250+00:00,1,0,0,1,1,1
2026-09-09T22:54:24.489294125+00:00,1,1,0,1,1,1
2026-09-09T22:54:24.489298250+00:00,1,0,0,1,1,1
2026-09-09T22:54:24.489301250+00:00,1,1,0,1,1,1
2026-09-09T22:54:24.489305125+00:00,1,0,0,1,1,1
2026-09-09T22:54:24.489308000+00:00,1,1,0,1,1,1
2026-09-09T22:54:24.489312000+00:00,1,0,0,1,1,1
2026-09-09T22:54:24.489315250+00:00,1,1,0,1,1,1
2026-09-09T22:54:24.489319000+00:00,1,0,0,1,1,1
2026-09-09T22:54:24.489321875+00:00,1,1,0,1,1,1
2026-09-09T22:54:24.489325750+00:00,1,0,0,1,1,1
2026-09-09T22:54:24.489328000+00:00,1,1,0,1,1,1
2026-09-09T22:54:24.489331750+00:00,1,0,0,1,1,1
2026-09-09T22:54:24.489335125+00:00,1,1,0,1,1,1
2026-09-09T22:54:24.489339000+00:00,1,0,0,1,1,1
2026-09-09T22:54:24.489341875+00:00,1,1,0,1,1,1
2026-09-09T22:54:24.489345750+00:00,1,0,0,1,1,1
2026-09-09T22:54:24.489349000+00:00,1,1,0,1,1,1
2026-09-09T22:54:24.489353250+00:00,1,0,0,1,1,1
2026-09-09T22:54:24.489355750+00:00,1,1,0,1,1,1
2026-09-09T22:54:24.489359625+00:00,1,0,0,1,1,1
2026-09-09T22:54:24.489362875+00:00,1,1,0,1,1,1
2026-09-09T22:54:24.489366750+00:00,1,0,0,1,1,1
2026-09-09T22:54:24.489369750+00:00,1,1,0,1,1,1
2026-09-09T22:54:24.489373500+00:00,1,0,0,1,1,1
2026-09-09T22:54:24.489376750+00:00,1,1,0,1,1,1
2026-09-09T22:54:24.489380500+00:00,1,0,0,1,1,1
2026-09-09T22:54:24.489383750+00:00,1,1,0,1,1,1
2026-09-09T22:54:24.489387750+00:00,1,0,0,1,1,1
2026-09-09T22:54:24.489390625+00:00,1,1,0,1,1,1
2026-09-09T22:54:24.489394500+00:00,1,0,0,1,1,1
2026-09-09T22:54:24.489397750+00:00,1,1,0,1,1,1
2026-09-09T22:54:24.489401625+00:00,1,0,0,1,1,1
2026-09-09T22:54:24.489404625+00:00,1,1,0,1,1,1
2026-09-09T22:54:24.489408750+00:00,1,0,0,1,1,1
2026-09-09T22:54:24.489411750+00:00,1,1,0,1,1,1
2026-09-09T22:54:24.489415625+00:00,1,0,0,1,1,1
2026-09-09T22:54:24.489418625+00:00,1,1,0,1,1,1
2026-09-09T22:54:24.489422500+00:00,1,0,0,1,1,1
2026-09-09T22:54:24.489425375+00:00,1,1,0,1,1,1
2026-09-09T22:54:24.489429250+00:00,1,0,0,1,1,1
2026-09-09T22:54:24.489431500+00:00,1,1,0,1,1,1
2026-09-09T22:54:24.489435375+00:00,1,0,0,1,1,1
2026-09-09T22:54:24.489438375+00:00,1,1,0,1,1,1
2026-09-09T22:54:24.489442250+00:00,1,0,0,1,1,1
2026-09-09T22:54:24.489445500+00:00,1,1,0,1,1,1
2026-09-09T22:54:24.489449375+00:00,1,0,0,1,1,1
2026-09-09T22:54:24.489452250+00:00,1,1,0,1,1,1
2026-09-09T22:54:24.489456250+00:00,1,0,0,1,1,1
2026-09-09T22:54:24.489459500+00:00,1,1,0,1,1,1
2026-09-09T22:54:24.489463625+00:00,1,0,0,1,1,1
2026-09-09T22:54:24.489466125+00:00,1,1,0,1,1,1
2026-09-09T22:54:24.489470000+00:00,1,0,0,1,1,1
2026-09-09T22:54:24.489472250+00:00,1,1,0,1,1,1
2026-09-09T22:54:24.489476125+00:00,1,0,0,1,1,1
2026-09-09T22:54:24.489479375+00:00,1,1,0,1,1,1
2026-09-09T22:54:24.489483125+00:00,1,0,0,1,1,1
2026-09-09T22:54:24.489486125+00:00,1,1,0,1,1,1
2026-09-09T22:54:24.489489875+00:00,1,0,0,1,1,1
2026-09-09T22:54:24.489493125+00:00,1,1,0,1,1,1
2026-09-09T22:54:24.489497125+00:00,1,0,0,1,1,1
2026-09-09T22:54:24.489500000+00:00,1,1,0,1,1,1
2026-09-09T22:54:24.489503875+00:00,1,0,0,1,1,1
2026-09-09T22:54:24.489506125+00:00,1,1,0,1,1,1
2026-09-09T22:54:24.489509875+00:00,1,0,0,1,1,1
2026-09-09T22:54:24.489513125+00:00,1,1,0,1,1,1
2026-09-09T22:54:24.489517250+00:00,1,0,0,1,1,1
2026-09-09T22:54:24.489519875+00:00,1,1,0,1,1,1
2026-09-09T22:54:24.489523750+00:00,1,0,0,1,1,1
2026-09-09T22:54:24.489526000+00:00,1,1,0,1,1,1
2026-09-09T22:54:24.489529875+00:00,1,0,0,1,1,1
2026-09-09T22:54:24.489533125+00:00,1,1,0,1,1,1
2026-09-09T22:54:24.489537000+00:00,1,0,0,1,1,1
2026-09-09T22:54:24.489539875+00:00,1,1,0,1,1,1
2026-09-09T22:54:24.489543750+00:00,1,0,0,1,1,1
2026-09-09T22:54:24.489547000+00:00,1,1,0,1,1,1
2026-09-09T22:54:24.489550750+00:00,1,0,0,1,1,1
2026-09-09T22:54:24.489553750+00:00,1,1,0,1,1,1
2026-09-09T22:54:24.489557500+00:00,1,0,0,1,1,1
2026-09-09T22:54:24.489560750+00:00,1,1,0,1,1,1
2026-09-09T22:54:24.489564625+00:00,1,0,0,1,1,1
2026-09-09T22:54:24.489567875+00:00,1,1,0,1,1,1
2026-09-09T22:54:24.489572125+00:00,1,0,0,1,1,1
2026-09-09T22:54:24.489574750+00:00,1,1,0,1,1,1
2026-09-09T22:54:24.489578500+00:00,1,0,0,1,1,1
2026-09-09T22:54:24.489581750+00:00,1,1,0,1,1,1
2026-09-09T22:54:24.489585625+00:00,1,0,0,1,1,1
2026-09-09T22:54:24.489588500+00:00,1,1,0,1,1,1
2026-09-09T22:54:24.489592625+00:00,1,0,0,1,1,1
2026-09-09T22:54:24.489595625+00:00,1,1,0,1,1,1
2026-09-09T22:54:24.489599500+00:00,1,0,0,1,1,1
2026-09-09T22:54:24.489602375+00:00,1,1,0,1,1,1
2026-09-09T22:54:24.489606625+00:00,1,0,0,1,1,1
2026-09-09T22:54:24.489609625+00:00,1,1,0,1,1,1
2026-09-09T22:54:24.489613375+00:00,1,0,0,1,1,1
2026-09-09T22:54:24.489616625+00:00,1,1,0,1,1,1
2026-09-09T22:54:24.489620625+00:00,1,0,0,1,1,1
2026-09-09T22:54:24.489623500+00:00,1,1,0,1,1,1
2026-09-09T22:54:24.489627625+00:00,1,0,0,1,1,1
2026-09-09T22:54:24.489630500+00:00,1,1,0,1,1,1
2026-09-09T22:54:24.489634375+00:00,1,0,0,1,1,1
2026-09-09T22:54:24.489637250+00:00,1,1,0,1,1,1
2026-09-09T22:54:24.489641375+00:00,1,0,0,1,1,1
2026-09-09T22:54:24.489644250+00:00,1,1,0,1,1,1
2026-09-09T22:54:24.489648250+00:00,1,0,0,1,1,1
2026-09-09T22:54:24.489651500+00:00,1,1,0,1,1,1
2026-09-09T22:54:24.489655250+00:00,1,0,0,1,1,1
2026-09-09T22:54:24.489658250+00:00,1,1,0,1,1,1
2026-09-09T22:54:24.489662000+00:00,1,0,0,1,1,1
2026-09-09T22:54:24.489665250+00:00,1,1,0,1,1,1
2026-09-09T22:54:24.489669000+00:00,1,0,0,1,1,1
2026-09-09T22:54:24.489672250+00:00,1,1,0,1,1,1
2026-09-09T22:54:24.489676125+00:00,1,0,0,1,1,1
2026-09-09T22:54:24.489679000+00:00,1,1,0,1,1,1
2026-09-09T22:54:24.489683375+00:00,1,0,0,1,1,1
2026-09-09T22:54:24.489686000+00:00,1,1,0,1,1,1
2026-09-09T22:54:24.489690000+00:00,1,0,0,1,1,1
2026-09-09T22:54:24.489693250+00:00,1,1,0,1,1,1
2026-09-09T22:54:24.489697000+00:00,1,0,0,1,1,1
2026-09-09T22:54:24.489700000+00:00,1,1,0,1,1,1
2026-09-09T22:54:24.489703875+00:00,1,0,0,1,1,1
2026-09-09T22:54:24.489707125+00:00,1,1,0,1,1,1
2026-09-09T22:54:24.489710875+00:00,1,0,0,1,1,1
2026-09-09T22:54:24.489713875+00:00,1,1,0,1,1,1
2026-09-09T22:54:24.489718125+00:00,1,0,0,1,1,1
2026-09-09T22:54:24.489721000+00:00,1,1,0,1,1,1
2026-09-09T22:54:24.489725000+00:00,1,0,0,1,1,1
2026-09-09T22:54:24.489727875+00:00,1,1,0,1,1,1
2026-09-09T22:54:24.489731750+00:00,1,0,0,1,1,1
2026-09-09T22:54:24.489734750+00:00,1,1,0,1,1,1
2026-09-09T22:54:24.489739250+00:00,1,0,0,1,1,1
2026-09-09T22:54:24.489741875+00:00,1,1,0,1,1,1
2026-09-09T22:54:24.489745750+00:00,1,0,0,1,1,1
2026-09-09T22:54:24.489748750+00:00,1,1,0,1,1,1
2026-09-09T22:54:24.489752625+00:00,1,0,0,1,1,1
2026-09-09T22:54:24.489755875+00:00,1,1,0,1,1,1
2026-09-09T22:54:24.489759750+00:00,1,0,0,1,1,1
2026-09-09T22:54:24.489762625+00:00,1,1,0,1,1,1
2026-09-09T22:54:24.489766500+00:00,1,0,0,1,1,1
2026-09-09T22:54:24.489769750+00:00,1,1,0,1,1,1
2026-09-09T22:54:24.489773500+00:00,1,0,0,1,1,1
2026-09-09T22:54:24.489776750+00:00,1,1,0,1,1,1
2026-09-09T22:54:24.489780750+00:00,1,0,0,1,1,1
2026-09-09T22:54:24.489783625+00:00,1,1,0,1,1,1
2026-09-09T22:54:24.489787500+00:00,1,0,0,1,1,1
2026-09-09T22:54:24.489790750+00:00,1,1,0,1,1,1
2026-09-09T22:54:24.489794875+00:00,1,0,0,1,1,1
2026-09-09T22:54:24.489797500+00:00,1,1,0,1,1,1
2026-09-09T22:54:24.489801375+00:00,1,0,0,1,1,1
2026-09-09T22:54:24.489804625+00:00,1,1,0,1,1,1
2026-09-09T22:54:24.489808500+00:00,1,0,0,1,1,1
2026-09-09T22:54:24.489811500+00:00,1,1,0,1,1,1
2026-09-09T22:54:24.489815375+00:00,1,0,0,1,1,1
2026-09-09T22:54:24.489818250+00:00,1,1,0,1,1,1
2026-09-09T22:54:24.489822500+00:00,1,0,0,1,1,1
2026-09-09T22:54:24.489825500+00:00,1,1,0,1,1,1
2026-09-09T22:54:24.489829375+00:00,1,0,0,1,1,1
2026-09-09T22:54:24.489832375+00:00,1,1,0,1,1,1
2026-09-09T22:54:24.489836250+00:00,1,0,0,1,1,1
2026-09-09T22:54:24.489839500+00:00,1,1,0,1,1,1
2026-09-09T22:54:24.489843250+00:00,1,0,0,1,1,1
2026-09-09T22:54:24.489846250+00:00,1,1,0,1,1,1
2026-09-09T22:54:24.489850500+00:00,1,0,0,1,1,1
2026-09-09T22:54:24.489853375+00:00,1,1,0,1,1,1
2026-09-09T22:54:24.489857250+00:00,1,0,0,1,1,1
2026-09-09T22:54:24.489860250+00:00,1,1,0,1,1,1
2026-09-09T22:54:24.489864000+00:00,1,0,0,1,1,1
2026-09-09T22:54:24.489867250+00:00,1,1,0,1,1,1
2026-09-09T22:54:24.489871125+00:00,1,0,0,1,1,1
2026-09-09T22:54:24.489874000+00:00,1,1,0,1,1,1
2026-09-09T22:54:24.489878125+00:00,1,0,0,1,1,1
2026-09-09T22:54:24.489881000+00:00,1,1,0,1,1,1
2026-09-09T22:54:24.489885000+00:00,1,0,0,1,1,1
2026-09-09T22:54:24.489888250+00:00,1,1,0,1,1,1
2026-09-09T22:54:24.489892000+00:00,1,0,0,1,1,1
2026-09-09T22:54:24.489895000+00:00,1,1,0,1,1,1
2026-09-09T22:54:24.489898750+00:00,1,0,0,1,1,1
2026-09-09T22:54:24.489902000+00:00,1,1,0,1,1,1
2026-09-09T22:54:24.489906250+00:00,1,0,0,1,1,1
2026-09-09T22:54:24.489908875+00:00,1,1,0,1,1,1
2026-09-09T22:54:24.489912625+00:00,1,0,0,1,1,1
2026-09-09T22:54:24.489915625+00:00,1,1,0,1,1,1
2026-09-09T22:54:24.489918875+00:00,1,0,0,1,1,1
2026-09-09T22:54:24.489921750+00:00,1,1,0,1,1,1
2026-09-09T22:54:24.489925625+00:00,1,0,0,1,1,1
2026-09-09T22:54:24.489927875+00:00,1,1,0,1,1,1
2026-09-09T22:54:24.489931625+00:00,1,0,0,1,1,1
2026-09-09T22:54:24.489934875+00:00,1,1,0,1,1,1
2026-09-09T22:54:24.489938875+00:00,1,0,0,1,1,1
2026-09-09T22:54:24.489941750+00:00,1,1,0,1,1,1
2026-09-09T22:54:24.489945750+00:00,1,0,0,1,1,1
2026-09-09T22:54:24.489948625+00:00,1,1,0,1,1,1
2026-09-09T22:54:24.489952500+00:00,1,0,0,1,1,1
2026-09-09T22:54:24.489954750+00:00,1,1,0,1,1,1
2026-09-09T22:54:24.489958875+00:00,1,0,0,1,1,1
2026-09-09T22:54:24.489961750+00:00,1,1,0,1,1,1
2026-09-09T22:54:24.489965625+00:00,1,0,0,1,1,1
2026-09-09T22:54:24.489968500+00:00,1,1,0,1,1,1
2026-09-09T22:54:24.489972375+00:00,1,0,0,1,1,1
2026-09-09T22:54:24.489974625+00:00,1,1,0,1,1,1
2026-09-09T22:54:24.489978500+00:00,1,0,0,1,1,1
2026-09-09T22:54:24.489981500+00:00,1,1,0,1,1,1
2026-09-09T22:54:24.489985250+00:00,1,0,0,1,1,1
2026-09-09T22:54:24.489988500+00:00,1,1,0,1,1,1
2026-09-09T22:54:24.489992375+00:00,1,0,0,1,1,1
2026-09-09T22:54:24.489995625+00:00,1,1,0,1,1,1
2026-09-09T22:54:24.489999375+00:00,1,0,0,1,1,1
2026-09-09T22:54:24.490002375+00:00,1,1,0,1,1,1
2026-09-09T22:54:24.490006250+00:00,1,0,0,1,1,1
2026-09-09T22:54:24.490009500+00:00,1,1,0,1,1,1
2026-09-09T22:54:24.490013625+00:00,1,0,0,1,1,1
2026-09-09T22:54:24.490016250+00:00,1,1,0,1,1,1
2026-09-09T22:54:24.490020500+00:00,1,0,0,1,1,1
2026-09-09T22:54:24.490023375+00:00,1,1,0,1,1,1
2026-09-09T22:54:24.490027250+00:00,1,0,0,1,1,1
2026-09-09T22:54:24.490030125+00:00,1,1,0,1,1,1
2026-09-09T22:54:24.490034250+00:00,1,0,0,1,1,1
2026-09-09T22:54:24.490037250+00:00,1,1,0,1,1,1
2026-09-09T22:54:24.490041125+00:00,1,0,0,1,1,1
2026-09-09T22:54:24.490044375+00:00,1,1,0,1,1,1
2026-09-09T22:54:24.490048375+00:00,1,0,0,1,1,1
2026-09-09T22:54:24.490051250+00:00,1,1,0,1,1,1
2026-09-09T22:54:24.490055000+00:00,1,0,0,1,1,1
2026-09-09T22:54:24.490058250+00:00,1,1,0,1,1,1
2026-09-09T22:54:24.490062250+00:00,1,0,0,1,1,1
2026-09-09T22:54:24.490065125+00:00,1,1,0,1,1,1
2026-09-09T22:54:24.490069250+00:00,1,0,0,1,1,1
2026-09-09T22:54:24.490072125+00:00,1,1,0,1,1,1
2026-09-09T22:54:24.490076000+00:00,1,0,0,1,1,1
2026-09-09T22:54:24.490079250+00:00,1,1,0,1,1,1
2026-09-09T22:54:24.490083125+00:00,1,0,0,1,1,1
2026-09-09T22:54:24.490086125+00:00,1,1,0,1,1,1
2026-09-09T22:54:24.490089875+00:00,1,0,0,1,1,1
2026-09-09T22:54:24.490093125+00:00,1,1,0,1,1,1
2026-09-09T22:54:24.490097000+00:00,1,0,0,1,1,1
2026-09-09T22:54:24.490100000+00:00,1,1,0,1,1,1
2026-09-09T22:54:24.490103750+00:00,1,0,0,1,1,1
2026-09-09T22:54:24.490107000+00:00,1,1,0,1,1,1
2026-09-09T22:54:24.490111000+00:00,1,0,0,1,1,1
2026-09-09T22:54:24.490113875+00:00,1,1,0,1,1,1
2026-09-09T22:54:24.490117625+00:00,1,0,0,1,1,1
2026-09-09T22:54:24.490120875+00:00,1,1,0,1,1,1
2026-09-09T22:54:24.490125000+00:00,1,0,0,1,1,1
2026-09-09T22:54:24.490128000+00:00,1,1,0,1,1,1
2026-09-09T22:54:24.490131750+00:00,1,0,0,1,1,1
2026-09-09T22:54:24.490134625+00:00,1,1,0,1,1,1
2026-09-09T22:54:24.490138625+00:00,1,0,0,1,1,1
2026-09-09T22:54:24.490141875+00:00,1,1,0,1,1,1
2026-09-09T22:54:24.490145750+00:00,1,0,0,1,1,1
2026-09-09T22:54:24.490148750+00:00,1,1,0,1,1,1
2026-09-09T22:54:24.490152625+00:00,1,0,0,1,1,1
2026-09-09T22:54:24.490155500+00:00,1,1,0,1,1,1
2026-09-09T22:54:24.490159375+00:00,1,0,0,1,1,1
2026-09-09T22:54:24.490162625+00:00,1,1,0,1,1,1
2026-09-09T22:54:24.490166375+00:00,1,0,0,1,1,1
2026-09-09T22:54:24.490169625+00:00,1,1,0,1,1,1
2026-09-09T22:54:24.490173500+00:00,1,0,0,1,1,1
2026-09-09T22:54:24.490176375+00:00,1,1,0,1,1,1
2026-09-09T22:54:24.490180625+00:00,1,0,0,1,1,1
2026-09-09T22:54:24.490183625+00:00,1,1,0,1,1,1
2026-09-09T22:54:24.490187500+00:00,1,0,0,1,1,1
2026-09-09T22:54:24.490190375+00:00,1,1,0,1,1,1
2026-09-09T22:54:24.490194250+00:00,1,0,0,1,1,1
2026-09-09T22:54:24.490197500+00:00,1,1,0,1,1,1
2026-09-09T22:54:24.490201375+00:00,1,0,0,1,1,1
2026-09-09T22:54:24.490204375+00:00,1,1,0,1,1,1
2026-09-09T22:54:24.490208250+00:00,1,0,0,1,1,1
2026-09-09T22:54:24.490211500+00:00,1,1,0,1,1,1
2026-09-09T22:54:24.490215375+00:00,1,0,0,1,1,1
2026-09-09T22:54:24.490218250+00:00,1,1,0,1,1,1
2026-09-09T22:54:24.490222125+00:00,1,0,0,1,1,1
2026-09-09T22:54:24.490225375+00:00,1,1,0,1,1,1
2026-09-09T22:54:24.490229250+00:00,1,0,0,1,1,1
2026-09-09T22:54:24.490232125+00:00,1,1,0,1,1,1
2026-09-09T22:54:24.490236375+00:00,1,0,0,1,1,1
2026-09-09T22:54:24.490239250+00:00,1,1,0,1,1,1
2026-09-09T22:54:24.490243250+00:00,1,0,0,1,1,1
2026-09-09T22:54:24.490246125+00:00,1,1,0,1,1,1
2026-09-09T22:54:24.490250000+00:00,1,0,0,1,1,1
2026-09-09T22:54:24.490253250+00:00,1,1,0,1,1,1
2026-09-09T22:54:24.490257000+00:00,1,0,0,1,1,1
2026-09-09T22:54:24.490260250+00:00,1,1,0,1,1,1
2026-09-09T22:54:24.490264000+00:00,1,0,0,1,1,1
2026-09-09T22:54:24.490267000+00:00,1,1,0,1,1,1
2026-09-09T22:54:24.490270875+00:00,1,0,0,1,1,1
2026-09-09T22:54:24.490274125+00:00,1,1,0,1,1,1
2026-09-09T22:54:24.490278000+00:00,1,0,0,1,1,1
2026-09-09T22:54:24.490280875+00:00,1,1,0,1,1,1
2026-09-09T22:54:24.490284625+00:00,1,0,0,1,1,1
2026-09-09T22:54:24.490287000+00:00,1,1,0,1,1,1
2026-09-09T22:54:24.490291125+00:00,1,0,0,1,1,1
2026-09-09T22:54:24.490293750+00:00,1,1,0,1,1,1
2026-09-09T22:54:24.490297750+00:00,1,0,0,1,1,1
2026-09-09T22:54:24.490301000+00:00,1,1,0,1,1,1
2026-09-09T22:54:24.490304750+00:00,1,0,0,1,1,1
2026-09-09T22:54:24.490307750+00:00,1,1,0,1,1,1
2026-09-09T22:54:24.490311500+00:00,1,0,0,1,1,1
2026-09-09T22:54:24.490313750+00:00,1,1,0,1,1,1
2026-09-09T22:54:24.490317750+00:00,1,0,0,1,1,1
2026-09-09T22:54:24.490320625+00:00,1,1,0,1,1,1
2026-09-09T22:54:24.490324625+00:00,1,0,0,1,1,1
2026-09-09T22:54:24.490327875+00:00,1,1,0,1,1,1
2026-09-09T22:54:24.490331750+00:00,1,0,0,1,1,1
2026-09-09T22:54:24.490334625+00:00,1,1,0,1,1,1
2026-09-09T22:54:24.490338500+00:00,1,0,0,1,1,1
2026-09-09T22:54:24.490341750+00:00,1,1,0,1,1,1
2026-09-09T22:54:24.490346000+00:00,1,0,0,1,1,1
2026-09-09T22:54:24.490348500+00:00,1,1,0,1,1,1
2026-09-09T22:54:24.490352375+00:00,1,0,0,1,1,1
2026-09-09T22:54:24.490355625+00:00,1,1,0,1,1,1
2026-09-09T22:54:24.490359500+00:00,1,0,0,1,1,1
2026-09-09T22:54:24.490362500+00:00,1,1,0,1,1,1
2026-09-09T22:54:24.490366375+00:00,1,0,0,1,1,1
2026-09-09T22:54:24.490369625+00:00,1,1,0,1,1,1
2026-09-09T22:54:24.490373500+00:00,1,0,0,1,1,1
2026-09-09T22:54:24.490376500+00:00,1,1,0,1,1,1
2026-09-09T22:54:24.490380375+00:00,1,0,0,1,1,1
2026-09-09T22:54:24.490383375+00:00,1,1,0,1,1,1
2026-09-09T22:54:24.490387125+00:00,1,0,0,1,1,1
2026-09-09T22:54:24.490389375+00:00,1,1,0,1,1,1
2026-09-09T22:54:24.490393375+00:00,1,0,0,1,1,1
2026-09-09T22:54:24.490396250+00:00,1,1,0,1,1,1
2026-09-09T22:54:24.490400500+00:00,1,0,0,1,1,1
2026-09-09T22:54:24.490403375+00:00,1,1,0,1,1,1
2026-09-09T22:54:24.490407375+00:00,1,0,0,1,1,1
2026-09-09T22:54:24.490410250+00:00,1,1,0,1,1,1
2026-09-09T22:54:24.490414125+00:00,1,0,0,1,1,1
2026-09-09T22:54:24.490417375+00:00,1,1,0,1,1,1
2026-09-09T22:54:24.490421125+00:00,1,0,0,1,1,1
2026-09-09T22:54:24.490424125+00:00,1,1,0,1,1,1
2026-09-09T22:54:24.490428250+00:00,1,0,0,1,1,1
2026-09-09T22:54:24.490431125+00:00,1,1,0,1,1,1
2026-09-09T22:54:24.490435000+00:00,1,0,0,1,1,1
2026-09-09T22:54:24.490438250+00:00,1,1,0,1,1,1
2026-09-09T22:54:24.490442000+00:00,1,0,0,1,1,1
2026-09-09T22:54:24.490445000+00:00,1,1,0,1,1,1
2026-09-09T22:54:24.490449125+00:00,1,0,0,1,1,1
2026-09-09T22:54:24.490452000+00:00,1,1,0,1,1,1
2026-09-09T22:54:24.490456250+00:00,1,0,0,1,1,1
2026-09-09T22:54:24.490459125+00:00,1,1,0,1,1,1
2026-09-09T22:54:24.490463000+00:00,1,0,0,1,1,1
2026-09-09T22:54:24.490465875+00:00,1,1,0,1,1,1
2026-09-09T22:54:24.490469750+00:00,1,0,0,1,1,1
2026-09-09T22:54:24.490473000+00:00,1,1,0,1,1,1
2026-09-09T22:54:24.490476750+00:00,1,0,0,1,1,1
2026-09-09T22:54:24.490480125+00:00,1,1,0,1,1,1
2026-09-09T22:54:24.490484000+00:00,1,0,0,1,1,1
2026-09-09T22:54:24.490486875+00:00,1,1,0,1,1,1
2026-09-09T22:54:24.490490875+00:00,1,0,0,1,1,1
2026-09-09T22:54:24.490493750+00:00,1,1,0,1,1,1
2026-09-09T22:54:24.490497500+00:00,1,0,0,1,1,1
2026-09-09T22:54:24.490499875+00:00,1,1,0,1,1,1
2026-09-09T22:54:24.490503750+00:00,1,0,0,1,1,1
2026-09-09T22:54:24.490506750+00:00,1,1,0,1,1,1
2026-09-09T22:54:24.490510750+00:00,1,0,0,1,1,1
2026-09-09T22:54:24.490513750+00:00,1,1,0,1,1,1
2026-09-09T22:54:24.490517625+00:00,1,0,0,1,1,1
2026-09-09T22:54:24.490520625+00:00,1,1,0,1,1,1
2026-09-09T22:54:24.490524750+00:00,1,0,0,1,1,1
2026-09-09T22:54:24.490527625+00:00,1,1,0,1,1,1
2026-09-09T22:54:24.490531375+00:00,1,0,0,1,1,1
2026-09-09T22:54:24.490534625+00:00,1,1,0,1,1,1
2026-09-09T22:54:24.490538500+00:00,1,0,0,1,1,1
2026-09-09T22:54:24.490541750+00:00,1,1,0,1,1,1
2026-09-09T22:54:24.490545625+00:00,1,0,0,1,1,1
2026-09-09T22:54:24.490548625+00:00,1,1,0,1,1,1
2026-09-09T22:54:24.490552375+00:00,1,0,0,1,1,1
2026-09-09T22:54:24.490555625+00:00,1,1,0,1,1,1
2026-09-09T22:54:24.490559500+00:00,1,0,0,1,1,1
2026-09-09T22:54:24.490562500+00:00,1,1,0,1,1,1
2026-09-09T22:54:24.490566625+00:00,1,0,0,1,1,1
2026-09-09T22:54:24.490569500+00:00,1,1,0,1,1,1
2026-09-09T22:54:24.490573250+00:00,1,0,0,1,1,1
2026-09-09T22:54:24.490576500+00:00,1,1,0,1,1,1
2026-09-09T22:54:24.490580375+00:00,1,0,0,1,1,1
2026-09-09T22:54:24.490583250+00:00,1,1,0,1,1,1
2026-09-09T22:54:24.490587000+00:00,1,0,0,1,1,1
2026-09-09T22:54:24.490589375+00:00,1,1,0,1,1,1
2026-09-09T22:54:24.490593250+00:00,1,0,0,1,1,1
2026-09-09T22:54:24.490596250+00:00,1,1,0,1,1,1
2026-09-09T22:54:24.490600000+00:00,1,0,0,1,1,1
2026-09-09T22:54:24.490602250+00:00,1,1,0,1,1,1
2026-09-09T22:54:24.490606125+00:00,1,0,0,1,1,1
2026-09-09T22:54:24.490609375+00:00,1,1,0,1,1,1
2026-09-09T22:54:24.490613250+00:00,1,0,0,1,1,1
2026-09-09T22:54:24.490616250+00:00,1,1,0,1,1,1
2026-09-09T22:54:24.490620250+00:00,1,0,0,1,1,1
2026-09-09T22:54:24.490623250+00:00,1,1,0,1,1,1
2026-09-09T22:54:24.490627125+00:00,1,0,0,1,1,1
2026-09-09T22:54:24.490630125+00:00,1,1,0,1,1,1
2026-09-09T22:54:24.490634000+00:00,1,0,0,1,1,1
2026-09-09T22:54:24.490637250+00:00,1,1,0,1,1,1
2026-09-09T22:54:24.490641000+00:00,1,0,0,1,1,1
2026-09-09T22:54:24.490644000+00:00,1,1,0,1,1,1
2026-09-09T22:54:24.490647875+00:00,1,0,0,1,1,1
2026-09-09T22:54:24.490651125+00:00,1,1,0,1,1,1
2026-09-09T22:54:24.490655125+00:00,1,0,0,1,1,1
2026-09-09T22:54:24.490658000+00:00,1,1,0,1,1,1
2026-09-09T22:54:24.490661875+00:00,1,0,0,1,1,1
2026-09-09T22:54:24.490664875+00:00,1,1,0,1,1,1
2026-09-09T22:54:24.490668750+00:00,1,0,0,1,1,1
2026-09-09T22:54:24.490672000+00:00,1,1,0,1,1,1
2026-09-09T22:54:24.490676250+00:00,1,0,0,1,1,1
2026-09-09T22:54:24.490678875+00:00,1,1,0,1,1,1
2026-09-09T22:54:24.490682750+00:00,1,0,1,1,1,1
2026-09-09T22:54:24.490685750+00:00,1,1,1,1,1,1
2026-09-09T22:54:24.490690125+00:00,1,0,0,1,1,1
2026-09-09T22:54:24.490692750+00:00,1,1,0,1,1,1
2026-09-09T22:54:24.490696750+00:00,1,0,1,1,1,1
2026-09-09T22:54:24.490699625+00:00,1,1,1,1,1,1
2026-09-09T22:54:24.490703750+00:00,1,0,1,1,1,1
2026-09-09T22:54:24.490703875+00:00,1,0,0,1,1,1
2026-09-09T22:54:24.490706625+00:00,1,1,0,1,1,1
2026-09-09T22:54:24.490710500+00:00,1,0,1,1,1,1
2026-09-09T22:54:24.490713625+00:00,1,1,1,1,1,1
2026-09-09T22:54:24.490717500+00:00,1,0,0,1,1,1
2026-09-09T22:54:24.490720625+00:00,1,1,0,1,1,1
2026-09-09T22:54:24.490724625+00:00,1,0,1,1,1,1
2026-09-09T22:54:24.490727500+00:00,1,1,1,1,1,1
2026-09-09T22:54:24.490732000+00:00,1,0,1,1,1,1
2026-09-09T22:54:24.490734625+00:00,1,1,1,1,1,1
2026-09-09T22:54:24.490738500+00:00,1,0,0,1,1,1
2026-09-09T22:54:24.490741625+00:00,1,1,0,1,1,1
2026-09-09T22:54:24.490745625+00:00,1,0,1,1,1,1
2026-09-09T22:54:24.490748375+00:00,1,1,1,1,1,1
2026-09-09T22:54:24.490752250+00:00,1,0,0,1,1,1
2026-09-09T22:54:24.490755375+00:00,1,1,0,1,1,1
2026-09-09T22:54:24.490759250+00:00,1,0,1,1,1,1
2026-09-09T22:54:24.490762375+00:00,1,1,1,1,1,1
2026-09-09T22:54:24.490766250+00:00,1,0,0,1,1,1
2026-09-09T22:54:24.490769375+00:00,1,1,0,1,1,1
2026-09-09T22:54:24.490773375+00:00,1,0,1,1,1,1
2026-09-09T22:54:24.490776250+00:00,1,1,1,1,1,1
2026-09-09T22:54:24.490780500+00:00,1,0,0,1,1,1
2026-09-09T22:54:24.490783375+00:00,1,1,0,1,1,1
2026-09-09T22:54:24.490787625+00:00,1,0,1,1,1,1
2026-09-09T22:54:24.490790125+00:00,1,1,1,1,1,1
2026-09-09T22:54:24.490794000+00:00,1,0,0,1,1,1
2026-09-09T22:54:24.490796125+00:00,1,1,0,1,1,1
2026-09-09T22:54:24.490799750+00:00,1,0,0,1,1,1
2026-09-09T22:54:24.490802250+00:00,1,1,0,1,1,1
2026-09-09T22:54:24.490805875+00:00,1,0,0,1,1,1
2026-09-09T22:54:24.490808000+00:00,1,1,0,1,1,1
2026-09-09T22:54:24.490811875+00:00,1,0,0,1,1,1
2026-09-09T22:54:24.490814125+00:00,1,1,0,1,1,1
2026-09-09T22:54:24.490817625+00:00,1,0,1,1,1,1
2026-09-09T22:54:24.490820125+00:00,1,1,1,1,1,1
2026-09-09T22:54:24.490823625+00:00,1,0,0,1,1,1
2026-09-09T22:54:24.490825875+00:00,1,1,0,1,1,1
2026-09-09T22:54:24.490829750+00:00,1,0,0,1,1,1
2026-09-09T22:54:24.490831875+00:00,1,1,0,1,1,1
2026-09-09T22:54:24.490835750+00:00,1,0,1,1,1,1
2026-09-09T22:54:24.490837875+00:00,1,1,1,1,1,1
2026-09-09T22:54:24.490841500+00:00,1,0,0,1,1,1
2026-09-09T22:54:24.490844000+00:00,1,1,0,1,1,1
2026-09-09T22:54:24.490847500+00:00,1,0,1,1,1,1
2026-09-09T22:54:24.490849750+00:00,1,1,1,1,1,1
2026-09-09T22:54:24.490853625+00:00,1,0,0,1,1,1
2026-09-09T22:54:24.490855875+00:00,1,1,0,1,1,1
2026-09-09T22:54:24.490859375+00:00,1,0,0,1,1,1
2026-09-09T22:54:24.490861875+00:00,1,1,0,1,1,1
2026-09-09T22:54:24.490865375+00:00,1,0,1,1,1,1
2026-09-09T22:54:24.490867875+00:00,1,1,1,1,1,1
2026-09-09T22:54:24.490871500+00:00,1,0,1,1,1,1
2026-09-09T22:54:24.490873625+00:00,1,1,1,1,1,1
2026-09-09T22:54:24.490877625+00:00,1,0,1,1,1,1
2026-09-09T22:54:24.490880750+00:00,1,1,1,1,1,1
2026-09-09T22:54:24.490884375+00:00,1,0,1,1,1,1
2026-09-09T22:54:24.490886500+00:00,1,1,1,1,1,1
2026-09-09T22:54:25.000232750+00:00,1,0,1,1,1,1
2026-09-09T22:54:25.000233125+00:00,0,0,1,1,1,1
2026-09-09T22:54:25.000235625+00:00,0,1,1,1,1,1
2026-09-09T22:54:25.000238875+00:00,0,0,1,1,1,1
2026-09-09T22:54:25.000239375+00:00,1,0,1,1,1,1
2026-09-09T22:54:25.000242625+00:00,1,1,1,1,1,1
2026-09-09T22:54:25.000245875+00:00,1,0,1,1,1,1
2026-09-09T22:54:25.000248375+00:00,1,1,1,1,1,1
2026-09-09T22:54:25.000251625+00:00,1,0,1,1,1,1
2026-09-09T22:54:25.000254500+00:00,1,1,1,1,1,1
2026-09-09T22:54:25.000257750+00:00,1,0,1,1,1,1
2026-09-09T22:54:25.000258125+00:00,0,0,1,1,1,1
2026-09-09T22:54:25.000260375+00:00,0,1,1,1,1,1
2026-09-09T22:54:25.000263625+00:00,0,0,1,1,1,1
2026-09-09T22:54:25.000264125+00:00,1,0,1,1,1,1
2026-09-09T22:54:25.000266375+00:00,1,1,1,1,1,1
2026-09-09T22:54:25.000269625+00:00,1,0,1,1,1,1
2026-09-09T22:54:25.000272125+00:00,1,1,1,1,1,1
2026-09-09T22:54:25.000274625+00:00,1,0,1,1,1,1
2026-09-09T22:54:25.000277250+00:00,1,1,1,1,1,1
2026-09-09T22:54:25.000280750+00:00,1,0,1,1,1,1
2026-09-09T22:54:25.000281250+00:00,0,0,1,1,1,1
2026-09-09T22:54:25.000284375+00:00,0,1,1,1,1,1
2026-09-09T22:54:25.000287625+00:00,0,0,1,1,1,1
2026-09-09T22:54:25.000290250+00:00,0,1,1,1,1,1
2026-09-09T22:54:25.000293500+00:00,0,0,1,1,1,1
2026-09-09T22:54:25.000296125+00:00,0,1,1,1,1,1
2026-09-09T22:54:25.000299625+00:00,0,0,1,1,1,1
2026-09-09T22:54:25.000303250+00:00,0,1,1,1,1,1
2026-09-09T22:54:25.000306500+00:00,0,0,1,1,1,1
2026-09-09T22:54:25.000309125+00:00,0,1,1,1,1,1
2026-09-09T22:54:25.000312375+00:00,0,0,1,1,1,1
2026-09-09T22:54:25.000315250+00:00,0,1,1,1,1,1
2026-09-09T22:54:25.000318500+00:00,0,0,1,1,1,1
2026-09-09T22:54:25.000321125+00:00,0,1,1,1,1,1
2026-09-09T22:54:25.000324375+00:00,0,0,1,1,1,1
2026-09-09T22:54:25.000327000+00:00,0,1,1,1,1,1
2026-09-09T22:54:25.000330250+00:00,0,0,1,1,1,1
2026-09-09T22:54:25.000333125+00:00,0,1,1,1,1,1
2026-09-09T22:54:25.000336375+00:00,0,0,1,1,1,1
2026-09-09T22:54:25.000339000+00:00,0,1,1,1,1,1
2026-09-09T22:54:25.000342250+00:00,0,0,1,1,1,1
2026-09-09T22:54:25.000344875+00:00,0,1,1,1,1,1
2026-09-09T22:54:25.000348375+00:00,0,0,1,1,1,1
2026-09-09T22:54:25.000352000+00:00,0,1,1,1,1,1
2026-09-09T22:54:25.000355250+00:00,0,0,1,1,1,1
2026-09-09T22:54:25.000357875+00:00,0,1,1,1,1,1
2026-09-09T22:54:25.000361125+00:00,0,0,1,1,1,1
2026-09-09T22:54:25.000364000+00:00,0,1,1,1,1,1
2026-09-09T22:54:25.000367250+00:00,0,0,1,1,1,1
2026-09-09T22:54:25.000369875+00:00,0,1,1,1,1,1
2026-09-09T22:54:25.000373125+00:00,0,0,1,1,1,1
2026-09-09T22:54:25.000373625+00:00,1,0,1,1,1,1
2026-09-09T22:54:25.000375875+00:00,1,1,1,1,1,1
2026-09-09T22:54:25.000379125+00:00,1,0,1,1,1,1
2026-09-09T22:54:25.000379500+00:00,0,0,1,1,1,1
2026-09-09T22:54:25.000381750+00:00,0,1,1,1,1,1
2026-09-09T22:54:25.000385000+00:00,0,0,1,1,1,1
2026-09-09T22:54:25.000387875+00:00,0,1,1,1,1,1
2026-09-09T22:54:25.000391125+00:00,0,0,1,1,1,1
2026-09-09T22:54:25.000393750+00:00,0,1,1,1,1,1
2026-09-09T22:54:25.000397000+00:00,0,0,1,1,1,1
2026-09-09T22:54:25.000399625+00:00,0,1,1,1,1,1
2026-09-09T22:54:25.000402750+00:00,0,0,1,1,1,1
2026-09-09T22:54:25.000405750+00:00,0,1,1,1,1,1
2026-09-09T22:54:25.000409000+00:00,0,0,1,1,1,1
2026-09-09T22:54:25.000411625+00:00,0,1,1,1,1,1
2026-09-09T22:54:25.000414875+00:00,0,0,1,1,1,1
2026-09-09T22:54:25.000417500+00:00,0,1,1,1,1,1
2026-09-09T22:54:25.000421000+00:00,0,0,1,1,1,1
2026-09-09T22:54:25.000424625+00:00,0,1,1,1,1,1
2026-09-09T22:54:25.000427875+00:00,0,0,1,1,1,1
2026-09-09T22:54:25.000430500+00:00,0,1,1,1,1,1
2026-09-09T22:54:25.000433750+00:00,0,0,1,1,1,1
2026-09-09T22:54:25.000436625+00:00,0,1,1,1,1,1
2026-09-09T22:54:25.000439875+00:00,0,0,1,1,1,1
2026-09-09T22:54:25.000442500+00:00,0,1,1,1,1,1
2026-09-09T22:54:25.000445750+00:00,0,0,1,1,1,1
2026-09-09T22:54:25.000448375+00:00,0,1,1,1,1,1
2026-09-09T22:54:25.000451625+00:00,0,0,1,1,1,1
2026-09-09T22:54:25.000454500+00:00,0,1,1,1,1,1
2026-09-09T22:54:25.000457750+00:00,0,0,1,1,1,1
2026-09-09T22:54:25.000460375+00:00,0,1,1,1,1,1
2026-09-09T22:54:25.000463625+00:00,0,0,1,1,1,1
2026-09-09T22:54:25.000466250+00:00,0,1,1,1,1,1
2026-09-09T22:54:25.000469750+00:00,0,0,1,1,1,1
2026-09-09T22:54:25.000473375+00:00,0,1,1,1,1,1
2026-09-09T22:54:25.000476625+00:00,0,0,1,1,1,1
2026-09-09T22:54:25.000479250+00:00,0,1,1,1,1,1
2026-09-09T22:54:25.000482500+00:00,0,0,1,1,1,1
2026-09-09T22:54:25.000485375+00:00,0,1,1,1,1,1
2026-09-09T22:54:25.000488625+00:00,0,0,1,1,1,1
2026-09-09T22:54:25.000489125+00:00,1,0,1,1,1,1
2026-09-09T22:54:25.000492375+00:00,1,1,1,1,1,1
2026-09-09T22:54:25.000495625+00:00,1,0,1,1,1,1
2026-09-09T22:54:25.000498125+00:00,1,1,1,1,1,1
2026-09-09T22:54:25.000501375+00:00,1,0,1,1,1,1
2026-09-09T22:54:25.000504250+00:00,1,1,1,1,1,1
2026-09-09T22:54:25.000507375+00:00,1,0,1,1,1,1
2026-09-09T22:54:25.000507875+00:00,0,0,1,1,1,1
2026-09-09T22:54:25.000510125+00:00,0,1,1,1,1,1
2026-09-09T22:54:25.000513250+00:00,0,0,1,1,1,1
2026-09-09T22:54:25.000513750+00:00,1,0,1,1,1,1
2026-09-09T22:54:25.000516125+00:00,1,1,1,1,1,1
2026-09-09T22:54:25.000519250+00:00,1,0,1,1,1,1
2026-09-09T22:54:25.000521875+00:00,1,1,1,1,1,1
2026-09-09T22:54:25.000526875+00:00,1,0,1,1,1,1
2026-09-09T22:54:25.000530125+00:00,1,1,1,1,1,1
2026-09-09T22:54:25.000534000+00:00,1,0,1,1,1,1
2026-09-09T22:54:25.000536875+00:00,1,1,1,1,1,1
2026-09-09T22:54:25.000540625+00:00,1,0,1,1,1,1
2026-09-09T22:54:25.000542875+00:00,1,1,1,1,1,1
2026-09-09T22:54:25.000546750+00:00,1,0,1,1,1,1
2026-09-09T22:54:25.000548875+00:00,1,1,1,1,1,1
2026-09-09T22:54:25.000552375+00:00,1,0,1,1,1,1
2026-09-09T22:54:25.000554875+00:00,1,1,1,1,1,1
2026-09-09T22:54:25.000558375+00:00,1,0,1,1,1,1
2026-09-09T22:54:25.000561000+00:00,1,1,1,1,1,1
2026-09-09T22:54:25.000564500+00:00,1,0,1,1,1,1
2026-09-09T22:54:25.000566625+00:00,1,1,1,1,1,1
2026-09-09T22:54:25.000570500+00:00,1,0,1,1,1,1
2026-09-09T22:54:25.000572625+00:00,1,1,1,1,1,1
2026-09-09T22:54:25.000576500+00:00,0,0,1,1,1,1
2026-09-09T22:54:25.000578750+00:00,0,1,1,1,1,1
2026-09-09T22:54:25.000582500+00:00,0,0,1,1,1,1
2026-09-09T22:54:25.000585750+00:00,0,1,1,1,1,1
2026-09-09T22:54:25.000589250+00:00,1,0,1,1,1,1
2026-09-09T22:54:25.000591750+00:00,1,1,1,1,1,1
2026-09-09T22:54:25.000595375+00:00,1,0,1,1,1,1
2026-09-09T22:54:25.000597500+00:00,1,1,1,1,1,1
2026-09-09T22:54:25.000601375+00:00,0,0,1,1,1,1
2026-09-09T22:54:25.000603500+00:00,0,1,1,1,1,1
2026-09-09T22:54:25.000607375+00:00,1,0,1,1,1,1
2026-09-09T22:54:25.000609625+00:00,1,1,1,1,1,1
2026-09-09T22:54:25.000613000+00:00,1,0,1,1,1,1
2026-09-09T22:54:25.000615500+00:00,1,1,1,1,1,1
2026-09-09T22:54:25.000619000+00:00,1,0,1,1,1,1
2026-09-09T22:54:25.000621500+00:00,1,1,1,1,1,1
2026-09-09T22:54:25.000625000+00:00,0,0,1,1,1,1
2026-09-09T22:54:25.000627500+00:00,0,1,1,1,1,1
2026-09-09T22:54:25.000631000+00:00,0,0,1,1,1,1
2026-09-09T22:54:25.000633625+00:00,0,1,1,1,1,1
2026-09-09T22:54:25.000637125+00:00,0,0,1,1,1,1
2026-09-09T22:54:25.000639250+00:00,0,1,1,1,1,1
2026-09-09T22:54:25.000643125+00:00,0,0,1,1,1,1
2026-09-09T22:54:25.000645250+00:00,0,1,1,1,1,1
2026-09-09T22:54:25.000649125+00:00,0,0,1,1,1,1
2026-09-09T22:54:25.000651250+00:00,0,1,1,1,1,1
2026-09-09T22:54:25.000655000+00:00,0,0,1,1,1,1
2026-09-09T22:54:25.000657250+00:00,0,1,1,1,1,1
2026-09-09T22:54:25.000661000+00:00,0,0,1,1,1,1
2026-09-09T22:54:25.000663250+00:00,0,1,1,1,1,1
2026-09-09T22:54:25.000667000+00:00,0,0,1,1,1,1
2026-09-09T22:54:25.000669250+00:00,0,1,1,1,1,1
2026-09-09T22:54:25.000672750+00:00,0,0,1,1,1,1
2026-09-09T22:54:25.000675250+00:00,0,1,1,1,1,1
2026-09-09T22:54:25.000678625+00:00,0,0,1,1,1,1
2026-09-09T22:54:25.000681250+00:00,0,1,1,1,1,1
2026-09-09T22:54:25.000684625+00:00,0,0,1,1,1,1
2026-09-09T22:54:25.000687250+00:00,0,1,1,1,1,1
2026-09-09T22:54:25.000690625+00:00,0,0,1,1,1,1
2026-09-09T22:54:25.000693125+00:00,0,1,1,1,1,1
2026-09-09T22:54:25.000696625+00:00,0,0,1,1,1,1
2026-09-09T22:54:25.000699125+00:00,0,1,1,1,1,1
2026-09-09T22:54:25.000702625+00:00,0,0,1,1,1,1
2026-09-09T22:54:25.000705125+00:00,0,1,1,1,1,1
2026-09-09T22:54:25.000708625+00:00,0,0,1,1,1,1
2026-09-09T22:54:25.000711125+00:00,0,1,1,1,1,1
2026-09-09T22:54:25.000714625+00:00,0,0,1,1,1,1
2026-09-09T22:54:25.000717125+00:00,0,1,1,1,1,1
2026-09-09T22:54:25.000720625+00:00,0,0,1,1,1,1
2026-09-09T22:54:25.000722750+00:00,0,1,1,1,1,1
2026-09-09T22:54:25.000726625+00:00,0,0,1,1,1,1
2026-09-09T22:54:25.000728750+00:00,0,1,1,1,1,1
2026-09-09T22:54:25.000732625+00:00,0,0,1,1,1,1
2026-09-09T22:54:25.000734750+00:00,0,1,1,1,1,1
2026-09-09T22:54:25.000738625+00:00,0,0,1,1,1,1
2026-09-09T22:54:25.000740750+00:00,0,1,1,1,1,1
2026-09-09T22:54:25.000744625+00:00,1,0,1,1,1,1
2026-09-09T22:54:25.000746750+00:00,1,1,1,1,1,1
2026-09-09T22:54:25.000750625+00:00,0,0,1,1,1,1
2026-09-09T22:54:25.000752750+00:00,0,1,1,1,1,1
2026-09-09T22:54:25.000756250+00:00,0,0,1,1,1,1
2026-09-09T22:54:25.000758750+00:00,0,1,1,1,1,1
2026-09-09T22:54:25.000762250+00:00,1,0,1,1,1,1
2026-09-09T22:54:25.000764750+00:00,1,1,1,1,1,1
2026-09-09T22:54:25.000768250+00:00,0,0,1,1,1,1
2026-09-09T22:54:25.000770875+00:00,0,1,1,1,1,1
2026-09-09T22:54:25.000774250+00:00,0,0,1,1,1,1
2026-09-09T22:54:25.000776750+00:00,0,1,1,1,1,1
2026-09-09T22:54:25.000780250+00:00,1,0,1,1,1,1
2026-09-09T22:54:25.000782750+00:00,1,1,1,1,1,1
2026-09-09T22:54:25.000786375+00:00,0,0,1,1,1,1
2026-09-09T22:54:25.000788500+00:00,0,1,1,1,1,1
2026-09-09T22:54:25.000792250+00:00,0,0,1,1,1,1
2026-09-09T22:54:25.000794500+00:00,0,1,1,1,1,1
2026-09-09T22:54:25.000798250+00:00,0,0,1,1,1,1
2026-09-09T22:54:25.000800500+00:00,0,1,1,1,1,1
2026-09-09T22:54:25.000804250+00:00,0,0,1,1,1,1
2026-09-09T22:54:25.000806500+00:00,0,1,1,1,1,1
2026-09-09T22:54:25.000810250+00:00,0,0,1,1,1,1
2026-09-09T22:54:25.000812500+00:00,0,1,1,1,1,1
2026-09-09T22:54:25.000816000+00:00,0,0,1,1,1,1
2026-09-09T22:54:25.000818500+00:00,0,1,1,1,1,1
2026-09-09T22:54:25.000821875+00:00,0,0,1,1,1,1
2026-09-09T22:54:25.000824500+00:00,0,1,1,1,1,1
2026-09-09T22:54:25.000827875+00:00,1,0,1,1,1,1
2026-09-09T22:54:25.000830375+00:00,1,1,1,1,1,1
2026-09-09T22:54:25.000834000+00:00,1,0,1,1,1,1
2026-09-09T22:54:25.000836500+00:00,1,1,1,1,1,1
2026-09-09T22:54:25.000840000+00:00,0,0,1,1,1,1
2026-09-09T22:54:25.000842125+00:00,0,1,1,1,1,1
2026-09-09T22:54:25.000846000+00:00,0,0,1,1,1,1
2026-09-09T22:54:25.000848250+00:00,0,1,1,1,1,1
2026-09-09T22:54:25.000852000+00:00,1,0,1,1,1,1
2026-09-09T22:54:25.000854250+00:00,1,1,1,1,1,1
2026-09-09T22:54:25.000857750+00:00,1,0,1,1,1,1
2026-09-09T22:54:25.000860250+00:00,1,1,1,1,1,1
2026-09-09T22:54:25.000876375+00:00,1,0,1,1,1,1
2026-09-09T22:54:25.000879375+00:00,1,1,1,1,1,1
2026-09-09T22:54:25.000882250+00:00,1,0,1,1,1,1
2026-09-09T22:54:25.000885000+00:00,1,1,1,1,1,1
2026-09-09T22:54:25.000888375+00:00,1,0,1,1,1,1
2026-09-09T22:54:25.000890875+00:00,1,1,1,1,1,1
2026-09-09T22:54:25.000893250+00:00,1,0,1,1,1,1
2026-09-09T22:54:25.000896000+00:00,1,1,1,1,1,1
2026-09-09T22:54:25.000899125+00:00,1,0,1,1,1,1
2026-09-09T22:54:25.000901875+00:00,1,1,1,1,1,1
2026-09-09T22:54:25.000905250+00:00,1,0,1,1,1,1
2026-09-09T22:54:25.000907750+00:00,1,1,1,1,1,1
2026-09-09T22:54:25.000910125+00:00,1,0,1,1,1,1
2026-09-09T22:54:25.000913000+00:00,1,1,1,1,1,1
2026-09-09T22:54:25.000916000+00:00,1,0,1,1,1,1
2026-09-09T22:54:25.000918750+00:00,1,1,1,1,1,1
2026-09-09T22:54:25.000943375+00:00,1,0,1,1,1,1
2026-09-09T22:54:25.000943750+00:00,0,0,1,1,1,1
2026-09-09T22:54:25.000946875+00:00,0,1,1,1,1,1
2026-09-09T22:54:25.000950125+00:00,0,0,1,1,1,1
2026-09-09T22:54:25.000950750+00:00,1,0,1,1,1,1
2026-09-09T22:54:25.000954000+00:00,1,1,1,1,1,1
2026-09-09T22:54:25.000957125+00:00,1,0,1,1,1,1
2026-09-09T22:54:25.000957625+00:00,0,0,1,1,1,1
2026-09-09T22:54:25.000960750+00:00,0,1,1,1,1,1
2026-09-09T22:54:25.000964000+00:00,0,0,1,1,1,1
2026-09-09T22:54:25.000966625+00:00,0,1,1,1,1,1
2026-09-09T22:54:25.000969875+00:00,0,0,1,1,1,1
2026-09-09T22:54:25.000972875+00:00,0,1,1,1,1,1
2026-09-09T22:54:25.000976000+00:00,0,0,1,1,1,1
2026-09-09T22:54:25.000976500+00:00,1,0,1,1,1,1
2026-09-09T22:54:25.000979750+00:00,1,1,1,1,1,1
2026-09-09T22:54:25.000983000+00:00,1,0,1,1,1,1
2026-09-09T22:54:25.000985500+00:00,1,1,1,1,1,1
2026-09-09T22:54:25.000988750+00:00,1,0,1,1,1,1
2026-09-09T22:54:25.000989125+00:00,0,0,1,1,1,1
2026-09-09T22:54:25.000991750+00:00,0,1,1,1,1,1
2026-09-09T22:54:25.000995000+00:00,0,0,1,1,1,1
2026-09-09T22:54:25.000997625+00:00,0,1,1,1,1,1
2026-09-09T22:54:25.001000750+00:00,0,0,1,1,1,1
2026-09-09T22:54:25.001003500+00:00,0,1,1,1,1,1
2026-09-09T22:54:25.001006625+00:00,0,0,1,1,1,1
2026-09-09T22:54:25.001009625+00:00,0,1,1,1,1,1
2026-09-09T22:54:25.001012750+00:00,0,0,1,1,1,1
2026-09-09T22:54:25.001015500+00:00,0,1,1,1,1,1
2026-09-09T22:54:25.001018625+00:00,0,0,1,1,1,1
2026-09-09T22:54:25.001021375+00:00,0,1,1,1,1,1
2026-09-09T22:54:25.001024875+00:00,0,0,1,1,1,1
2026-09-09T22:54:25.001028500+00:00,0,1,1,1,1,1
2026-09-09T22:54:25.001031625+00:00,0,0,1,1,1,1
2026-09-09T22:54:25.001034375+00:00,0,1,1,1,1,1
2026-09-09T22:54:25.001037500+00:00,0,0,1,1,1,1
2026-09-09T22:54:25.001040500+00:00,0,1,1,1,1,1
2026-09-09T22:54:25.001043625+00:00,0,0,1,1,1,1
2026-09-09T22:54:25.001046375+00:00,0,1,1,1,1,1
2026-09-09T22:54:25.001049500+00:00,0,0,1,1,1,1
2026-09-09T22:54:25.001052125+00:00,0,1,1,1,1,1
2026-09-09T22:54:25.001055375+00:00,0,0,1,1,1,1
2026-09-09T22:54:25.001058375+00:00,0,1,1,1,1,1
2026-09-09T22:54:25.001061500+00:00,0,0,1,1,1,1
2026-09-09T22:54:25.001064250+00:00,0,1,1,1,1,1
2026-09-09T22:54:25.001067375+00:00,0,0,1,1,1,1
2026-09-09T22:54:25.001070000+00:00,0,1,1,1,1,1
2026-09-09T22:54:25.001073625+00:00,0,0,1,1,1,1
2026-09-09T22:54:25.001077250+00:00,0,1,1,1,1,1
2026-09-09T22:54:25.001080375+00:00,0,0,1,1,1,1
2026-09-09T22:54:25.001083000+00:00,0,1,1,1,1,1
2026-09-09T22:54:25.001086250+00:00,0,0,1,1,1,1
2026-09-09T22:54:25.001089250+00:00,0,1,1,1,1,1
2026-09-09T22:54:25.001092375+00:00,0,0,1,1,1,1
2026-09-09T22:54:25.001095125+00:00,0,1,1,1,1,1
2026-09-09T22:54:25.001098250+00:00,0,0,1,1,1,1
2026-09-09T22:54:25.001100875+00:00,0,1,1,1,1,1
2026-09-09T22:54:25.001104125+00:00,0,0,1,1,1,1
2026-09-09T22:54:25.001107125+00:00,0,1,1,1,1,1
2026-09-09T22:54:25.001110250+00:00,0,0,1,1,1,1
2026-09-09T22:54:25.001113000+00:00,0,1,1,1,1,1
2026-09-09T22:54:25.001116125+00:00,0,0,1,1,1,1
2026-09-09T22:54:25.001118750+00:00,0,1,1,1,1,1
2026-09-09T22:54:25.001122375+00:00,0,0,1,1,1,1
2026-09-09T22:54:25.001126000+00:00,0,1,1,1,1,1
2026-09-09T22:54:25.001129125+00:00,0,0,1,1,1,1
2026-09-09T22:54:25.001131750+00:00,0,1,1,1,1,1
2026-09-09T22:54:25.001135000+00:00,0,0,1,1,1,1
2026-09-09T22:54:25.001138000+00:00,0,1,1,1,1,1
2026-09-09T22:54:25.001141125+00:00,0,0,1,1,1,1
2026-09-09T22:54:25.001143875+00:00,0,1,1,1,1,1
2026-09-09T22:54:25.001147000+00:00,0,0,1,1,1,1
2026-09-09T22:54:25.001149625+00:00,0,1,1,1,1,1
2026-09-09T22:54:25.001152875+00:00,0,0,1,1,1,1
2026-09-09T22:54:25.001156625+00:00,0,1,1,1,1,1
2026-09-09T22:54:25.001160125+00:00,0,0,1,1,1,1
2026-09-09T22:54:25.001163750+00:00,0,1,1,1,1,1
2026-09-09T22:54:25.001167000+00:00,0,0,1,1,1,1
2026-09-09T22:54:25.001169625+00:00,0,1,1,1,1,1
2026-09-09T22:54:25.001172750+00:00,0,0,1,1,1,1
2026-09-09T22:54:25.001175500+00:00,0,1,1,1,1,1
2026-09-09T22:54:25.001179000+00:00,0,0,1,1,1,1
2026-09-09T22:54:25.001179500+00:00,1,0,1,1,1,1
2026-09-09T22:54:25.001182750+00:00,1,1,1,1,1,1
2026-09-09T22:54:25.001185875+00:00,1,0,1,1,1,1
2026-09-09T22:54:25.001186375+00:00,0,0,1,1,1,1
2026-09-09T22:54:25.001189625+00:00,0,1,1,1,1,1
2026-09-09T22:54:25.001192750+00:00,0,0,1,1,1,1
2026-09-09T22:54:25.001193250+00:00,1,0,1,1,1,1
2026-09-09T22:54:25.001196500+00:00,1,1,1,1,1,1
2026-09-09T22:54:25.001199750+00:00,1,0,1,1,1,1
2026-09-09T22:54:25.001202375+00:00,1,1,1,1,1,1
2026-09-09T22:54:25.001205875+00:00,1,0,1,1,1,1
2026-09-09T22:54:25.001206250+00:00,0,0,1,1,1,1
2026-09-09T22:54:25.001209500+00:00,0,1,1,1,1,1
2026-09-09T22:54:25.001212750+00:00,0,0,1,1,1,1
2026-09-09T22:54:25.001215375+00:00,0,1,1,1,1,1
2026-09-09T22:54:25.001218500+00:00,0,0,1,1,1,1
2026-09-09T22:54:25.001219000+00:00,1,0,1,1,1,1
2026-09-09T22:54:25.001221250+00:00,1,1,1,1,1,1
2026-09-09T22:54:25.001224500+00:00,1,0,1,1,1,1
2026-09-09T22:54:25.001225000+00:00,0,0,1,1,1,1
2026-09-09T22:54:25.001227250+00:00,0,1,1,1,1,1
2026-09-09T22:54:25.001230750+00:00,0,0,1,1,1,1
2026-09-09T22:54:25.001231250+00:00,1,0,1,1,1,1
2026-09-09T22:54:25.001234500+00:00,1,1,1,1,1,1
2026-09-09T22:54:25.001237625+00:00,1,0,1,1,1,1
2026-09-09T22:54:25.001241250+00:00,1,1,1,1,1,1
2026-09-09T22:54:25.001246875+00:00,1,0,1,1,1,1
2026-09-09T22:54:25.001249125+00:00,1,1,1,1,1,1
2026-09-09T22:54:25.001253000+00:00,1,0,1,1,1,1
2026-09-09T22:54:25.001256250+00:00,1,1,1,1,1,1
2026-09-09T22:54:25.001259750+00:00,1,0,1,1,1,1
2026-09-09T22:54:25.001262250+00:00,1,1,1,1,1,1
2026-09-09T22:54:25.001265750+00:00,1,0,1,1,1,1
2026-09-09T22:54:25.001267875+00:00,1,1,1,1,1,1
2026-09-09T22:54:25.001271750+00:00,1,0,1,1,1,1
2026-09-09T22:54:25.001274000+00:00,1,1,1,1,1,1
2026-09-09T22:54:25.001277750+00:00,1,0,1,1,1,1
2026-09-09T22:54:25.001280000+00:00,1,1,1,1,1,1
2026-09-09T22:54:25.001283500+00:00,1,0,1,1,1,1
2026-09-09T22:54:25.001286000+00:00,1,1,1,1,1,1
2026-09-09T22:54:25.001289500+00:00,1,0,1,1,1,1
2026-09-09T22:54:25.001292000+00:00,1,1,1,1,1,1
2026-09-09T22:54:25.001295500+00:00,0,0,1,1,1,1
2026-09-09T22:54:25.001298000+00:00,0,1,1,1,1,1
2026-09-09T22:54:25.001301875+00:00,0,0,1,1,1,1
2026-09-09T22:54:25.001304750+00:00,0,1,1,1,1,1
2026-09-09T22:54:25.001308625+00:00,0,0,1,1,1,1
2026-09-09T22:54:25.001310875+00:00,0,1,1,1,1,1
2026-09-09T22:54:25.001314250+00:00,0,0,1,1,1,1
2026-09-09T22:54:25.001316875+00:00,0,1,1,1,1,1
2026-09-09T22:54:25.001320250+00:00,0,0,1,1,1,1
2026-09-09T22:54:25.001322750+00:00,0,1,1,1,1,1
2026-09-09T22:54:25.001326250+00:00,1,0,1,1,1,1
2026-09-09T22:54:25.001328750+00:00,1,1,1,1,1,1
2026-09-09T22:54:25.001332375+00:00,1,0,1,1,1,1
2026-09-09T22:54:25.001334875+00:00,1,1,1,1,1,1
2026-09-09T22:54:25.001338375+00:00,0,0,1,1,1,1
2026-09-09T22:54:25.001340500+00:00,0,1,1,1,1,1
2026-09-09T22:54:25.001344375+00:00,0,0,1,1,1,1
2026-09-09T22:54:25.001346625+00:00,0,1,1,1,1,1
2026-09-09T22:54:25.001350375+00:00,0,0,1,1,1,1
2026-09-09T22:54:25.001352625+00:00,0,1,1,1,1,1
2026-09-09T22:54:25.001356125+00:00,0,0,1,1,1,1
2026-09-09T22:54:25.001358625+00:00,0,1,1,1,1,1
2026-09-09T22:54:25.001362125+00:00,0,0,1,1,1,1
2026-09-09T22:54:25.001364625+00:00,0,1,1,1,1,1
2026-09-09T22:54:25.001368000+00:00,0,0,1,1,1,1
2026-09-09T22:54:25.001370625+00:00,0,1,1,1,1,1
2026-09-09T22:54:25.001374000+00:00,0,0,1,1,1,1
2026-09-09T22:54:25.001376625+00:00,0,1,1,1,1,1
2026-09-09T22:54:25.001380000+00:00,0,0,1,1,1,1
2026-09-09T22:54:25.001382500+00:00,0,1,1,1,1,1
2026-09-09T22:54:25.001386000+00:00,0,0,1,1,1,1
2026-09-09T22:54:25.001388500+00:00,0,1,1,1,1,1
2026-09-09T22:54:25.001392000+00:00,0,0,1,1,1,1
2026-09-09T22:54:25.001394500+00:00,0,1,1,1,1,1
2026-09-09T22:54:25.001398000+00:00,0,0,1,1,1,1
2026-09-09T22:54:25.001400500+00:00,0,1,1,1,1,1
2026-09-09T22:54:25.001404000+00:00,0,0,1,1,1,1
2026-09-09T22:54:25.001406250+00:00,0,1,1,1,1,1
2026-09-09T22:54:25.001410000+00:00,0,0,1,1,1,1
2026-09-09T22:54:25.001412125+00:00,0,1,1,1,1,1
2026-09-09T22:54:25.001416000+00:00,0,0,1,1,1,1
2026-09-09T22:54:25.001418125+00:00,0,1,1,1,1,1
2026-09-09T22:54:25.001422000+00:00,0,0,1,1,1,1
2026-09-09T22:54:25.001424125+00:00,0,1,1,1,1,1
2026-09-09T22:54:25.001428000+00:00,0,0,1,1,1,1
2026-09-09T22:54:25.001430125+00:00,0,1,1,1,1,1
2026-09-09T22:54:25.001434000+00:00,0,0,1,1,1,1
2026-09-09T22:54:25.001436125+00:00,0,1,1,1,1,1
2026-09-09T22:54:25.001440000+00:00,0,0,1,1,1,1
2026-09-09T22:54:25.001442125+00:00,0,1,1,1,1,1
2026-09-09T22:54:25.001445625+00:00,0,0,1,1,1,1
2026-09-09T22:54:25.001448125+00:00,0,1,1,1,1,1
2026-09-09T22:54:25.001451625+00:00,0,0,1,1,1,1
2026-09-09T22:54:25.001454125+00:00,0,1,1,1,1,1
2026-09-09T22:54:25.001457625+00:00,0,0,1,1,1,1
2026-09-09T22:54:25.001460125+00:00,0,1,1,1,1,1
2026-09-09T22:54:25.001463625+00:00,1,0,1,1,1,1
2026-09-09T22:54:25.001466125+00:00,1,1,1,1,1,1
2026-09-09T22:54:25.001469625+00:00,0,0,1,1,1,1
2026-09-09T22:54:25.001472125+00:00,0,1,1,1,1,1
2026-09-09T22:54:25.001475625+00:00,0,0,1,1,1,1
2026-09-09T22:54:25.001478125+00:00,0,1,1,1,1,1
2026-09-09T22:54:25.001481625+00:00,1,0,1,1,1,1
2026-09-09T22:54:25.001483750+00:00,1,1,1,1,1,1
2026-09-09T22:54:25.001487625+00:00,0,0,1,1,1,1
2026-09-09T22:54:25.001489875+00:00,0,1,1,1,1,1
2026-09-09T22:54:25.001493625+00:00,0,0,1,1,1,1
2026-09-09T22:54:25.001495750+00:00,0,1,1,1,1,1
2026-09-09T22:54:25.001499625+00:00,1,0,1,1,1,1
2026-09-09T22:54:25.001501750+00:00,1,1,1,1,1,1
2026-09-09T22:54:25.001505625+00:00,0,0,1,1,1,1
2026-09-09T22:54:25.001507875+00:00,0,1,1,1,1,1
2026-09-09T22:54:25.001511250+00:00,0,0,1,1,1,1
2026-09-09T22:54:25.001513875+00:00,0,1,1,1,1,1
2026-09-09T22:54:25.001517250+00:00,0,0,1,1,1,1
2026-09-09T22:54:25.001519875+00:00,0,1,1,1,1,1
2026-09-09T22:54:25.001523250+00:00,0,0,1,1,1,1
2026-09-09T22:54:25.001525750+00:00,0,1,1,1,1,1
2026-09-09T22:54:25.001529250+00:00,0,0,1,1,1,1
2026-09-09T22:54:25.001531750+00:00,0,1,1,1,1,1
2026-09-09T22:54:25.001535250+00:00,1,0,1,1,1,1
2026-09-09T22:54:25.001537750+00:00,1,1,1,1,1,1
2026-09-09T22:54:25.001541250+00:00,1,0,1,1,1,1
2026-09-09T22:54:25.001541375+00:00,0,0,1,1,1,1
2026-09-09T22:54:25.001543500+00:00,0,1,1,1,1,1
2026-09-09T22:54:25.001547250+00:00,1,0,1,1,1,1
2026-09-09T22:54:25.001549500+00:00,1,1,1,1,1,1
2026-09-09T22:54:25.001553375+00:00,1,0,1,1,1,1
2026-09-09T22:54:25.001555500+00:00,1,1,1,1,1,1
2026-09-09T22:54:25.001559375+00:00,1,0,1,1,1,1
2026-09-09T22:54:25.001561625+00:00,1,1,1,1,1,1
2026-09-09T22:54:25.001565000+00:00,0,0,1,1,1,1
2026-09-09T22:54:25.001567500+00:00,0,1,1,1,1,1
2026-09-09T22:54:25.001571125+00:00,0,0,1,1,1,1
2026-09-09T22:54:25.001573625+00:00,0,1,1,1,1,1
2026-09-09T22:54:25.001577125+00:00,1,0,1,1,1,1
2026-09-09T22:54:25.001579250+00:00,1,1,1,1,1,1
2026-09-09T22:54:25.001595500+00:00,1,0,1,1,1,1
2026-09-09T22:54:25.001598625+00:00,1,1,1,1,1,1
2026-09-09T22:54:25.001601500+00:00,1,0,1,1,1,1
2026-09-09T22:54:25.001604375+00:00,1,1,1,1,1,1
2026-09-09T22:54:25.001607375+00:00,1,0,1,1,1,1
2026-09-09T22:54:25.001610250+00:00,1,1,1,1,1,1
2026-09-09T22:54:25.001613625+00:00,1,0,1,1,1,1
2026-09-09T22:54:25.001616000+00:00,1,1,1,1,1,1
2026-09-09T22:54:25.001618375+00:00,1,0,1,1,1,1
2026-09-09T22:54:25.001621250+00:00,1,1,1,1,1,1
2026-09-09T22:54:25.001624250+00:00,1,0,1,1,1,1
2026-09-09T22:54:25.001627125+00:00,1,1,1,1,1,1
2026-09-09T22:54:25.001630500+00:00,1,0,1,1,1,1
2026-09-09T22:54:25.001633000+00:00,1,1,1,1,1,1
2026-09-09T22:54:25.001635375+00:00,1,0,1,1,1,1
2026-09-09T22:54:25.001638125+00:00,1,1,1,1,1,1
2026-09-09T22:54:25.001791375+00:00,1,0,1,1,1,1
2026-09-09T22:54:25.001791875+00:00,0,0,1,1,1,1
2026-09-09T22:54:25.001794500+00:00,0,1,1,1,1,1
2026-09-09T22:54:25.001797500+00:00,0,0,1,1,1,1
2026-09-09T22:54:25.001798000+00:00,1,0,1,1,1,1
2026-09-09T22:54:25.001800375+00:00,1,1,1,1,1,1
2026-09-09T22:54:25.001803500+00:00,1,0,1,1,1,1
2026-09-09T22:54:25.001804000+00:00,0,0,1,1,1,1
2026-09-09T22:54:25.001806250+00:00,0,1,1,1,1,1
2026-09-09T22:54:25.001809750+00:00,0,0,1,1,1,1
2026-09-09T22:54:25.001810250+00:00,1,0,1,1,1,1
2026-09-09T22:54:25.001813125+00:00,1,1,1,1,1,1
2026-09-09T22:54:25.001816750+00:00,1,0,1,1,1,1
2026-09-09T22:54:25.001817125+00:00,0,0,1,1,1,1
2026-09-09T22:54:25.001820375+00:00,0,1,1,1,1,1
2026-09-09T22:54:25.001823500+00:00,0,0,1,1,1,1
2026-09-09T22:54:25.001826250+00:00,0,1,1,1,1,1
2026-09-09T22:54:25.001829375+00:00,0,0,1,1,1,1
2026-09-09T22:54:25.001832000+00:00,0,1,1,1,1,1
2026-09-09T22:54:25.001835625+00:00,0,0,1,1,1,1
2026-09-09T22:54:25.001836000+00:00,1,0,1,1,1,1
2026-09-09T22:54:25.001839375+00:00,1,1,1,1,1,1
2026-09-09T22:54:25.001842500+00:00,1,0,1,1,1,1
2026-09-09T22:54:25.001843000+00:00,0,0,1,1,1,1
2026-09-09T22:54:25.001846125+00:00,0,1,1,1,1,1
2026-09-09T22:54:25.001849375+00:00,0,0,1,1,1,1
2026-09-09T22:54:25.001852000+00:00,0,1,1,1,1,1
2026-09-09T22:54:25.001855250+00:00,0,0,1,1,1,1
2026-09-09T22:54:25.001858250+00:00,0,1,1,1,1,1
2026-09-09T22:54:25.001861500+00:00,0,0,1,1,1,1
2026-09-09T22:54:25.001864875+00:00,0,1,1,1,1,1
2026-09-09T22:54:25.001868375+00:00,0,0,1,1,1,1
2026-09-09T22:54:25.001872000+00:00,0,1,1,1,1,1
2026-09-09T22:54:25.001875250+00:00,0,0,1,1,1,1
2026-09-09T22:54:25.001877875+00:00,0,1,1,1,1,1
2026-09-09T22:54:25.001881125+00:00,0,0,1,1,1,1
2026-09-09T22:54:25.001884125+00:00,0,1,1,1,1,1
2026-09-09T22:54:25.001887250+00:00,0,0,1,1,1,1
2026-09-09T22:54:25.001889875+00:00,0,1,1,1,1,1
2026-09-09T22:54:25.001893125+00:00,0,0,1,1,1,1
2026-09-09T22:54:25.001895750+00:00,0,1,1,1,1,1
2026-09-09T22:54:25.001899000+00:00,0,0,1,1,1,1
2026-09-09T22:54:25.001901875+00:00,0,1,1,1,1,1
2026-09-09T22:54:25.001905125+00:00,0,0,1,1,1,1
2026-09-09T22:54:25.001907750+00:00,0,1,1,1,1,1
2026-09-09T22:54:25.001911000+00:00,0,0,1,1,1,1
2026-09-09T22:54:25.001913625+00:00,0,1,1,1,1,1
2026-09-09T22:54:25.001917125+00:00,0,0,1,1,1,1
2026-09-09T22:54:25.001920750+00:00,0,1,1,1,1,1
2026-09-09T22:54:25.001924000+00:00,0,0,1,1,1,1
2026-09-09T22:54:25.001926625+00:00,0,1,1,1,1,1
2026-09-09T22:54:25.001929875+00:00,0,0,1,1,1,1
2026-09-09T22:54:25.001932750+00:00,0,1,1,1,1,1
2026-09-09T22:54:25.001936000+00:00,0,0,1,1,1,1
2026-09-09T22:54:25.001938625+00:00,0,1,1,1,1,1
2026-09-09T22:54:25.001941875+00:00,0,0,1,1,1,1
2026-09-09T22:54:25.001944500+00:00,0,1,1,1,1,1
2026-09-09T22:54:25.001947750+00:00,0,0,1,1,1,1
2026-09-09T22:54:25.001950500+00:00,0,1,1,1,1,1
2026-09-09T22:54:25.001953625+00:00,0,0,1,1,1,1
2026-09-09T22:54:25.001954125+00:00,1,0,1,1,1,1
2026-09-09T22:54:25.001956500+00:00,1,1,1,1,1,1
2026-09-09T22:54:25.001959625+00:00,1,0,1,1,1,1
2026-09-09T22:54:25.001960125+00:00,0,0,1,1,1,1
2026-09-09T22:54:25.001962625+00:00,0,1,1,1,1,1
2026-09-09T22:54:25.001965875+00:00,0,0,1,1,1,1
2026-09-09T22:54:25.001968500+00:00,0,1,1,1,1,1
2026-09-09T22:54:25.001971750+00:00,0,0,1,1,1,1
2026-09-09T22:54:25.001974375+00:00,0,1,1,1,1,1
2026-09-09T22:54:25.001977500+00:00,0,0,1,1,1,1
2026-09-09T22:54:25.001980500+00:00,0,1,1,1,1,1
2026-09-09T22:54:25.001983750+00:00,0,0,1,1,1,1
2026-09-09T22:54:25.001986375+00:00,0,1,1,1,1,1
2026-09-09T22:54:25.001989500+00:00,0,0,1,1,1,1
2026-09-09T22:54:25.001992250+00:00,0,1,1,1,1,1
2026-09-09T22:54:25.001995750+00:00,0,0,1,1,1,1
2026-09-09T22:54:25.001999375+00:00,0,1,1,1,1,1
2026-09-09T22:54:25.002002500+00:00,0,0,1,1,1,1
2026-09-09T22:54:25.002005250+00:00,0,1,1,1,1,1
2026-09-09T22:54:25.002008375+00:00,0,0,1,1,1,1
2026-09-09T22:54:25.002011375+00:00,0,1,1,1,1,1
2026-09-09T22:54:25.002014625+00:00,0,0,1,1,1,1
2026-09-09T22:54:25.002017250+00:00,0,1,1,1,1,1
2026-09-09T22:54:25.002020375+00:00,0,0,1,1,1,1
2026-09-09T22:54:25.002023125+00:00,0,1,1,1,1,1
2026-09-09T22:54:25.002026250+00:00,0,0,1,1,1,1
2026-09-09T22:54:25.002029250+00:00,0,1,1,1,1,1
2026-09-09T22:54:25.002033875+00:00,0,0,1,1,1,1
2026-09-09T22:54:25.002037250+00:00,0,1,1,1,1,1
2026-09-09T22:54:25.002040375+00:00,0,0,1,1,1,1
2026-09-09T22:54:25.002040875+00:00,1,0,1,1,1,1
2026-09-09T22:54:25.002044125+00:00,1,1,1,1,1,1
2026-09-09T22:54:25.002047375+00:00,1,0,1,1,1,1
2026-09-09T22:54:25.002047875+00:00,0,0,1,1,1,1
2026-09-09T22:54:25.002051000+00:00,0,1,1,1,1,1
2026-09-09T22:54:25.002054250+00:00,0,0,1,1,1,1
2026-09-09T22:54:25.002054750+00:00,1,0,1,1,1,1
2026-09-09T22:54:25.002058000+00:00,1,1,1,1,1,1
2026-09-09T22:54:25.002061250+00:00,1,0,1,1,1,1
2026-09-09T22:54:25.002063750+00:00,1,1,1,1,1,1
2026-09-09T22:54:25.002067250+00:00,1,0,1,1,1,1
2026-09-09T22:54:25.002067750+00:00,0,0,1,1,1,1
2026-09-09T22:54:25.002071000+00:00,0,1,1,1,1,1
2026-09-09T22:54:25.002074125+00:00,0,0,1,1,1,1
2026-09-09T22:54:25.002076750+00:00,0,1,1,1,1,1
2026-09-09T22:54:25.002080000+00:00,0,0,1,1,1,1
2026-09-09T22:54:25.002083000+00:00,0,1,1,1,1,1
2026-09-09T22:54:25.002086125+00:00,0,0,1,1,1,1
2026-09-09T22:54:25.002086625+00:00,1,0,1,1,1,1
2026-09-09T22:54:25.002089875+00:00,1,1,1,1,1,1
2026-09-09T22:54:25.002095500+00:00,1,0,1,1,1,1
2026-09-09T22:54:25.002098750+00:00,1,1,1,1,1,1
2026-09-09T22:54:25.002102750+00:00,1,0,1,1,1,1
2026-09-09T22:54:25.002105500+00:00,1,1,1,1,1,1
2026-09-09T22:54:25.002109375+00:00,1,0,1,1,1,1
2026-09-09T22:54:25.002111625+00:00,1,1,1,1,1,1
2026-09-09T22:54:25.002115125+00:00,1,0,1,1,1,1
2026-09-09T22:54:25.002119250+00:00,1,1,1,1,1,1
2026-09-09T22:54:25.002122125+00:00,1,0,1,1,1,1
2026-09-09T22:54:25.002124625+00:00,1,1,1,1,1,1
2026-09-09T22:54:25.002128125+00:00,1,0,1,1,1,1
2026-09-09T22:54:25.002130375+00:00,1,1,1,1,1,1
2026-09-09T22:54:25.002134125+00:00,1,0,1,1,1,1
2026-09-09T22:54:25.002136375+00:00,1,1,1,1,1,1
2026-09-09T22:54:25.002140250+00:00,1,0,1,1,1,1
2026-09-09T22:54:25.002142375+00:00,1,1,1,1,1,1
2026-09-09T22:54:25.002145875+00:00,0,0,1,1,1,1
2026-09-09T22:54:25.002149125+00:00,0,1,1,1,1,1
2026-09-09T22:54:25.002152375+00:00,0,0,1,1,1,1
2026-09-09T22:54:25.002155125+00:00,0,1,1,1,1,1
2026-09-09T22:54:25.002159125+00:00,0,0,1,1,1,1
2026-09-09T22:54:25.002162375+00:00,0,1,1,1,1,1
2026-09-09T22:54:25.002165750+00:00,1,0,1,1,1,1
2026-09-09T22:54:25.002168250+00:00,1,1,1,1,1,1
2026-09-09T22:54:25.002171875+00:00,0,0,1,1,1,1
2026-09-09T22:54:25.002174375+00:00,0,1,1,1,1,1
2026-09-09T22:54:25.002177875+00:00,0,0,1,1,1,1
2026-09-09T22:54:25.002180375+00:00,0,1,1,1,1,1
2026-09-09T22:54:25.002183750+00:00,0,0,1,1,1,1
2026-09-09T22:54:25.002186375+00:00,0,1,1,1,1,1
2026-09-09T22:54:25.002189750+00:00,1,0,1,1,1,1
2026-09-09T22:54:25.002192000+00:00,1,1,1,1,1,1
2026-09-09T22:54:25.002195875+00:00,0,0,1,1,1,1
2026-09-09T22:54:25.002198000+00:00,0,1,1,1,1,1
2026-09-09T22:54:25.002201875+00:00,0,0,1,1,1,1
2026-09-09T22:54:25.002205500+00:00,0,1,1,1,1,1
2026-09-09T22:54:25.002208625+00:00,0,0,1,1,1,1
2026-09-09T22:54:25.002211125+00:00,0,1,1,1,1,1
2026-09-09T22:54:25.002214625+00:00,0,0,1,1,1,1
2026-09-09T22:54:25.002217125+00:00,0,1,1,1,1,1
2026-09-09T22:54:25.002220625+00:00,0,0,1,1,1,1
2026-09-09T22:54:25.002223125+00:00,0,1,1,1,1,1
2026-09-09T22:54:25.002226625+00:00,0,0,1,1,1,1
2026-09-09T22:54:25.002229125+00:00,0,1,1,1,1,1
2026-09-09T22:54:25.002232625+00:00,0,0,1,1,1,1
2026-09-09T22:54:25.002234750+00:00,0,1,1,1,1,1
2026-09-09T22:54:25.002238500+00:00,0,0,1,1,1,1
2026-09-09T22:54:25.002240750+00:00,0,1,1,1,1,1
2026-09-09T22:54:25.002244500+00:00,0,0,1,1,1,1
2026-09-09T22:54:25.002246750+00:00,0,1,1,1,1,1
2026-09-09T22:54:25.002250500+00:00,0,0,1,1,1,1
2026-09-09T22:54:25.002252750+00:00,0,1,1,1,1,1
2026-09-09T22:54:25.002256500+00:00,0,0,1,1,1,1
2026-09-09T22:54:25.002258750+00:00,0,1,1,1,1,1
2026-09-09T22:54:25.002262500+00:00,0,0,1,1,1,1
2026-09-09T22:54:25.002264750+00:00,0,1,1,1,1,1
2026-09-09T22:54:25.002268500+00:00,0,0,1,1,1,1
2026-09-09T22:54:25.002270750+00:00,0,1,1,1,1,1
2026-09-09T22:54:25.002274125+00:00,0,0,1,1,1,1
2026-09-09T22:54:25.002276625+00:00,0,1,1,1,1,1
2026-09-09T22:54:25.002280125+00:00,0,0,1,1,1,1
2026-09-09T22:54:25.002282625+00:00,0,1,1,1,1,1
2026-09-09T22:54:25.002286125+00:00,0,0,1,1,1,1
2026-09-09T22:54:25.002288625+00:00,0,1,1,1,1,1
2026-09-09T22:54:25.002292875+00:00,0,0,1,1,1,1
2026-09-09T22:54:25.002295500+00:00,0,1,1,1,1,1
2026-09-09T22:54:25.002299250+00:00,0,0,1,1,1,1
2026-09-09T22:54:25.002301500+00:00,0,1,1,1,1,1
2026-09-09T22:54:25.002305250+00:00,0,0,1,1,1,1
2026-09-09T22:54:25.002307375+00:00,0,1,1,1,1,1
2026-09-09T22:54:25.002311250+00:00,0,0,1,1,1,1
2026-09-09T22:54:25.002313375+00:00,0,1,1,1,1,1
2026-09-09T22:54:25.002317250+00:00,1,0,1,1,1,1
2026-09-09T22:54:25.002319375+00:00,1,1,1,1,1,1
2026-09-09T22:54:25.002323250+00:00,0,0,1,1,1,1
2026-09-09T22:54:25.002325500+00:00,0,1,1,1,1,1
2026-09-09T22:54:25.002328875+00:00,0,0,1,1,1,1
2026-09-09T22:54:25.002331500+00:00,0,1,1,1,1,1
2026-09-09T22:54:25.002334875+00:00,1,0,1,1,1,1
2026-09-09T22:54:25.002337375+00:00,1,1,1,1,1,1
2026-09-09T22:54:25.002341000+00:00,0,0,1,1,1,1
2026-09-09T22:54:25.002343500+00:00,0,1,1,1,1,1
2026-09-09T22:54:25.002347000+00:00,0,0,1,1,1,1
2026-09-09T22:54:25.002349500+00:00,0,1,1,1,1,1
2026-09-09T22:54:25.002352875+00:00,0,0,1,1,1,1
2026-09-09T22:54:25.002355500+00:00,0,1,1,1,1,1
2026-09-09T22:54:25.002358875+00:00,0,0,1,1,1,1
2026-09-09T22:54:25.002361125+00:00,0,1,1,1,1,1
2026-09-09T22:54:25.002364875+00:00,0,0,1,1,1,1
2026-09-09T22:54:25.002367125+00:00,0,1,1,1,1,1
2026-09-09T22:54:25.002370875+00:00,0,0,1,1,1,1
2026-09-09T22:54:25.002373125+00:00,0,1,1,1,1,1
2026-09-09T22:54:25.002378250+00:00,0,0,1,1,1,1
2026-09-09T22:54:25.002381125+00:00,0,1,1,1,1,1
2026-09-09T22:54:25.002384625+00:00,0,0,1,1,1,1
2026-09-09T22:54:25.002387125+00:00,0,1,1,1,1,1
2026-09-09T22:54:25.002390625+00:00,0,0,1,1,1,1
2026-09-09T22:54:25.002393125+00:00,0,1,1,1,1,1
2026-09-09T22:54:25.002396625+00:00,1,0,1,1,1,1
2026-09-09T22:54:25.002399125+00:00,1,1,1,1,1,1
2026-09-09T22:54:25.002402625+00:00,1,0,1,1,1,1
2026-09-09T22:54:25.002405125+00:00,1,1,1,1,1,1
2026-09-09T22:54:25.002408625+00:00,0,0,1,1,1,1
2026-09-09T22:54:25.002410875+00:00,0,1,1,1,1,1
2026-09-09T22:54:25.002414750+00:00,0,0,1,1,1,1
2026-09-09T22:54:25.002416875+00:00,0,1,1,1,1,1
2026-09-09T22:54:25.002420750+00:00,1,0,1,1,1,1
2026-09-09T22:54:25.002422875+00:00,1,1,1,1,1,1
2026-09-09T22:54:25.002426375+00:00,1,0,1,1,1,1
2026-09-09T22:54:25.002429000+00:00,1,1,1,1,1,1
2026-09-09T22:54:25.002432500+00:00,1,0,1,1,1,1
2026-09-09T22:54:25.002435000+00:00,1,1,1,1,1,1
2026-09-09T22:54:25.002450625+00:00,1,0,1,1,1,1
2026-09-09T22:54:25.002454000+00:00,1,1,1,1,1,1
2026-09-09T22:54:25.002456875+00:00,1,0,1,1,1,1
2026-09-09T22:54:25.002459625+00:00,1,1,1,1,1,1
2026-09-09T22:54:25.002464500+00:00,1,0,1,1,1,1
2026-09-09T22:54:25.002467750+00:00,1,1,1,1,1,1
2026-09-09T22:54:25.002470750+00:00,1,0,1,1,1,1
2026-09-09T22:54:25.002473500+00:00,1,1,1,1,1,1
2026-09-09T22:54:25.002476875+00:00,1,0,1,1,1,1
2026-09-09T22:54:25.002479750+00:00,1,1,1,1,1,1
2026-09-09T22:54:25.002482750+00:00,1,0,1,1,1,1
2026-09-09T22:54:25.002485625+00:00,1,1,1,1,1,1
2026-09-09T22:54:25.002488625+00:00,1,0,1,1,1,1
2026-09-09T22:54:25.002491375+00:00,1,1,1,1,1,1
2026-09-09T22:54:25.002494750+00:00,1,0,1,1,1,1
2026-09-09T22:54:25.002497625+00:00,1,1,1,1,1,1
2026-09-09T22:54:25.002579875+00:00,1,0,1,1,1,1
2026-09-09T22:54:25.002583375+00:00,1,1,1,1,1,1
2026-09-09T22:54:25.002587750+00:00,1,0,1,1,1,1
2026-09-09T22:54:25.002590000+00:00,1,1,1,1,1,1
2026-09-09T22:54:25.002594625+00:00,1,0,1,1,1,1
2026-09-09T22:54:25.002597125+00:00,1,1,1,1,1,1
2026-09-09T22:54:25.002601625+00:00,1,0,1,1,1,1
2026-09-09T22:54:25.002603875+00:00,1,1,1,1,1,1
2026-09-09T22:54:25.002608750+00:00,1,0,1,1,1,1
2026-09-09T22:54:25.002611000+00:00,1,1,1,1,1,1
2026-09-09T22:54:25.002615500+00:00,1,0,1,1,1,1
2026-09-09T22:54:25.002618000+00:00,1,1,1,1,1,1
2026-09-09T22:54:25.002622625+00:00,1,0,1,1,1,1
2026-09-09T22:54:25.002624750+00:00,1,1,1,1,1,1
2026-09-09T22:54:25.002629750+00:00,1,0,1,1,1,1
2026-09-09T22:54:25.002632875+00:00,1,1,1,1,1,1
2026-09-09T22:54:25.002639125+00:00,1,0,1,1,1,1
2026-09-09T22:54:25.002641625+00:00,1,1,1,1,1,1
2026-09-09T22:54:25.002646500+00:00,1,0,1,1,1,1
2026-09-09T22:54:25.002648750+00:00,1,1,1,1,1,1
2026-09-09T22:54:25.002653250+00:00,1,0,1,1,1,1
2026-09-09T22:54:25.002655750+00:00,1,1,1,1,1,1
2026-09-09T22:54:25.002660375+00:00,1,0,1,1,1,1
2026-09-09T22:54:25.002662500+00:00,1,1,1,1,1,1
2026-09-09T22:54:25.002667500+00:00,1,0,1,1,1,1
2026-09-09T22:54:25.002669625+00:00,1,1,1,1,1,1
2026-09-09T22:54:25.002674250+00:00,1,0,1,1,1,1
2026-09-09T22:54:25.002676750+00:00,1,1,1,1,1,1
2026-09-09T22:54:25.002681250+00:00,1,0,1,1,1,1
2026-09-09T22:54:25.002683500+00:00,1,1,1,1,1,1
2026-09-09T22:54:25.002688125+00:00,1,0,1,1,1,1
2026-09-09T22:54:25.002690625+00:00,1,1,1,1,1,1
2026-09-09T22:54:25.002695125+00:00,1,0,1,1,1,1
2026-09-09T22:54:25.002697375+00:00,1,1,1,1,1,1
2026-09-09T22:54:25.002702250+00:00,1,0,1,1,1,1
2026-09-09T22:54:25.002704500+00:00,1,1,1,1,1,1
2026-09-09T22:54:25.002709000+00:00,1,0,1,1,1,1
2026-09-09T22:54:25.002711500+00:00,1,1,1,1,1,1
2026-09-09T22:54:25.002716125+00:00,1,0,1,1,1,1
2026-09-09T22:54:25.002718250+00:00,1,1,1,1,1,1
2026-09-09T22:54:25.002724625+00:00,1,0,1,1,1,1
2026-09-09T22:54:25.002727125+00:00,1,1,1,1,1,1
2026-09-09T22:54:25.002732000+00:00,1,0,1,1,1,1
2026-09-09T22:54:25.002734250+00:00,1,1,1,1,1,1
2026-09-09T22:54:25.002738875+00:00,1,0,1,1,1,1
2026-09-09T22:54:25.002741375+00:00,1,1,1,1,1,1
2026-09-09T22:54:25.002745875+00:00,1,0,1,1,1,1
2026-09-09T22:54:25.002748125+00:00,1,1,1,1,1,1
2026-09-09T22:54:25.002753000+00:00,1,0,1,1,1,1
2026-09-09T22:54:25.002755250+00:00,1,1,1,1,1,1
2026-09-09T22:54:25.002759750+00:00,1,0,1,1,1,1
2026-09-09T22:54:25.002762250+00:00,1,1,1,1,1,1
2026-09-09T22:54:25.002766875+00:00,1,0,1,1,1,1
2026-09-09T22:54:25.002769000+00:00,1,1,1,1,1,1
2026-09-09T22:54:25.002773625+00:00,1,0,1,1,1,1
2026-09-09T22:54:25.002776125+00:00,1,1,1,1,1,1
2026-09-09T22:54:25.002780750+00:00,1,0,1,1,1,1
2026-09-09T22:54:25.002782875+00:00,1,1,1,1,1,1
2026-09-09T22:54:25.002787875+00:00,1,0,1,1,1,1
2026-09-09T22:54:25.002790000+00:00,1,1,1,1,1,1
2026-09-09T22:54:25.002794625+00:00,1,0,1,1,1,1
2026-09-09T22:54:25.002797125+00:00,1,1,1,1,1,1
2026-09-09T22:54:25.002801625+00:00,1,0,1,1,1,1
2026-09-09T22:54:25.002803875+00:00,1,1,1,1,1,1
2026-09-09T22:54:25.002809875+00:00,1,0,0,0,0,0
2026-09-09T22:54:25.002813000+00:00,1,1,0,0,0,0
2026-09-09T22:54:25.002818125+00:00,1,0,1,1,0,1
2026-09-09T22:54:25.002820875+00:00,1,1,1,1,0,1
2026-09-09T22:54:25.002827375+00:00,1,0,1,0,1,0
2026-09-09T22:54:25.002829625+00:00,1,1,1,0,1,0
2026-09-09T22:54:25.002836625+00:00,1,0,0,0,0,1
2026-09-09T22:54:25.002839750+00:00,1,1,0,0,0,1
2026-09-09T22:54:25.002846000+00:00,1,0,1,0,0,1
2026-09-09T22:54:25.002848500+00:00,1,1,1,0,0,1
2026-09-09T22:54:25.002855875+00:00,1,0,0,0,0,0
2026-09-09T22:54:25.002858625+00:00,1,1,0,0,0,0
2026-09-09T22:54:25.002864875+00:00,1,0,0,0,1,0
2026-09-09T22:54:25.002867625+00:00,1,1,0,0,1,0
2026-09-09T22:54:25.002874250+00:00,1,0,0,1,0,0
2026-09-09T22:54:25.002876375+00:00,1,1,0,1,0,0
2026-09-09T22:54:25.002882875+00:00,1,0,1,0,1,0
2026-09-09T22:54:25.002885375+00:00,1,1,1,0,1,0
2026-09-09T22:54:25.002892250+00:00,1,0,1,1,0,0
2026-09-09T22:54:25.002896500+00:00,1,1,1,1,0,0
2026-09-09T22:54:25.002903000+00:00,1,0,0,0,1,0
2026-09-09T22:54:25.002905125+00:00,1,1,0,0,1,0
2026-09-09T22:54:25.002911250+00:00,1,0,0,0,1,0
2026-09-09T22:54:25.002914375+00:00,1,1,0,0,1,0
2026-09-09T22:54:25.002920750+00:00,1,0,0,1,0,0
2026-09-09T22:54:25.002923250+00:00,1,1,0,1,0,0
2026-09-09T22:54:25.002930250+00:00,1,0,0,0,0,0
2026-09-09T22:54:25.002933000+00:00,1,1,0,0,0,0
2026-09-09T22:54:25.002938500+00:00,1,0,0,1,0,0
2026-09-09T22:54:25.002941000+00:00,1,1,0,1,0,0
2026-09-09T22:54:25.002946875+00:00,1,0,0,0,0,0
2026-09-09T22:54:25.002949000+00:00,1,1,0,0,0,0
2026-09-09T22:54:25.002955500+00:00,1,0,1,1,0,0
2026-09-09T22:54:25.002958000+00:00,1,1,1,1,0,0
2026-09-09T22:54:25.002965000+00:00,1,0,0,0,1,0
2026-09-09T22:54:25.002967875+00:00,1,1,0,0,1,0
2026-09-09T22:54:25.002973500+00:00,1,0,0,1,0,0
2026-09-09T22:54:25.002976000+00:00,1,1,0,1,0,0
2026-09-09T22:54:25.002984125+00:00,1,0,0,1,1,1
2026-09-09T22:54:25.002987000+00:00,1,1,0,1,1,1
2026-09-09T22:54:25.002993375+00:00,1,0,1,1,0,0
2026-09-09T22:54:25.002995875+00:00,1,1,1,1,0,0
2026-09-09T22:54:25.003002750+00:00,1,0,0,0,1,0
2026-09-09T22:54:25.003005875+00:00,1,1,0,0,1,0
2026-09-09T22:54:25.003012250+00:00,1,0,0,0,0,0
2026-09-09T22:54:25.003014750+00:00,1,1,0,0,0,0
2026-09-09T22:54:25.003021625+00:00,1,0,0,0,0,0
2026-09-09T22:54:25.003024750+00:00,1,1,0,0,0,0
2026-09-09T22:54:25.003031000+00:00,1,0,0,0,0,0
2026-09-09T22:54:25.003033500+00:00,1,1,0,0,0,0
2026-09-09T22:54:25.003039375+00:00,1,0,0,1,0,0
2026-09-09T22:54:25.003041500+00:00,1,1,0,1,0,0
2026-09-09T22:54:25.003048250+00:00,1,0,0,1,0,0
2026-09-09T22:54:25.003050750+00:00,1,1,0,1,0,0
2026-09-09T22:54:25.003057375+00:00,1,0,0,0,0,0
2026-09-09T22:54:25.003059500+00:00,1,1,0,0,0,0
2026-09-09T22:54:25.003066000+00:00,1,0,0,1,0,0
2026-09-09T22:54:25.003069250+00:00,1,1,0,1,0,0
2026-09-09T22:54:25.003075125+00:00,1,0,0,0,0,0
2026-09-09T22:54:25.003077250+00:00,1,1,0,0,0,0
2026-09-09T22:54:25.003082875+00:00,1,0,0,0,0,0
2026-09-09T22:54:25.003085375+00:00,1,1,0,0,0,0
2026-09-09T22:54:25.003092250+00:00,1,0,0,0,0,0
2026-09-09T22:54:25.003095375+00:00,1,1,0,0,0,0
2026-09-09T22:54:25.003101625+00:00,1,0,0,0,0,0
2026-09-09T22:54:25.003104125+00:00,1,1,0,0,0,0
2026-09-09T22:54:25.003111000+00:00,1,0,0,1,0,0
2026-09-09T22:54:25.003113125+00:00,1,1,0,1,0,0
2026-09-09T22:54:25.003119625+00:00,1,0,0,0,0,0
2026-09-09T22:54:25.003122125+00:00,1,1,0,0,0,0
2026-09-09T22:54:25.003128875+00:00,1,0,0,0,0,0
2026-09-09T22:54:25.003131125+00:00,1,1,0,0,0,0
2026-09-09T22:54:25.003137625+00:00,1,0,0,0,0,0
2026-09-09T22:54:25.003140125+00:00,1,1,0,0,0,0
2026-09-09T22:54:25.003147375+00:00,1,0,0,0,0,0
2026-09-09T22:54:25.003150000+00:00,1,1,0,0,0,0
2026-09-09T22:54:25.003157875+00:00,1,0,0,0,0,0
2026-09-09T22:54:25.003161000+00:00,1,1,0,0,0,0
2026-09-09T22:54:25.003167625+00:00,1,0,0,0,0,0
2026-09-09T22:54:25.003169750+00:00,1,1,0,0,0,0
2026-09-09T22:54:25.003176125+00:00,1,0,0,0,0,0
2026-09-09T22:54:25.003178875+00:00,1,1,0,0,0,0
2026-09-09T22:54:25.003185125+00:00,1,0,0,0,0,0
2026-09-09T22:54:25.003188000+00:00,1,1,0,0,0,0
2026-09-09T22:54:25.003193875+00:00,1,0,1,0,0,1
2026-09-09T22:54:25.003194000+00:00,1,0,0,0,0,1
2026-09-09T22:54:25.003196750+00:00,1,1,0,0,0,1
2026-09-09T22:54:25.003203750+00:00,1,0,0,0,0,0
2026-09-09T22:54:25.003206625+00:00,1,1,0,0,0,0
2026-09-09T22:54:25.003213125+00:00,1,0,0,0,0,0
2026-09-09T22:54:25.003215625+00:00,1,1,0,0,0,0
2026-09-09T22:54:25.003222500+00:00,1,0,0,0,0,0
2026-09-09T22:54:25.003225625+00:00,1,1,0,0,0,0
2026-09-09T22:54:25.003231750+00:00,1,0,0,0,0,0
2026-09-09T22:54:25.003234625+00:00,1,1,0,0,0,0
2026-09-09T22:54:25.003242750+00:00,1,0,0,1,0,0
2026-09-09T22:54:25.003245625+00:00,1,1,0,1,0,0
2026-09-09T22:54:25.003251875+00:00,1,0,0,0,0,0
2026-09-09T22:54:25.003254375+00:00,1,1,0,0,0,0
2026-09-09T22:54:25.003260125+00:00,1,0,0,0,0,0
2026-09-09T22:54:25.003262250+00:00,1,1,0,0,0,0
2026-09-09T22:54:25.003267625+00:00,1,0,0,0,0,0
2026-09-09T22:54:25.003270375+00:00,1,1,0,0,0,0
2026-09-09T22:54:25.003277000+00:00,1,0,1,1,1,1
2026-09-09T22:54:25.003279250+00:00,1,1,1,1,1,1
2026-09-09T22:54:25.003284875+00:00,1,0,0,0,0,0
2026-09-09T22:54:25.003287375+00:00,1,1,0,0,0,0
2026-09-09T22:54:25.003294125+00:00,1,0,0,0,0,0
2026-09-09T22:54:25.003297250+00:00,1,1,0,0,0,0
2026-09-09T22:54:25.003303500+00:00,1,0,0,0,0,0
2026-09-09T22:54:25.003306375+00:00,1,1,0,0,0,0
2026-09-09T22:54:25.003313000+00:00,1,0,0,0,0,0
2026-09-09T22:54:25.003315125+00:00,1,1,0,0,0,0
2026-09-09T22:54:25.003321750+00:00,1,0,0,1,0,0
2026-09-09T22:54:25.003324000+00:00,1,1,0,1,0,0
2026-09-09T22:54:25.003331375+00:00,1,0,0,0,0,0
2026-09-09T22:54:25.003334250+00:00,1,1,0,0,0,0
2026-09-09T22:54:25.003340375+00:00,1,0,0,0,0,0
2026-09-09T22:54:25.003342875+00:00,1,1,0,0,0,0
2026-09-09T22:54:25.003349750+00:00,1,0,0,0,0,0
2026-09-09T22:54:25.003352000+00:00,1,1,0,0,0,0
2026-09-09T22:54:25.003358125+00:00,1,0,0,0,0,0
2026-09-09T22:54:25.003361000+00:00,1,1,0,0,0,0
2026-09-09T22:54:25.003367625+00:00,1,0,0,0,0,0
2026-09-09T22:54:25.003369750+00:00,1,1,0,0,0,0
2026-09-09T22:54:25.003376250+00:00,1,0,0,0,0,0
2026-09-09T22:54:25.003378750+00:00,1,1,0,0,0,0
2026-09-09T22:54:25.003385625+00:00,1,0,0,0,0,0
2026-09-09T22:54:25.003388750+00:00,1,1,0,0,0,0
2026-09-09T22:54:25.003394875+00:00,1,0,0,0,0,0
2026-09-09T22:54:25.003397750+00:00,1,1,0,0,0,0
2026-09-09T22:54:25.003404000+00:00,1,0,0,0,0,0
2026-09-09T22:54:25.003404125+00:00,1,0,1,1,0,1
2026-09-09T22:54:25.003406500+00:00,1,1,1,1,0,1
2026-09-09T22:54:25.003414625+00:00,1,0,1,0,0,1
2026-09-09T22:54:25.003417500+00:00,1,1,1,0,0,1
2026-09-09T22:54:25.003424625+00:00,1,0,0,0,0,0
2026-09-09T22:54:25.003427500+00:00,1,1,0,0,0,0
2026-09-09T22:54:25.003434000+00:00,1,0,1,1,0,0
2026-09-09T22:54:25.003436500+00:00,1,1,1,1,0,0
2026-09-09T22:54:25.003443625+00:00,1,0,1,0,0,1
2026-09-09T22:54:25.003446500+00:00,1,1,1,0,0,1
2026-09-09T22:54:25.003452750+00:00,1,0,1,1,1,0
2026-09-09T22:54:25.003455500+00:00,1,1,1,1,1,0
2026-09-09T22:54:25.003462250+00:00,1,0,1,1,0,0
2026-09-09T22:54:25.003465375+00:00,1,1,1,1,0,0
2026-09-09T22:54:25.003471875+00:00,1,0,1,1,0,1
2026-09-09T22:54:25.003474375+00:00,1,1,1,1,0,1
2026-09-09T22:54:25.003481000+00:00,1,0,1,0,0,1
2026-09-09T22:54:25.003481125+00:00,1,0,0,0,0,0
2026-09-09T22:54:25.003483250+00:00,1,1,0,0,0,0
2026-09-09T22:54:25.003489875+00:00,1,0,0,0,0,0
2026-09-09T22:54:25.003492375+00:00,1,1,0,0,0,0
2026-09-09T22:54:25.003500375+00:00,1,0,0,0,0,0
2026-09-09T22:54:25.003503250+00:00,1,1,0,0,0,0
2026-09-09T22:54:25.003509375+00:00,1,0,0,0,0,0
2026-09-09T22:54:25.003512125+00:00,1,1,0,0,0,0
2026-09-09T22:54:25.003518750+00:00,1,0,0,0,0,0
2026-09-09T22:54:25.003521000+00:00,1,1,0,0,0,0
2026-09-09T22:54:25.003527375+00:00,1,0,0,0,0,0
2026-09-09T22:54:25.003529875+00:00,1,1,0,0,0,0
2026-09-09T22:54:25.003536750+00:00,1,0,0,0,0,0
2026-09-09T22:54:25.003538875+00:00,1,1,0,0,0,0
2026-09-09T22:54:25.003545500+00:00,1,0,0,0,0,0
2026-09-09T22:54:25.003547875+00:00,1,1,0,0,0,0
2026-09-09T22:54:25.003554500+00:00,1,0,0,0,0,0
2026-09-09T22:54:25.003557000+00:00,1,1,0,0,0,0
2026-09-09T22:54:25.003563125+00:00,1,0,0,0,0,0
2026-09-09T22:54:25.003566000+00:00,1,1,0,0,0,0
2026-09-09T22:54:25.003572250+00:00,1,0,0,0,0,0
2026-09-09T22:54:25.003574750+00:00,1,1,0,0,0,0
2026-09-09T22:54:25.003581250+00:00,1,0,0,0,0,0
2026-09-09T22:54:25.003583750+00:00,1,1,0,0,0,0
2026-09-09T22:54:25.003591375+00:00,1,0,0,0,0,0
2026-09-09T22:54:25.003593875+00:00,1,1,0,0,0,0
2026-09-09T22:54:25.003599750+00:00,1,0,0,1,0,0
2026-09-09T22:54:25.003602625+00:00,1,1,0,1,0,0
2026-09-09T22:54:25.003609625+00:00,1,0,0,0,0,0
2026-09-09T22:54:25.003612500+00:00,1,1,0,0,0,0
2026-09-09T22:54:25.003618750+00:00,1,0,0,0,0,0
2026-09-09T22:54:25.003621625+00:00,1,1,0,0,0,0
2026-09-09T22:54:25.003628125+00:00,1,0,0,0,0,0
2026-09-09T22:54:25.003630375+00:00,1,1,0,0,0,0
2026-09-09T22:54:25.003635875+00:00,1,0,0,0,0,0
2026-09-09T22:54:25.003638375+00:00,1,1,0,0,0,0
2026-09-09T22:54:25.003645125+00:00,1,0,0,0,0,0
2026-09-09T22:54:25.003647375+00:00,1,1,0,0,0,0
2026-09-09T22:54:25.003653875+00:00,1,0,0,0,0,0
2026-09-09T22:54:25.003656375+00:00,1,1,0,0,0,0
2026-09-09T22:54:25.003663000+00:00,1,0,0,0,0,0
2026-09-09T22:54:25.003665125+00:00,1,1,0,0,0,0
2026-09-09T22:54:25.003673125+00:00,1,0,1,0,0,0
2026-09-09T22:54:25.003676250+00:00,1,1,1,0,0,0
2026-09-09T22:54:25.003682625+00:00,1,0,0,0,0,0
2026-09-09T22:54:25.003685125+00:00,1,1,0,0,0,0
2026-09-09T22:54:25.003691625+00:00,1,0,0,0,0,0
2026-09-09T22:54:25.003694125+00:00,1,1,0,0,0,0
2026-09-09T22:54:25.003700875+00:00,1,0,0,0,0,0
2026-09-09T22:54:25.003703000+00:00,1,1,0,0,0,0
2026-09-09T22:54:25.003709500+00:00,1,0,0,1,1,0
2026-09-09T22:54:25.003712000+00:00,1,1,0,1,1,0
2026-09-09T22:54:25.003719000+00:00,1,0,0,0,0,0
2026-09-09T22:54:25.003721875+00:00,1,1,0,0,0,0
2026-09-09T22:54:25.003727375+00:00,1,0,0,0,0,0
2026-09-09T22:54:25.003729875+00:00,1,1,0,0,0,0
2026-09-09T22:54:25.003736625+00:00,1,0,0,0,0,0
2026-09-09T22:54:25.003738750+00:00,1,1,0,0,0,0
2026-09-09T22:54:25.003743875+00:00,1,0,0,0,0,0
2026-09-09T22:54:25.003746750+00:00,1,1,0,0,0,0
2026-09-09T22:54:25.003753625+00:00,1,0,0,0,0,0
2026-09-09T22:54:25.003755750+00:00,1,1,0,0,0,0
2026-09-09T22:54:25.003763375+00:00,1,0,0,0,0,0
2026-09-09T22:54:25.003765625+00:00,1,1,0,0,0,0
2026-09-09T22:54:25.003771625+00:00,1,0,0,0,0,0
2026-09-09T22:54:25.003774750+00:00,1,1,0,0,0,0
2026-09-09T22:54:25.003780875+00:00,1,0,0,0,0,0
2026-09-09T22:54:25.003783625+00:00,1,1,0,0,0,0
2026-09-09T22:54:25.003790000+00:00,1,0,0,0,0,0
2026-09-09T22:54:25.003792500+00:00,1,1,0,0,0,0
2026-09-09T22:54:25.003798000+00:00,1,0,0,0,0,0
2026-09-09T22:54:25.003800500+00:00,1,1,0,0,0,0
2026-09-09T22:54:25.003807500+00:00,1,0,0,0,0,0
2026-09-09T22:54:25.003810625+00:00,1,1,0,0,0,0
2026-09-09T22:54:25.003816750+00:00,1,0,0,0,0,0
2026-09-09T22:54:25.003819500+00:00,1,1,0,0,0,0
2026-09-09T22:54:25.003826000+00:00,1,0,0,0,0,0
2026-09-09T22:54:25.003828500+00:00,1,1,0,0,0,0
2026-09-09T22:54:25.003834750+00:00,1,0,0,0,0,0
2026-09-09T22:54:25.003837250+00:00,1,1,0,0,0,0
2026-09-09T22:54:25.003845500+00:00,1,0,0,0,0,0
2026-09-09T22:54:25.003848250+00:00,1,1,0,0,0,0
2026-09-09T22:54:25.003854750+00:00,1,0,0,0,0,0
2026-09-09T22:54:25.003857250+00:00,1,1,0,0,0,0
2026-09-09T22:54:25.003863875+00:00,1,0,0,0,0,0
2026-09-09T22:54:25.003866125+00:00,1,1,0,0,0,0
2026-09-09T22:54:25.003871625+00:00,1,0,0,0,0,0
2026-09-09T22:54:25.003874125+00:00,1,1,0,0,0,0
2026-09-09T22:54:25.003881250+00:00,1,0,0,0,0,0
2026-09-09T22:54:25.003884000+00:00,1,1,0,0,0,0
2026-09-09T22:54:25.003890500+00:00,1,0,0,0,0,0
2026-09-09T22:54:25.003893000+00:00,1,1,0,0,0,0
2026-09-09T22:54:25.003899875+00:00,1,0,0,0,0,0
2026-09-09T22:54:25.003902000+00:00,1,1,0,0,0,0
2026-09-09T22:54:25.003908375+00:00,1,0,0,0,0,0
2026-09-09T22:54:25.003910875+00:00,1,1,0,0,0,0
2026-09-09T22:54:25.003917750+00:00,1,0,0,0,0,0
2026-09-09T22:54:25.003920000+00:00,1,1,0,0,0,0
2026-09-09T22:54:25.003926000+00:00,1,0,0,0,0,0
2026-09-09T22:54:25.003928875+00:00,1,1,0,0,0,0
2026-09-09T22:54:25.003936000+00:00,1,0,0,0,0,0
2026-09-09T22:54:25.003938875+00:00,1,1,0,0,0,0
2026-09-09T22:54:25.003945000+00:00,1,0,0,0,0,0
2026-09-09T22:54:25.003947750+00:00,1,1,0,0,0,0
2026-09-09T22:54:25.003954375+00:00,1,0,0,0,0,1
2026-09-09T22:54:25.003956875+00:00,1,1,0,0,0,1
2026-09-09T22:54:25.003962875+00:00,1,0,0,0,0,0
2026-09-09T22:54:25.003965750+00:00,1,1,0,0,0,0
2026-09-09T22:54:25.003972250+00:00,1,0,0,0,0,0
2026-09-09T22:54:25.003974500+00:00,1,1,0,0,0,0
2026-09-09T22:54:25.003980000+00:00,1,0,0,0,0,0
2026-09-09T22:54:25.003982500+00:00,1,1,0,0,0,0
2026-09-09T22:54:25.003989375+00:00,1,0,0,1,0,0
2026-09-09T22:54:25.003992500+00:00,1,1,0,1,0,0
2026-09-09T22:54:25.003998625+00:00,1,0,1,0,0,1
2026-09-09T22:54:25.004001375+00:00,1,1,1,0,0,1
2026-09-09T22:54:25.004008500+00:00,1,0,0,1,1,1
2026-09-09T22:54:25.004011250+00:00,1,1,0,1,1,1
2026-09-09T22:54:25.004019250+00:00,1,0,1,0,1,1
2026-09-09T22:54:25.004021375+00:00,1,1,1,0,1,1
2026-09-09T22:54:25.004028000+00:00,1,0,1,0,0,0
2026-09-09T22:54:25.004030125+00:00,1,1,1,0,0,0
2026-09-09T22:54:25.004035875+00:00,1,0,1,0,1,0
2026-09-09T22:54:25.004038375+00:00,1,1,1,0,1,0
2026-09-09T22:54:25.004045000+00:00,1,0,0,0,0,0
2026-09-09T22:54:25.004047250+00:00,1,1,0,0,0,0
2026-09-09T22:54:25.004053750+00:00,1,0,0,0,1,0
2026-09-09T22:54:25.004056250+00:00,1,1,0,0,1,0
2026-09-09T22:54:25.004062750+00:00,1,0,1,1,1,0
2026-09-09T22:54:25.004065000+00:00,1,1,1,1,1,0
2026-09-09T22:54:25.004070625+00:00,1,0,1,0,1,1
2026-09-09T22:54:25.004073125+00:00,1,1,1,0,1,1
2026-09-09T22:54:25.004079875+00:00,1,0,1,0,1,0
2026-09-09T22:54:25.004082000+00:00,1,1,1,0,1,0
2026-09-09T22:54:25.004088250+00:00,1,0,1,1,0,0
2026-09-09T22:54:25.004091125+00:00,1,1,1,1,0,0
2026-09-09T22:54:25.004097875+00:00,1,0,0,0,1,0
2026-09-09T22:54:25.004101125+00:00,1,1,0,0,1,0
2026-09-09T22:54:25.004108750+00:00,1,0,0,0,1,0
2026-09-09T22:54:25.004111875+00:00,1,1,0,0,1,0
2026-09-09T22:54:25.004118500+00:00,1,0,0,0,1,0
2026-09-09T22:54:25.004120750+00:00,1,1,0,0,1,0
2026-09-09T22:54:25.004127250+00:00,1,0,1,1,0,0
2026-09-09T22:54:25.004129750+00:00,1,1,1,1,0,0
2026-09-09T22:54:25.004136875+00:00,1,0,0,0,1,0
2026-09-09T22:54:25.004139875+00:00,1,1,0,0,1,0
2026-09-09T22:54:25.004146250+00:00,1,0,1,0,0,0
2026-09-09T22:54:25.004148875+00:00,1,1,1,0,0,0
2026-09-09T22:54:25.004155625+00:00,1,0,1,0,1,0
2026-09-09T22:54:25.004158625+00:00,1,1,1,0,1,0
2026-09-09T22:54:25.004165125+00:00,1,0,1,1,0,0
2026-09-09T22:54:25.004165250+00:00,1,0,0,1,0,0
2026-09-09T22:54:25.004167750+00:00,1,1,0,1,0,0
2026-09-09T22:54:25.004174500+00:00,1,0,0,0,1,0
2026-09-09T22:54:25.004177500+00:00,1,1,0,0,1,0
2026-09-09T22:54:25.004183875+00:00,1,0,0,0,1,0
2026-09-09T22:54:25.004186375+00:00,1,1,0,0,1,0
2026-09-09T22:54:25.004194625+00:00,1,0,0,1,0,0
2026-09-09T22:54:25.004197625+00:00,1,1,0,1,0,0
2026-09-09T22:54:25.004203750+00:00,1,0,0,1,0,0
2026-09-09T22:54:25.004203875+00:00,1,0,0,0,0,0
2026-09-09T22:54:25.004206375+00:00,1,1,0,0,0,0
2026-09-09T22:54:25.004212875+00:00,1,0,0,1,0,0
2026-09-09T22:54:25.004215500+00:00,1,1,0,1,0,0
2026-09-09T22:54:25.004221625+00:00,1,0,0,0,0,0
2026-09-09T22:54:25.004224250+00:00,1,1,0,0,0,0
2026-09-09T22:54:25.004231125+00:00,1,0,0,1,0,0
2026-09-09T22:54:25.004234375+00:00,1,1,0,1,0,0
2026-09-09T22:54:25.004240625+00:00,1,0,0,0,0,0
2026-09-09T22:54:25.004243250+00:00,1,1,0,0,0,0
2026-09-09T22:54:25.004249750+00:00,1,0,0,1,0,0
2026-09-09T22:54:25.004252375+00:00,1,1,0,1,0,0
2026-09-09T22:54:25.004258500+00:00,1,0,0,0,0,0
2026-09-09T22:54:25.004261125+00:00,1,1,0,0,0,0
2026-09-09T22:54:25.004267500+00:00,1,0,0,1,0,0
2026-09-09T22:54:25.004270125+00:00,1,1,0,1,0,0
2026-09-09T22:54:25.004277875+00:00,1,0,0,0,0,0
2026-09-09T22:54:25.004281250+00:00,1,1,0,0,0,0
2026-09-09T22:54:25.004287750+00:00,1,0,0,0,1,0
2026-09-09T22:54:25.004291000+00:00,1,1,0,0,1,0
2026-09-09T22:54:25.004297250+00:00,1,0,0,1,1,0
2026-09-09T22:54:25.004299875+00:00,1,1,0,1,1,0
2026-09-09T22:54:25.004306625+00:00,1,0,0,0,1,0
2026-09-09T22:54:25.004309875+00:00,1,1,0,0,1,0
2026-09-09T22:54:25.004316125+00:00,1,0,1,0,0,0
2026-09-09T22:54:25.004318750+00:00,1,1,1,0,0,0
2026-09-09T22:54:25.004325375+00:00,1,0,1,0,1,0
2026-09-09T22:54:25.004327625+00:00,1,1,1,0,1,0
2026-09-09T22:54:25.004334250+00:00,1,0,0,0,1,0
2026-09-09T22:54:25.004336875+00:00,1,1,0,0,1,0
2026-09-09T22:54:25.004343375+00:00,1,0,1,1,0,0
2026-09-09T22:54:25.004345625+00:00,1,1,1,1,0,0
2026-09-09T22:54:25.004352000+00:00,1,0,1,1,0,0
2026-09-09T22:54:25.004354625+00:00,1,1,1,1,0,0
2026-09-09T22:54:25.004361500+00:00,1,0,1,1,0,0
2026-09-09T22:54:25.004364875+00:00,1,1,1,1,0,0
2026-09-09T22:54:25.004371000+00:00,1,0,0,1,0,0
2026-09-09T22:54:25.004373500+00:00,1,1,0,1,0,0
2026-09-09T22:54:25.004380125+00:00,1,0,0,1,0,0
2026-09-09T22:54:25.004382375+00:00,1,1,0,1,0,0
2026-09-09T22:54:25.004388375+00:00,1,0,0,0,0,0
2026-09-09T22:54:25.004391375+00:00,1,1,0,0,0,0
2026-09-09T22:54:25.004398000+00:00,1,0,0,1,0,0
2026-09-09T22:54:25.004400250+00:00,1,1,0,1,0,0
2026-09-09T22:54:25.004406750+00:00,1,0,0,0,0,0
2026-09-09T22:54:25.004409375+00:00,1,1,0,0,0,0
2026-09-09T22:54:25.004415625+00:00,1,0,0,1,0,0
2026-09-09T22:54:25.004418125+00:00,1,1,0,1,0,0
2026-09-09T22:54:25.004424750+00:00,1,0,0,0,0,0
2026-09-09T22:54:25.004427375+00:00,1,1,0,0,0,0
2026-09-09T22:54:25.004433875+00:00,1,0,0,1,0,1
2026-09-09T22:54:25.004436125+00:00,1,1,0,1,0,1
2026-09-09T22:54:25.004442625+00:00,1,0,1,1,0,0
2026-09-09T22:54:25.004445250+00:00,1,1,1,1,0,0
2026-09-09T22:54:25.004453250+00:00,1,0,1,0,0,0
2026-09-09T22:54:25.004456125+00:00,1,1,1,0,0,0
2026-09-09T22:54:25.004462250+00:00,1,0,0,0,1,1
2026-09-09T22:54:25.004464875+00:00,1,1,0,0,1,1
2026-09-09T22:54:25.004471750+00:00,1,0,0,0,1,1
2026-09-09T22:54:25.004471875+00:00,1,0,0,0,0,0
2026-09-09T22:54:25.004475000+00:00,1,1,0,0,0,0
2026-09-09T22:54:25.004481375+00:00,1,0,0,0,0,1
2026-09-09T22:54:25.004483875+00:00,1,1,0,0,0,1
2026-09-09T22:54:25.004490250+00:00,1,0,0,1,1,1
2026-09-09T22:54:25.004492750+00:00,1,1,0,1,1,1
2026-09-09T22:54:25.004498875+00:00,1,0,1,0,1,1
2026-09-09T22:54:25.004501750+00:00,1,1,1,0,1,1
2026-09-09T22:54:25.004508125+00:00,1,0,0,0,0,0
2026-09-09T22:54:25.004510750+00:00,1,1,0,0,0,0
2026-09-09T22:54:25.004517000+00:00,1,0,1,1,0,1
2026-09-09T22:54:25.004519625+00:00,1,1,1,1,0,1
2026-09-09T22:54:25.004526375+00:00,1,0,0,0,1,1
2026-09-09T22:54:25.004528625+00:00,1,1,0,0,1,1
2026-09-09T22:54:25.004536500+00:00,1,0,0,0,0,0
2026-09-09T22:54:25.004539750+00:00,1,1,0,0,0,0
2026-09-09T22:54:25.004546375+00:00,1,0,0,0,0,0
2026-09-09T22:54:25.004549625+00:00,1,1,0,0,0,0
2026-09-09T22:54:25.004555750+00:00,1,0,1,1,1,0
2026-09-09T22:54:25.004558375+00:00,1,1,1,1,1,0
2026-09-09T22:54:25.004565500+00:00,1,0,0,0,1,1
2026-09-09T22:54:25.004568375+00:00,1,1,0,0,1,1
2026-09-09T22:54:25.004574625+00:00,1,0,1,1,1,1
2026-09-09T22:54:25.004577500+00:00,1,1,1,1,1,1
2026-09-09T22:54:25.004584000+00:00,1,0,1,1,0,1
2026-09-09T22:54:25.004586250+00:00,1,1,1,1,0,1
2026-09-09T22:54:25.004592625+00:00,1,0,0,0,0,1
2026-09-09T22:54:25.004595125+00:00,1,1,0,0,0,1
2026-09-09T22:54:25.004602250+00:00,1,0,0,1,1,1
2026-09-09T22:54:25.004605125+00:00,1,1,0,1,1,1
2026-09-09T22:54:25.004611750+00:00,1,0,0,1,1,1
2026-09-09T22:54:25.004611875+00:00,1,0,1,0,1,1
2026-09-09T22:54:25.004614125+00:00,1,1,1,0,1,1
2026-09-09T22:54:25.004622500+00:00,1,0,0,0,0,1
2026-09-09T22:54:25.004625125+00:00,1,1,0,0,0,1
2026-09-09T22:54:25.004631375+00:00,1,0,0,1,1,1
2026-09-09T22:54:25.004634000+00:00,1,1,0,1,1,1
2026-09-09T22:54:25.004640625+00:00,1,0,0,1,0,1
2026-09-09T22:54:25.004640750+00:00,1,0,0,0,0,1
2026-09-09T22:54:25.004642875+00:00,1,1,0,0,0,1
2026-09-09T22:54:25.004649375+00:00,1,0,0,0,0,0
2026-09-09T22:54:25.004651875+00:00,1,1,0,0,0,0
2026-09-09T22:54:25.004658250+00:00,1,0,0,0,0,0
2026-09-09T22:54:25.004660875+00:00,1,1,0,0,0,0
2026-09-09T22:54:25.004667000+00:00,1,0,0,0,0,0
2026-09-09T22:54:25.004669875+00:00,1,1,0,0,0,0
2026-09-09T22:54:25.004676500+00:00,1,0,0,0,0,0
2026-09-09T22:54:25.004678750+00:00,1,1,0,0,0,0
2026-09-09T22:54:25.004685000+00:00,1,0,1,0,1,0
2026-09-09T22:54:25.004687875+00:00,1,1,1,0,1,0
2026-09-09T22:54:25.004694375+00:00,1,0,0,1,1,1
2026-09-09T22:54:25.004696625+00:00,1,1,0,1,1,1
2026-09-09T22:54:25.004702750+00:00,1,0,0,0,0,1
2026-09-09T22:54:25.004705625+00:00,1,1,0,0,0,1
2026-09-09T22:54:25.004713125+00:00,1,0,1,1,0,0
2026-09-09T22:54:25.004715750+00:00,1,1,1,1,0,0
2026-09-09T22:54:25.004722125+00:00,1,0,0,0,1,1
2026-09-09T22:54:25.004724750+00:00,1,1,0,0,1,1
2026-09-09T22:54:25.004731500+00:00,1,0,0,1,1,0
2026-09-09T22:54:25.004734375+00:00,1,1,0,1,1,0
2026-09-09T22:54:25.004741000+00:00,1,0,1,0,0,0
2026-09-09T22:54:25.004743625+00:00,1,1,1,0,0,0
2026-09-09T22:54:25.004750250+00:00,1,0,1,0,0,1
2026-09-09T22:54:25.004753500+00:00,1,1,1,0,0,1
2026-09-09T22:54:25.004759750+00:00,1,0,1,1,0,1
2026-09-09T22:54:25.004762375+00:00,1,1,1,1,0,1
2026-09-09T22:54:25.004769125+00:00,1,0,1,1,0,1
2026-09-09T22:54:25.004771375+00:00,1,1,1,1,0,1
2026-09-09T22:54:25.004777625+00:00,1,0,0,0,0,0
2026-09-09T22:54:25.004780125+00:00,1,1,0,0,0,0
2026-09-09T22:54:25.004787125+00:00,1,0,1,1,1,0
2026-09-09T22:54:25.004790375+00:00,1,1,1,1,1,0
2026-09-09T22:54:25.004798000+00:00,1,0,0,0,0,0
2026-09-09T22:54:25.004801250+00:00,1,1,0,0,0,0
2026-09-09T22:54:25.004807875+00:00,1,0,0,0,0,0
2026-09-09T22:54:25.004811125+00:00,1,1,0,0,0,0
2026-09-09T22:54:25.004817500+00:00,1,0,0,0,1,1
2026-09-09T22:54:25.004820000+00:00,1,1,0,0,1,1
2026-09-09T22:54:25.004826625+00:00,1,0,0,0,1,1
2026-09-09T22:54:25.004826750+00:00,1,0,0,1,0,1
2026-09-09T22:54:25.004829000+00:00,1,1,0,1,0,1
2026-09-09T22:54:25.004835375+00:00,1,0,0,0,1,1
2026-09-09T22:54:25.004837875+00:00,1,1,0,0,1,1
2026-09-09T22:54:25.004844875+00:00,1,0,0,0,0,1
2026-09-09T22:54:25.004847750+00:00,1,1,0,0,0,1
2026-09-09T22:54:25.004854375+00:00,1,0,0,0,1,0
2026-09-09T22:54:25.004857000+00:00,1,1,0,0,1,0
2026-09-09T22:54:25.004863625+00:00,1,0,0,0,1,1
2026-09-09T22:54:25.004866875+00:00,1,1,0,0,1,1
2026-09-09T22:54:25.004873125+00:00,1,0,0,0,0,0
2026-09-09T22:54:25.004875625+00:00,1,1,0,0,0,0
2026-09-09T22:54:25.004883750+00:00,1,0,1,1,1,0
2026-09-09T22:54:25.004886625+00:00,1,1,1,1,1,0
2026-09-09T22:54:25.004892875+00:00,1,0,0,0,1,0
2026-09-09T22:54:25.004895500+00:00,1,1,0,0,1,0
2026-09-09T22:54:25.004902500+00:00,1,0,0,0,0,0
2026-09-09T22:54:25.004905375+00:00,1,1,0,0,0,0
2026-09-09T22:54:25.004911875+00:00,1,0,0,1,1,0
2026-09-09T22:54:25.004914375+00:00,1,1,0,1,1,0
2026-09-09T22:54:25.004921500+00:00,1,0,1,1,0,1
2026-09-09T22:54:25.004924500+00:00,1,1,1,1,0,1
2026-09-09T22:54:25.004930750+00:00,1,0,0,0,1,0
2026-09-09T22:54:25.004933250+00:00,1,1,0,0,1,0
2026-09-09T22:54:25.004940375+00:00,1,0,0,0,0,0
2026-09-09T22:54:25.004943250+00:00,1,1,0,0,0,0
2026-09-09T22:54:25.004949750+00:00,1,0,0,0,1,1
2026-09-09T22:54:25.004952375+00:00,1,1,0,0,1,1
2026-09-09T22:54:25.004959125+00:00,1,0,1,0,1,1
2026-09-09T22:54:25.004962375+00:00,1,1,1,0,1,1
2026-09-09T22:54:25.004970125+00:00,1,0,1,0,0,0
2026-09-09T22:54:25.004973375+00:00,1,1,1,0,0,0
2026-09-09T22:54:25.004979875+00:00,1,0,0,0,0,0
2026-09-09T22:54:25.004982125+00:00,1,1,0,0,0,0
2026-09-09T22:54:25.004988250+00:00,1,0,1,1,0,1
2026-09-09T22:54:25.004991250+00:00,1,1,1,1,0,1
2026-09-09T22:54:25.004998000+00:00,1,0,1,1,1,1
2026-09-09T22:54:25.005000875+00:00,1,1,1,1,1,1
2026-09-09T22:54:25.005007375+00:00,1,0,1,0,1,0
2026-09-09T22:54:25.005010000+00:00,1,1,1,0,1,0
2026-09-09T22:54:25.005016500+00:00,1,0,1,1,0,0
2026-09-09T22:54:25.005019125+00:00,1,1,1,1,0,0
2026-09-09T22:54:25.005025375+00:00,1,0,0,0,0,0
2026-09-09T22:54:25.005028000+00:00,1,1,0,0,0,0
2026-09-09T22:54:25.005034500+00:00,1,0,0,0,1,0
2026-09-09T22:54:25.005036750+00:00,1,1,0,0,1,0
2026-09-09T22:54:25.005043125+00:00,1,0,0,0,1,1
2026-09-09T22:54:25.005045750+00:00,1,1,0,0,1,1
2026-09-09T22:54:25.005053875+00:00,1,0,1,0,1,1
2026-09-09T22:54:25.005056750+00:00,1,1,1,0,1,1
2026-09-09T22:54:25.005063000+00:00,1,0,1,0,0,0
2026-09-09T22:54:25.005065625+00:00,1,1,1,0,0,0
2026-09-09T22:54:25.005072750+00:00,1,0,0,1,1,0
2026-09-09T22:54:25.005075625+00:00,1,1,0,1,1,0
2026-09-09T22:54:25.005082125+00:00,1,0,0,0,1,1
2026-09-09T22:54:25.005084625+00:00,1,1,0,0,1,1
2026-09-09T22:54:25.005091500+00:00,1,0,1,0,1,1
2026-09-09T22:54:25.005094750+00:00,1,1,1,0,1,1
2026-09-09T22:54:25.005101000+00:00,1,0,1,0,0,0
2026-09-09T22:54:25.005103625+00:00,1,1,1,0,0,0
2026-09-09T22:54:25.005110250+00:00,1,0,1,0,0,1
2026-09-09T22:54:25.005113500+00:00,1,1,1,0,0,1
2026-09-09T22:54:25.005119750+00:00,1,0,0,0,0,0
2026-09-09T22:54:25.005122375+00:00,1,1,0,0,0,0
2026-09-09T22:54:25.005129000+00:00,1,0,1,0,1,1
2026-09-09T22:54:25.005131250+00:00,1,1,1,0,1,1
2026-09-09T22:54:25.005137750+00:00,1,0,0,0,0,0
2026-09-09T22:54:25.005141125+00:00,1,1,0,0,0,0
2026-09-09T22:54:25.005148250+00:00,1,0,0,1,0,1
2026-09-09T22:54:25.005151375+00:00,1,1,0,1,0,1
2026-09-09T22:54:25.005157750+00:00,1,0,0,0,1,0
2026-09-09T22:54:25.005160250+00:00,1,1,0,0,1,0
2026-09-09T22:54:25.005166875+00:00,1,0,0,1,1,1
2026-09-09T22:54:25.005169000+00:00,1,1,0,1,1,1
2026-09-09T22:54:25.005175375+00:00,1,0,0,1,1,0
2026-09-09T22:54:25.005177875+00:00,1,1,0,1,1,0
2026-09-09T22:54:25.005183625+00:00,1,0,1,1,1,1
2026-09-09T22:54:25.005186125+00:00,1,1,1,1,1,1
2026-09-09T22:54:25.005192250+00:00,1,0,0,1,1,0
2026-09-09T22:54:25.005195000+00:00,1,1,0,1,1,0
2026-09-09T22:54:25.005201875+00:00,1,0,0,1,1,1
2026-09-09T22:54:25.005204750+00:00,1,1,0,1,1,1
2026-09-09T22:54:25.005210500+00:00,1,0,0,1,0,0
2026-09-09T22:54:25.005212875+00:00,1,1,0,1,0,0
2026-09-09T22:54:25.005219625+00:00,1,0,1,0,1,1
2026-09-09T22:54:25.005221750+00:00,1,1,1,0,1,1
2026-09-09T22:54:25.005229500+00:00,1,0,1,1,1,0
2026-09-09T22:54:25.005231750+00:00,1,1,1,1,1,0
2026-09-09T22:54:25.005238500+00:00,1,0,1,1,1,0
2026-09-09T22:54:25.005238625+00:00,1,0,1,1,0,0
2026-09-09T22:54:25.005241750+00:00,1,1,1,1,0,0
2026-09-09T22:54:25.005248000+00:00,1,0,1,1,1,0
2026-09-09T22:54:25.005250750+00:00,1,1,1,1,1,0
2026-09-09T22:54:25.005257500+00:00,1,0,1,0,0,1
2026-09-09T22:54:25.005260625+00:00,1,1,1,0,0,1
2026-09-09T22:54:25.005267000+00:00,1,0,1,1,1,0
2026-09-09T22:54:25.005269500+00:00,1,1,1,1,1,0
2026-09-09T22:54:25.005276500+00:00,1,0,1,1,0,0
2026-09-09T22:54:25.005279375+00:00,1,1,1,1,0,0
2026-09-09T22:54:25.005285000+00:00,1,0,1,1,1,0
2026-09-09T22:54:25.005287500+00:00,1,1,1,1,1,0
2026-09-09T22:54:25.005294125+00:00,1,0,1,1,1,0
2026-09-09T22:54:25.005294250+00:00,1,0,0,0,1,0
2026-09-09T22:54:25.005296375+00:00,1,1,0,0,1,0
2026-09-09T22:54:25.005303000+00:00,1,0,0,1,1,0
2026-09-09T22:54:25.005305500+00:00,1,1,0,1,1,0
2026-09-09T22:54:25.005313375+00:00,1,0,1,0,1,0
2026-09-09T22:54:25.005316250+00:00,1,1,1,0,1,0
2026-09-09T22:54:25.005322750+00:00,1,0,0,1,1,0
2026-09-09T22:54:25.005325250+00:00,1,1,0,1,1,0
2026-09-09T22:54:25.005332000+00:00,1,0,1,0,1,1
2026-09-09T22:54:25.005334250+00:00,1,1,1,0,1,1
2026-09-09T22:54:25.005340750+00:00,1,0,0,1,0,0
2026-09-09T22:54:25.005343250+00:00,1,1,0,1,0,0
2026-09-09T22:54:25.005350125+00:00,1,0,0,0,0,0
2026-09-09T22:54:25.005353000+00:00,1,1,0,0,0,0
2026-09-09T22:54:25.005359500+00:00,1,0,0,1,1,0
2026-09-09T22:54:25.005362000+00:00,1,1,0,1,1,0
2026-09-09T22:54:25.005369125+00:00,1,0,0,0,1,0
2026-09-09T22:54:25.005372000+00:00,1,1,0,0,1,0
2026-09-09T22:54:25.005378750+00:00,1,0,0,1,1,0
2026-09-09T22:54:25.005380875+00:00,1,1,0,1,1,0
2026-09-09T22:54:25.005387875+00:00,1,0,1,0,0,1
2026-09-09T22:54:25.005390750+00:00,1,1,1,0,0,1
2026-09-09T22:54:25.005396375+00:00,1,0,1,1,1,0
2026-09-09T22:54:25.005400000+00:00,1,1,1,1,1,0
2026-09-09T22:54:25.005406750+00:00,1,0,1,1,0,0
2026-09-09T22:54:25.005409875+00:00,1,1,1,1,0,0
2026-09-09T22:54:25.005416250+00:00,1,0,0,1,1,0
2026-09-09T22:54:25.005418750+00:00,1,1,0,1,1,0
2026-09-09T22:54:25.005425875+00:00,1,0,1,1,0,1
2026-09-09T22:54:25.005428750+00:00,1,1,1,1,0,1
2026-09-09T22:54:25.005435000+00:00,1,0,0,0,0,0
2026-09-09T22:54:25.005437500+00:00,1,1,0,0,0,0
2026-09-09T22:54:25.005443625+00:00,1,0,1,0,1,1
2026-09-09T22:54:25.005446500+00:00,1,1,1,0,1,1
2026-09-09T22:54:25.005453125+00:00,1,0,0,0,0,0
2026-09-09T22:54:25.005455625+00:00,1,1,0,0,0,0
2026-09-09T22:54:25.005461875+00:00,1,0,0,1,0,1
2026-09-09T22:54:25.005464375+00:00,1,1,0,1,0,1
2026-09-09T22:54:25.005471000+00:00,1,0,0,1,1,0
2026-09-09T22:54:25.005471125+00:00,1,0,1,0,1,0
2026-09-09T22:54:25.005473500+00:00,1,1,1,0,1,0
2026-09-09T22:54:25.005480250+00:00,1,0,0,0,0,0
2026-09-09T22:54:25.005483375+00:00,1,1,0,0,0,0
2026-09-09T22:54:25.005490250+00:00,1,0,1,1,1,0
2026-09-09T22:54:25.005493250+00:00,1,1,1,1,1,0
2026-09-09T22:54:25.005500125+00:00,1,0,0,1,0,0
2026-09-09T22:54:25.005502250+00:00,1,1,0,1,0,0
2026-09-09T22:54:25.005508625+00:00,1,0,0,1,1,0
2026-09-09T22:54:25.005511125+00:00,1,1,0,1,1,0
2026-09-09T22:54:25.005518000+00:00,1,0,0,1,1,0
2026-09-09T22:54:25.005518125+00:00,1,0,1,0,1,0
2026-09-09T22:54:25.005521250+00:00,1,1,1,0,1,0
2026-09-09T22:54:25.005527500+00:00,1,0,1,1,1,0
2026-09-09T22:54:25.005530000+00:00,1,1,1,1,1,0
2026-09-09T22:54:25.005537000+00:00,1,0,1,1,0,0
2026-09-09T22:54:25.005540125+00:00,1,1,1,1,0,0
2026-09-09T22:54:25.005546500+00:00,1,0,1,1,1,0
2026-09-09T22:54:25.005549000+00:00,1,1,1,1,1,0
2026-09-09T22:54:25.005556000+00:00,1,0,1,1,0,0
2026-09-09T22:54:25.005558875+00:00,1,1,1,1,0,0
2026-09-09T22:54:25.005565500+00:00,1,0,0,1,0,0
2026-09-09T22:54:25.005568000+00:00,1,1,0,1,0,0
2026-09-09T22:54:25.005581875+00:00,1,0,0,0,0,0
2026-09-09T22:54:25.005584875+00:00,1,1,0,0,0,0
2026-09-09T22:54:25.005591250+00:00,1,0,0,1,1,0
2026-09-09T22:54:25.005593750+00:00,1,1,0,1,1,0
2026-09-09T22:54:25.005600875+00:00,1,0,1,0,0,0
2026-09-09T22:54:25.005603750+00:00,1,1,1,0,0,0
2026-09-09T22:54:25.005610375+00:00,1,0,0,1,1,0
2026-09-09T22:54:25.005612625+00:00,1,1,0,1,1,0
2026-09-09T22:54:25.005619500+00:00,1,0,0,1,1,1
2026-09-09T22:54:25.005622750+00:00,1,1,0,1,1,1
2026-09-09T22:54:25.005629000+00:00,1,0,1,1,1,0
2026-09-09T22:54:25.005631500+00:00,1,1,1,1,1,0
2026-09-09T22:54:25.005638375+00:00,1,0,1,1,1,0
2026-09-09T22:54:25.005638500+00:00,1,0,1,0,0,1
2026-09-09T22:54:25.005641625+00:00,1,1,1,0,0,1
2026-09-09T22:54:25.005648000+00:00,1,0,0,1,0,0
2026-09-09T22:54:25.005650500+00:00,1,1,0,1,0,0
2026-09-09T22:54:25.005657500+00:00,1,0,0,0,0,0
2026-09-09T22:54:25.005660250+00:00,1,1,0,0,0,0
2026-09-09T22:54:25.005667375+00:00,1,0,0,1,1,0
2026-09-09T22:54:25.005670500+00:00,1,1,0,1,1,0
2026-09-09T22:54:25.005677250+00:00,1,0,1,1,0,1
2026-09-09T22:54:25.005680375+00:00,1,1,1,1,0,1
2026-09-09T22:54:25.005686625+00:00,1,0,0,1,1,0
2026-09-09T22:54:25.005689375+00:00,1,1,0,1,1,0
2026-09-09T22:54:25.005696125+00:00,1,0,1,0,1,0
2026-09-09T22:54:25.005698250+00:00,1,1,1,0,1,0
2026-09-09T22:54:25.005704875+00:00,1,0,1,1,1,0
2026-09-09T22:54:25.005707000+00:00,1,1,1,1,1,0
2026-09-09T22:54:25.005713000+00:00,1,0,1,0,0,1
2026-09-09T22:54:25.005716250+00:00,1,1,1,0,0,1
2026-09-09T22:54:25.005722500+00:00,1,0,0,1,0,0
2026-09-09T22:54:25.005725000+00:00,1,1,0,1,0,0
2026-09-09T22:54:25.005731750+00:00,1,0,0,0,0,0
2026-09-09T22:54:25.005733875+00:00,1,1,0,0,0,0
2026-09-09T22:54:25.005739250+00:00,1,0,1,1,1,0
2026-09-09T22:54:25.005742000+00:00,1,1,1,1,1,0
2026-09-09T22:54:25.005750375+00:00,1,0,0,0,1,0
2026-09-09T22:54:25.005752875+00:00,1,1,0,0,1,0
2026-09-09T22:54:25.005759500+00:00,1,0,0,1,1,0
2026-09-09T22:54:25.005761875+00:00,1,1,0,1,1,0
2026-09-09T22:54:25.005768625+00:00,1,0,1,1,1,1
2026-09-09T22:54:25.005770750+00:00,1,1,1,1,1,1
2026-09-09T22:54:25.005777250+00:00,1,0,0,1,0,0
2026-09-09T22:54:25.005779750+00:00,1,1,0,1,0,0
2026-09-09T22:54:25.005786625+00:00,1,0,0,0,0,0
2026-09-09T22:54:25.005789750+00:00,1,1,0,0,0,0
2026-09-09T22:54:25.005795625+00:00,1,0,1,1,1,0
2026-09-09T22:54:25.005798750+00:00,1,1,1,1,1,0
2026-09-09T22:54:25.005805375+00:00,1,0,0,1,0,0
2026-09-09T22:54:25.005807500+00:00,1,1,0,1,0,0
2026-09-09T22:54:25.005813000+00:00,1,0,0,1,1,0
2026-09-09T22:54:25.005815750+00:00,1,1,0,1,1,0
2026-09-09T22:54:25.005822375+00:00,1,0,1,0,1,0
2026-09-09T22:54:25.005824500+00:00,1,1,1,0,1,0
2026-09-09T22:54:25.005830875+00:00,1,0,0,1,1,0
2026-09-09T22:54:25.005833375+00:00,1,1,0,1,1,0
2026-09-09T22:54:25.005841125+00:00,1,0,0,1,0,0
2026-09-09T22:54:25.005843625+00:00,1,1,0,1,0,0
2026-09-09T22:54:25.005849875+00:00,1,0,0,1,1,0
2026-09-09T22:54:25.005852375+00:00,1,1,0,1,1,0
2026-09-09T22:54:25.005859375+00:00,1,0,1,1,1,1
2026-09-09T22:54:25.005862250+00:00,1,1,1,1,1,1
2026-09-09T22:54:25.005867750+00:00,1,0,0,1,1,0
2026-09-09T22:54:25.005870250+00:00,1,1,0,1,1,0
2026-09-09T22:54:25.005877250+00:00,1,0,1,1,1,1
2026-09-09T22:54:25.005880125+00:00,1,1,1,1,1,1
2026-09-09T22:54:25.005885625+00:00,1,0,1,1,1,0
2026-09-09T22:54:25.005888125+00:00,1,1,1,1,1,0
2026-09-09T22:54:25.005895125+00:00,1,0,0,0,1,0
2026-09-09T22:54:25.005898250+00:00,1,1,0,0,1,0
2026-09-09T22:54:25.005904625+00:00,1,0,0,0,0,0
2026-09-09T22:54:25.005907125+00:00,1,1,0,0,0,0
2026-09-09T22:54:25.005913500+00:00,1,0,1,0,1,1
2026-09-09T22:54:25.005916000+00:00,1,1,1,0,1,1
2026-09-09T22:54:25.005924000+00:00,1,0,0,0,0,0
2026-09-09T22:54:25.005926875+00:00,1,1,0,0,0,0
2026-09-09T22:54:25.005932875+00:00,1,0,0,1,0,1
2026-09-09T22:54:25.005936000+00:00,1,1,0,1,0,1
2026-09-09T22:54:25.005942000+00:00,1,0,0,1,0,1
2026-09-09T22:54:25.005942125+00:00,1,0,0,0,0,0
2026-09-09T22:54:25.005944875+00:00,1,1,0,0,0,0
2026-09-09T22:54:25.005951625+00:00,1,0,0,0,0,0
2026-09-09T22:54:25.005953750+00:00,1,1,0,0,0,0
2026-09-09T22:54:25.005960125+00:00,1,0,0,0,0,0
2026-09-09T22:54:25.005962875+00:00,1,1,0,0,0,0
2026-09-09T22:54:25.005969250+00:00,1,0,0,0,0,0
2026-09-09T22:54:25.005971750+00:00,1,1,0,0,0,0
2026-09-09T22:54:25.005978000+00:00,1,0,0,0,0,0
2026-09-09T22:54:25.005980875+00:00,1,1,0,0,0,0
2026-09-09T22:54:25.005987250+00:00,1,0,0,0,0,0
2026-09-09T22:54:25.005989750+00:00,1,1,0,0,0,0
2026-09-09T22:54:25.005996000+00:00,1,0,0,0,0,0
2026-09-09T22:54:25.005998500+00:00,1,1,0,0,0,0
2026-09-09T22:54:25.006005125+00:00,1,0,0,0,0,0
2026-09-09T22:54:25.006009000+00:00,1,1,0,0,0,0
2026-09-09T22:54:25.006014625+00:00,1,0,0,0,0,0
2026-09-09T22:54:25.006017500+00:00,1,1,0,0,0,0
2026-09-09T22:54:25.006024375+00:00,1,0,0,0,0,0
2026-09-09T22:54:25.006027500+00:00,1,1,0,0,0,0
2026-09-09T22:54:25.006033750+00:00,1,0,0,0,0,0
2026-09-09T22:54:25.006036500+00:00,1,1,0,0,0,0
2026-09-09T22:54:25.006043125+00:00,1,0,0,0,0,0
2026-09-09T22:54:25.006045250+00:00,1,1,0,0,0,0
2026-09-09T22:54:25.006050750+00:00,1,0,0,0,0,0
2026-09-09T22:54:25.006053250+00:00,1,1,0,0,0,0
2026-09-09T22:54:25.006060250+00:00,1,0,0,0,0,0
2026-09-09T22:54:25.006063375+00:00,1,1,0,0,0,0
2026-09-09T22:54:25.006069625+00:00,1,0,0,0,0,0
2026-09-09T22:54:25.006072125+00:00,1,1,0,0,0,0
2026-09-09T22:54:25.006079000+00:00,1,0,0,0,0,0
2026-09-09T22:54:25.006081125+00:00,1,1,0,0,0,0
2026-09-09T22:54:25.006087500+00:00,1,0,0,0,0,0
2026-09-09T22:54:25.006090000+00:00,1,1,0,0,0,0
2026-09-09T22:54:25.006098000+00:00,1,0,0,0,0,0
2026-09-09T22:54:25.006101250+00:00,1,1,0,0,0,0
2026-09-09T22:54:25.006107500+00:00,1,0,0,0,0,0
2026-09-09T22:54:25.006110000+00:00,1,1,0,0,0,0
2026-09-09T22:54:25.006117000+00:00,1,0,0,0,0,0
2026-09-09T22:54:25.006119875+00:00,1,1,0,0,0,0
2026-09-09T22:54:25.006126375+00:00,1,0,0,0,0,0
2026-09-09T22:54:25.006129875+00:00,1,1,0,0,0,0
2026-09-09T22:54:25.006136750+00:00,1,0,0,0,0,0
2026-09-09T22:54:25.006140000+00:00,1,1,0,0,0,0
2026-09-09T22:54:25.006146000+00:00,1,0,0,0,0,0
2026-09-09T22:54:25.006148875+00:00,1,1,0,0,0,0
2026-09-09T22:54:25.006155500+00:00,1,0,0,0,0,0
2026-09-09T22:54:25.006157625+00:00,1,1,0,0,0,0
2026-09-09T22:54:25.006163250+00:00,1,0,0,0,0,0
2026-09-09T22:54:25.006165750+00:00,1,1,0,0,0,0
2026-09-09T22:54:25.006172250+00:00,1,0,0,0,0,0
2026-09-09T22:54:25.006174750+00:00,1,1,0,0,0,0
2026-09-09T22:54:25.006182250+00:00,1,0,0,0,0,0
2026-09-09T22:54:25.006184750+00:00,1,1,0,0,0,0
2026-09-09T22:54:25.006191375+00:00,1,0,0,0,0,0
2026-09-09T22:54:25.006193500+00:00,1,1,0,0,0,0
2026-09-09T22:54:25.006200125+00:00,1,0,0,0,0,0
2026-09-09T22:54:25.006202375+00:00,1,1,0,0,0,0
2026-09-09T22:54:25.006208125+00:00,1,0,0,0,0,0
2026-09-09T22:54:25.006210375+00:00,1,1,0,0,0,0
2026-09-09T22:54:25.006215875+00:00,1,0,0,0,0,0
2026-09-09T22:54:25.006218375+00:00,1,1,0,0,0,0
2026-09-09T22:54:25.006225125+00:00,1,0,0,0,0,0
2026-09-09T22:54:25.006227375+00:00,1,1,0,0,0,0
2026-09-09T22:54:25.006233875+00:00,1,0,0,0,0,0
2026-09-09T22:54:25.006236375+00:00,1,1,0,0,0,0
2026-09-09T22:54:25.006242750+00:00,1,0,0,0,0,0
2026-09-09T22:54:25.006245250+00:00,1,1,0,0,0,0
2026-09-09T22:54:25.006251500+00:00,1,0,0,0,0,0
2026-09-09T22:54:25.006254375+00:00,1,1,0,0,0,0
2026-09-09T22:54:25.006260875+00:00,1,0,0,0,0,0
2026-09-09T22:54:25.006263125+00:00,1,1,0,0,0,0
2026-09-09T22:54:25.006271000+00:00,1,0,0,0,0,0
2026-09-09T22:54:25.006273125+00:00,1,1,0,0,0,0
2026-09-09T22:54:25.006279625+00:00,1,0,0,0,0,0
2026-09-09T22:54:25.006282125+00:00,1,1,0,0,0,0
2026-09-09T22:54:25.006288375+00:00,1,0,0,0,0,0
2026-09-09T22:54:25.006290875+00:00,1,1,0,0,0,0
2026-09-09T22:54:25.006296625+00:00,1,0,0,0,0,0
2026-09-09T22:54:25.006298875+00:00,1,1,0,0,0,0
2026-09-09T22:54:25.006304125+00:00,1,0,0,0,0,0
2026-09-09T22:54:25.006307000+00:00,1,1,0,0,0,0
2026-09-09T22:54:25.006313500+00:00,1,0,0,0,0,0
2026-09-09T22:54:25.006316000+00:00,1,1,0,0,0,0
2026-09-09T22:54:25.006322250+00:00,1,0,0,0,0,0
2026-09-09T22:54:25.006324750+00:00,1,1,0,0,0,0
2026-09-09T22:54:25.006331625+00:00,1,0,0,0,0,0
2026-09-09T22:54:25.006334875+00:00,1,1,0,0,0,0
2026-09-09T22:54:25.006341000+00:00,1,0,0,0,0,0
2026-09-09T22:54:25.006343750+00:00,1,1,0,0,0,0
2026-09-09T22:54:25.006350500+00:00,1,0,0,0,0,0
2026-09-09T22:54:25.006354000+00:00,1,1,0,0,0,0
2026-09-09T22:54:25.006359875+00:00,1,0,0,0,0,0
2026-09-09T22:54:25.006362625+00:00,1,1,0,0,0,0
2026-09-09T22:54:25.006369000+00:00,1,0,0,0,0,0
2026-09-09T22:54:25.006371500+00:00,1,1,0,0,0,0
2026-09-09T22:54:25.006377750+00:00,1,0,0,0,0,0
2026-09-09T22:54:25.006380625+00:00,1,1,0,0,0,0
2026-09-09T22:54:25.006387125+00:00,1,0,0,0,0,0
2026-09-09T22:54:25.006389625+00:00,1,1,0,0,0,0
2026-09-09T22:54:25.006395625+00:00,1,0,0,0,0,0
2026-09-09T22:54:25.006398375+00:00,1,1,0,0,0,0
2026-09-09T22:54:25.006405500+00:00,1,0,0,0,0,0
2026-09-09T22:54:25.006408250+00:00,1,1,0,0,0,0
2026-09-09T22:54:25.006414750+00:00,1,0,0,0,0,0
2026-09-09T22:54:25.006417250+00:00,1,1,0,0,0,0
2026-09-09T22:54:25.006424250+00:00,1,0,0,0,0,0
2026-09-09T22:54:25.006427375+00:00,1,1,0,0,0,0
2026-09-09T22:54:25.006433500+00:00,1,0,0,0,0,0
2026-09-09T22:54:25.006436000+00:00,1,1,0,0,0,0
2026-09-09T22:54:25.006443375+00:00,1,0,0,0,0,0
2026-09-09T22:54:25.006446250+00:00,1,1,0,0,0,0
2026-09-09T22:54:25.006452375+00:00,1,0,0,0,0,0
2026-09-09T22:54:25.006455250+00:00,1,1,0,0,0,0
2026-09-09T22:54:25.006461875+00:00,1,0,0,0,0,0
2026-09-09T22:54:25.006464000+00:00,1,1,0,0,0,0
2026-09-09T22:54:25.006470625+00:00,1,0,0,0,0,0
2026-09-09T22:54:25.006473125+00:00,1,1,0,0,0,0
2026-09-09T22:54:25.006479625+00:00,1,0,0,0,0,0
2026-09-09T22:54:25.006481875+00:00,1,1,0,0,0,0
2026-09-09T22:54:25.006488375+00:00,1,0,0,0,0,0
2026-09-09T22:54:25.006490875+00:00,1,1,0,0,0,0
2026-09-09T22:54:25.006497750+00:00,1,0,0,0,0,0
2026-09-09T22:54:25.006499875+00:00,1,1,0,0,0,0
2026-09-09T22:54:25.006506000+00:00,1,0,0,0,0,0
2026-09-09T22:54:25.006508750+00:00,1,1,0,0,0,0
2026-09-09T22:54:25.006515500+00:00,1,0,0,0,0,0
2026-09-09T22:54:25.006517625+00:00,1,1,0,0,0,0
2026-09-09T22:54:25.006523250+00:00,1,0,0,0,0,0
2026-09-09T22:54:25.006527125+00:00,1,1,0,0,0,0
2026-09-09T22:54:25.006533375+00:00,1,0,0,0,0,0
2026-09-09T22:54:25.006535500+00:00,1,1,0,0,0,0
2026-09-09T22:54:25.006541000+00:00,1,0,0,0,0,0
2026-09-09T22:54:25.006543500+00:00,1,1,0,0,0,0
2026-09-09T22:54:25.006550375+00:00,1,0,0,0,0,0
2026-09-09T22:54:25.006553625+00:00,1,1,0,0,0,0
2026-09-09T22:54:25.006559750+00:00,1,0,0,0,0,0
2026-09-09T22:54:25.006562625+00:00,1,1,0,0,0,0
2026-09-09T22:54:25.006569250+00:00,1,0,0,0,0,0
2026-09-09T22:54:25.006571375+00:00,1,1,0,0,0,0
2026-09-09T22:54:25.006577625+00:00,1,0,0,0,0,0
2026-09-09T22:54:25.006580500+00:00,1,1,0,0,0,0
2026-09-09T22:54:25.006586875+00:00,1,0,0,0,0,0
2026-09-09T22:54:25.006589375+00:00,1,1,0,0,0,0
2026-09-09T22:54:25.006595625+00:00,1,0,0,0,0,0
2026-09-09T22:54:25.006598375+00:00,1,1,0,0,0,0
2026-09-09T22:54:25.006605125+00:00,1,0,0,0,0,0
2026-09-09T22:54:25.006607250+00:00,1,1,0,0,0,0
2026-09-09T22:54:25.006615000+00:00,1,0,0,0,0,0
2026-09-09T22:54:25.006617125+00:00,1,1,0,0,0,0
2026-09-09T22:54:25.006623875+00:00,1,0,0,0,0,0
2026-09-09T22:54:25.006626000+00:00,1,1,0,0,0,0
2026-09-09T22:54:25.006632500+00:00,1,0,0,0,0,0
2026-09-09T22:54:25.006635000+00:00,1,1,0,0,0,0
2026-09-09T22:54:25.006641875+00:00,1,0,0,0,0,0
2026-09-09T22:54:25.006644125+00:00,1,1,0,0,0,0
2026-09-09T22:54:25.006650125+00:00,1,0,0,0,0,0
2026-09-09T22:54:25.006652875+00:00,1,1,0,0,0,0
2026-09-09T22:54:25.006659625+00:00,1,0,0,0,0,0
2026-09-09T22:54:25.006661875+00:00,1,1,0,0,0,0
2026-09-09T22:54:25.006668250+00:00,1,0,0,0,0,0
2026-09-09T22:54:25.006671125+00:00,1,1,0,0,0,0
2026-09-09T22:54:25.006677625+00:00,1,0,0,0,0,0
2026-09-09T22:54:25.006679750+00:00,1,1,0,0,0,0
2026-09-09T22:54:25.006686375+00:00,1,0,0,0,0,0
2026-09-09T22:54:25.006688875+00:00,1,1,0,0,0,0
2026-09-09T22:54:25.006695500+00:00,1,0,0,0,0,0
2026-09-09T22:54:25.006697750+00:00,1,1,0,0,0,0
2026-09-09T22:54:25.006706250+00:00,1,0,0,0,0,0
2026-09-09T22:54:25.006709000+00:00,1,1,0,0,0,0
2026-09-09T22:54:25.006715500+00:00,1,0,0,0,0,0
2026-09-09T22:54:25.006717750+00:00,1,1,0,0,0,0
2026-09-09T22:54:25.006723750+00:00,1,0,0,0,0,0
2026-09-09T22:54:25.006726625+00:00,1,1,0,0,0,0
2026-09-09T22:54:25.006733375+00:00,1,0,0,0,0,0
2026-09-09T22:54:25.006735625+00:00,1,1,0,0,0,0
2026-09-09T22:54:25.006741750+00:00,1,0,0,0,0,0
2026-09-09T22:54:25.006744625+00:00,1,1,0,0,0,0
2026-09-09T22:54:25.006751250+00:00,1,0,0,0,0,0
2026-09-09T22:54:25.006753375+00:00,1,1,0,0,0,0
2026-09-09T22:54:25.006760000+00:00,1,0,0,0,0,0
2026-09-09T22:54:25.006762500+00:00,1,1,0,0,0,0
2026-09-09T22:54:25.006769000+00:00,1,0,0,0,0,0
2026-09-09T22:54:25.006771500+00:00,1,1,0,0,0,0
2026-09-09T22:54:25.006777625+00:00,1,0,0,0,0,0
2026-09-09T22:54:25.006780500+00:00,1,1,0,0,0,0
2026-09-09T22:54:25.006793875+00:00,1,0,0,0,0,0
2026-09-09T22:54:25.006796375+00:00,1,1,0,0,0,0
2026-09-09T22:54:25.006802625+00:00,1,0,0,0,0,0
2026-09-09T22:54:25.006805125+00:00,1,1,0,0,0,0
2026-09-09T22:54:25.006812000+00:00,1,0,0,0,0,0
2026-09-09T22:54:25.006814125+00:00,1,1,0,0,0,0
2026-09-09T22:54:25.006820625+00:00,1,0,0,0,0,0
2026-09-09T22:54:25.006823125+00:00,1,1,0,0,0,0
2026-09-09T22:54:25.006830125+00:00,1,0,0,0,0,0
2026-09-09T22:54:25.006832875+00:00,1,1,0,0,0,0
2026-09-09T22:54:25.006838500+00:00,1,0,0,0,0,0
2026-09-09T22:54:25.006841000+00:00,1,1,0,0,0,0
2026-09-09T22:54:25.006847875+00:00,1,0,0,0,0,0
2026-09-09T22:54:25.006851000+00:00,1,1,0,0,0,0
2026-09-09T22:54:25.006857250+00:00,1,0,0,0,0,0
2026-09-09T22:54:25.006860000+00:00,1,1,0,0,0,0
2026-09-09T22:54:25.006866375+00:00,1,0,0,0,0,0
2026-09-09T22:54:25.006868875+00:00,1,1,0,0,0,0
2026-09-09T22:54:25.006875375+00:00,1,0,0,0,0,0
2026-09-09T22:54:25.006879750+00:00,1,1,0,0,0,0
2026-09-09T22:54:25.006886625+00:00,1,0,0,0,0,0
2026-09-09T22:54:25.006888750+00:00,1,1,0,0,0,0
2026-09-09T22:54:25.006895125+00:00,1,0,0,0,0,0
2026-09-09T22:54:25.006897625+00:00,1,1,0,0,0,0
2026-09-09T22:54:25.006904625+00:00,1,0,0,0,0,0
2026-09-09T22:54:25.006907500+00:00,1,1,0,0,0,0
2026-09-09T22:54:25.006912875+00:00,1,0,0,0,0,0
2026-09-09T22:54:25.006915750+00:00,1,1,0,0,0,0
2026-09-09T22:54:25.006922375+00:00,1,0,0,0,0,0
2026-09-09T22:54:25.006924500+00:00,1,1,0,0,0,0
2026-09-09T22:54:25.006931000+00:00,1,0,0,0,0,0
2026-09-09T22:54:25.006933500+00:00,1,1,0,0,0,0
2026-09-09T22:54:25.006940375+00:00,1,0,0,0,0,0
2026-09-09T22:54:25.006943500+00:00,1,1,0,0,0,0
2026-09-09T22:54:25.006949625+00:00,1,0,0,0,0,0
2026-09-09T22:54:25.006952375+00:00,1,1,0,0,0,0
2026-09-09T22:54:25.006959000+00:00,1,0,0,0,0,0
2026-09-09T22:54:25.006961250+00:00,1,1,0,0,0,0
2026-09-09T22:54:25.006968125+00:00,1,0,0,0,0,0
2026-09-09T22:54:25.006970250+00:00,1,1,0,0,0,0
2026-09-09T22:54:25.006976875+00:00,1,0,0,0,0,0
2026-09-09T22:54:25.006979375+00:00,1,1,0,0,0,0
2026-09-09T22:54:25.006985625+00:00,1,0,0,0,0,0
2026-09-09T22:54:25.006988125+00:00,1,1,0,0,0,0
2026-09-09T22:54:25.006995000+00:00,1,0,0,0,0,0
2026-09-09T22:54:25.006997250+00:00,1,1,0,0,0,0
2026-09-09T22:54:25.007003500+00:00,1,0,0,0,0,0
2026-09-09T22:54:25.007006250+00:00,1,1,0,0,0,0
2026-09-09T22:54:25.007012875+00:00,1,0,0,0,0,0
2026-09-09T22:54:25.007015000+00:00,1,1,0,0,0,0
2026-09-09T22:54:25.007021625+00:00,1,0,0,0,0,0
2026-09-09T22:54:25.007024125+00:00,1,1,0,0,0,0
2026-09-09T22:54:25.007030625+00:00,1,0,0,0,0,0
2026-09-09T22:54:25.007033125+00:00,1,1,0,0,0,0
2026-09-09T22:54:25.007039375+00:00,1,0,0,0,0,0
2026-09-09T22:54:25.007041875+00:00,1,1,0,0,0,0
2026-09-09T22:54:25.007050250+00:00,1,0,0,0,0,0
2026-09-09T22:54:25.007052750+00:00,1,1,0,0,0,0
2026-09-09T22:54:25.007059500+00:00,1,0,0,0,0,0
2026-09-09T22:54:25.007062000+00:00,1,1,0,0,0,0
2026-09-09T22:54:25.007068625+00:00,1,0,0,0,0,0
2026-09-09T22:54:25.007070750+00:00,1,1,0,0,0,0
2026-09-09T22:54:25.007077125+00:00,1,0,0,0,0,0
2026-09-09T22:54:25.007079625+00:00,1,1,0,0,0,0
2026-09-09T22:54:25.007086625+00:00,1,0,0,0,0,0
2026-09-09T22:54:25.007089750+00:00,1,1,0,0,0,0
2026-09-09T22:54:25.007095750+00:00,1,0,0,0,0,0
2026-09-09T22:54:25.007098625+00:00,1,1,0,0,0,0
2026-09-09T22:54:25.007105125+00:00,1,0,0,0,0,0
2026-09-09T22:54:25.007107625+00:00,1,1,0,0,0,0
2026-09-09T22:54:25.007113875+00:00,1,0,0,0,0,0
2026-09-09T22:54:25.007116375+00:00,1,1,0,0,0,0
2026-09-09T22:54:25.007123125+00:00,1,0,0,0,0,0
2026-09-09T22:54:25.007125500+00:00,1,1,0,0,0,0
2026-09-09T22:54:25.007131750+00:00,1,0,0,0,0,0
2026-09-09T22:54:25.007134500+00:00,1,1,0,0,0,0
2026-09-09T22:54:25.007142250+00:00,1,0,0,0,0,0
2026-09-09T22:54:25.007144375+00:00,1,1,0,0,0,0
2026-09-09T22:54:25.007150875+00:00,1,0,0,0,0,0
2026-09-09T22:54:25.007153375+00:00,1,1,0,0,0,0
2026-09-09T22:54:25.007160250+00:00,1,0,0,0,0,0
2026-09-09T22:54:25.007163125+00:00,1,1,0,0,0,0
2026-09-09T22:54:25.007168625+00:00,1,0,0,0,0,0
2026-09-09T22:54:25.007171125+00:00,1,1,0,0,0,0
2026-09-09T22:54:25.007178000+00:00,1,0,0,0,0,0
2026-09-09T22:54:25.007180250+00:00,1,1,0,0,0,0
2026-09-09T22:54:25.007186625+00:00,1,0,0,0,0,0
2026-09-09T22:54:25.007189125+00:00,1,1,0,0,0,0
2026-09-09T22:54:25.007196125+00:00,1,0,0,0,0,0
2026-09-09T22:54:25.007199250+00:00,1,1,0,0,0,0
2026-09-09T22:54:25.007205375+00:00,1,0,0,0,0,0
2026-09-09T22:54:25.007208250+00:00,1,1,0,0,0,0
2026-09-09T22:54:25.007214750+00:00,1,0,0,0,0,0
2026-09-09T22:54:25.007216875+00:00,1,1,0,0,0,0
2026-09-09T22:54:25.007224750+00:00,1,0,0,0,0,0
2026-09-09T22:54:25.007226875+00:00,1,1,0,0,0,0
2026-09-09T22:54:25.007233875+00:00,1,0,0,0,0,0
2026-09-09T22:54:25.007237000+00:00,1,1,0,0,0,0
2026-09-09T22:54:25.007243250+00:00,1,0,0,0,0,0
2026-09-09T22:54:25.007245750+00:00,1,1,0,0,0,0
2026-09-09T22:54:25.007252625+00:00,1,0,0,0,0,0
2026-09-09T22:54:25.007254750+00:00,1,1,0,0,0,0
2026-09-09T22:54:25.007260875+00:00,1,0,0,0,0,0
2026-09-09T22:54:25.007263750+00:00,1,1,0,0,0,0
2026-09-09T22:54:25.007270625+00:00,1,0,0,0,0,0
2026-09-09T22:54:25.007273750+00:00,1,1,0,0,0,0
2026-09-09T22:54:25.007279875+00:00,1,0,0,0,0,0
2026-09-09T22:54:25.007282750+00:00,1,1,0,0,0,0
2026-09-09T22:54:25.007289250+00:00,1,0,0,0,0,0
2026-09-09T22:54:25.007291750+00:00,1,1,0,0,0,0
2026-09-09T22:54:25.007297625+00:00,1,0,0,0,0,0
2026-09-09T22:54:25.007300500+00:00,1,1,0,0,0,0
2026-09-09T22:54:25.007307125+00:00,1,0,0,0,0,0
2026-09-09T22:54:25.007311375+00:00,1,1,0,0,0,0
2026-09-09T22:54:25.007317875+00:00,1,0,0,0,0,0
2026-09-09T22:54:25.007320250+00:00,1,1,0,0,0,0
2026-09-09T22:54:25.007327125+00:00,1,0,0,0,0,0
2026-09-09T22:54:25.007329375+00:00,1,1,0,0,0,0
2026-09-09T22:54:25.007335750+00:00,1,0,0,0,0,0
2026-09-09T22:54:25.007338250+00:00,1,1,0,0,0,0
2026-09-09T22:54:25.007345250+00:00,1,0,0,0,0,0
2026-09-09T22:54:25.007348375+00:00,1,1,0,0,0,0
2026-09-09T22:54:25.007354625+00:00,1,0,0,0,0,0
2026-09-09T22:54:25.007357125+00:00,1,1,0,0,0,0
2026-09-09T22:54:25.007364125+00:00,1,0,0,0,0,0
2026-09-09T22:54:25.007367250+00:00,1,1,0,0,0,0
2026-09-09T22:54:25.007373375+00:00,1,0,0,0,0,0
2026-09-09T22:54:25.007376250+00:00,1,1,0,0,0,0
2026-09-09T22:54:25.007382750+00:00,1,0,0,0,0,0
2026-09-09T22:54:25.007385250+00:00,1,1,0,0,0,0
2026-09-09T22:54:25.007391375+00:00,1,0,0,0,0,0
2026-09-09T22:54:25.007395250+00:00,1,1,0,0,0,0
2026-09-09T22:54:25.007401750+00:00,1,0,0,0,0,0
2026-09-09T22:54:25.007403875+00:00,1,1,0,0,0,0
2026-09-09T22:54:25.007410500+00:00,1,0,0,0,0,0
2026-09-09T22:54:25.007413000+00:00,1,1,0,0,0,0
2026-09-09T22:54:25.007420000+00:00,1,0,0,0,0,0
2026-09-09T22:54:25.007422875+00:00,1,1,0,0,0,0
2026-09-09T22:54:25.007429250+00:00,1,0,0,0,0,0
2026-09-09T22:54:25.007431750+00:00,1,1,0,0,0,0
2026-09-09T22:54:25.007438875+00:00,1,0,0,0,0,0
2026-09-09T22:54:25.007441625+00:00,1,1,0,0,0,0
2026-09-09T22:54:25.007447000+00:00,1,0,0,0,0,0
2026-09-09T22:54:25.007449750+00:00,1,1,0,0,0,0
2026-09-09T22:54:25.007456375+00:00,1,0,0,0,0,0
2026-09-09T22:54:25.007458500+00:00,1,1,0,0,0,0
2026-09-09T22:54:25.007464250+00:00,1,0,0,0,0,0
2026-09-09T22:54:25.007466750+00:00,1,1,0,0,0,0
2026-09-09T22:54:25.007473250+00:00,1,0,0,0,0,0
2026-09-09T22:54:25.007475500+00:00,1,1,0,0,0,0
2026-09-09T22:54:25.007482250+00:00,1,0,0,0,0,0
2026-09-09T22:54:25.007484625+00:00,1,1,0,0,0,0
2026-09-09T22:54:25.007491375+00:00,1,0,0,0,0,0
2026-09-09T22:54:25.007493500+00:00,1,1,0,0,0,0
2026-09-09T22:54:25.007500125+00:00,1,0,0,0,0,0
2026-09-09T22:54:25.007502375+00:00,1,1,0,0,0,0
2026-09-09T22:54:25.007509125+00:00,1,0,0,0,0,0
2026-09-09T22:54:25.007511375+00:00,1,1,0,0,0,0
2026-09-09T22:54:25.007517500+00:00,1,0,0,0,0,0
2026-09-09T22:54:25.007520375+00:00,1,1,0,0,0,0
2026-09-09T22:54:25.007527125+00:00,1,0,0,0,0,0
2026-09-09T22:54:25.007529250+00:00,1,1,0,0,0,0
2026-09-09T22:54:25.007535625+00:00,1,0,0,0,0,0
2026-09-09T22:54:25.007538375+00:00,1,1,0,0,0,0
2026-09-09T22:54:25.007544875+00:00,1,0,0,0,0,0
2026-09-09T22:54:25.007547375+00:00,1,1,0,0,0,0
2026-09-09T22:54:25.007553500+00:00,1,0,0,0,0,0
2026-09-09T22:54:25.007556375+00:00,1,1,0,0,0,0
2026-09-09T22:54:25.007563000+00:00,1,0,0,0,0,0
2026-09-09T22:54:25.007565125+00:00,1,1,0,0,0,0
2026-09-09T22:54:25.007571750+00:00,1,0,0,0,0,0
2026-09-09T22:54:25.007574000+00:00,1,1,0,0,0,0
2026-09-09T22:54:25.007580625+00:00,1,0,0,0,0,0
2026-09-09T22:54:25.007583125+00:00,1,1,0,0,0,0
2026-09-09T22:54:25.007589250+00:00,1,0,0,0,0,0
2026-09-09T22:54:25.007592125+00:00,1,1,0,0,0,0
2026-09-09T22:54:25.007598625+00:00,1,0,0,0,0,0
2026-09-09T22:54:25.007600875+00:00,1,1,0,0,0,0
2026-09-09T22:54:25.007607375+00:00,1,0,0,0,0,0
2026-09-09T22:54:25.007609875+00:00,1,1,0,0,0,0
2026-09-09T22:54:25.007616500+00:00,1,0,0,0,0,0
2026-09-09T22:54:25.007619000+00:00,1,1,0,0,0,0
2026-09-09T22:54:25.007625000+00:00,1,0,0,0,0,0
2026-09-09T22:54:25.007627750+00:00,1,1,0,0,0,0
2026-09-09T22:54:25.007634375+00:00,1,0,0,0,0,0
2026-09-09T22:54:25.007636875+00:00,1,1,0,0,0,0
2026-09-09T22:54:25.007643125+00:00,1,0,0,0,0,0
2026-09-09T22:54:25.007645625+00:00,1,1,0,0,0,0
2026-09-09T22:54:25.007654000+00:00,1,0,0,0,0,0
2026-09-09T22:54:25.007656500+00:00,1,1,0,0,0,0
2026-09-09T22:54:25.007663000+00:00,1,0,0,0,0,0
2026-09-09T22:54:25.007665500+00:00,1,1,0,0,0,0
2026-09-09T22:54:25.007672375+00:00,1,0,0,0,0,0
2026-09-09T22:54:25.007674500+00:00,1,1,0,0,0,0
2026-09-09T22:54:25.007681000+00:00,1,0,0,0,0,0
2026-09-09T22:54:25.007683500+00:00,1,1,0,0,0,0
2026-09-09T22:54:25.007690250+00:00,1,0,0,0,0,0
2026-09-09T22:54:25.007692375+00:00,1,1,0,0,0,0
2026-09-09T22:54:25.007698875+00:00,1,0,0,0,0,0
2026-09-09T22:54:25.007701375+00:00,1,1,0,0,0,0
2026-09-09T22:54:25.007708125+00:00,1,0,0,0,0,0
2026-09-09T22:54:25.007710250+00:00,1,1,0,0,0,0
2026-09-09T22:54:25.007716625+00:00,1,0,0,0,0,0
2026-09-09T22:54:25.007719125+00:00,1,1,0,0,0,0
2026-09-09T22:54:25.007726125+00:00,1,0,0,0,0,0
2026-09-09T22:54:25.007728250+00:00,1,1,0,0,0,0
2026-09-09T22:54:25.007734500+00:00,1,0,0,0,0,0
2026-09-09T22:54:25.007737250+00:00,1,1,0,0,0,0
2026-09-09T22:54:25.007745000+00:00,1,0,0,0,0,0
2026-09-09T22:54:25.007748125+00:00,1,1,0,0,0,0
2026-09-09T22:54:25.007754000+00:00,1,0,0,0,0,0
2026-09-09T22:54:25.007757125+00:00,1,1,0,0,0,0
2026-09-09T22:54:25.007763500+00:00,1,0,0,0,0,0
2026-09-09T22:54:25.007766000+00:00,1,1,0,0,0,0
2026-09-09T22:54:25.007772375+00:00,1,0,0,0,0,0
2026-09-09T22:54:25.007774875+00:00,1,1,0,0,0,0
2026-09-09T22:54:25.007781875+00:00,1,0,0,0,0,0
2026-09-09T22:54:25.007785125+00:00,1,1,0,0,0,0
2026-09-09T22:54:25.007791250+00:00,1,0,0,0,0,0
2026-09-09T22:54:25.007793750+00:00,1,1,0,0,0,0
2026-09-09T22:54:25.007800750+00:00,1,0,0,0,0,0
2026-09-09T22:54:25.007803875+00:00,1,1,0,0,0,0
2026-09-09T22:54:25.007810125+00:00,1,0,0,0,0,0
2026-09-09T22:54:25.007812875+00:00,1,1,0,0,0,0
2026-09-09T22:54:25.007819500+00:00,1,0,0,0,0,0
2026-09-09T22:54:25.007821625+00:00,1,1,0,0,0,0
2026-09-09T22:54:25.007829375+00:00,1,0,0,0,0,0
2026-09-09T22:54:25.007831875+00:00,1,1,0,0,0,0
2026-09-09T22:54:25.007838125+00:00,1,0,0,0,0,0
2026-09-09T22:54:25.007840625+00:00,1,1,0,0,0,0
2026-09-09T22:54:25.007846875+00:00,1,0,0,0,0,0
2026-09-09T22:54:25.007849750+00:00,1,1,0,0,0,0
2026-09-09T22:54:25.007856000+00:00,1,0,0,0,0,0
2026-09-09T22:54:25.007858500+00:00,1,1,0,0,0,0
2026-09-09T22:54:25.007864750+00:00,1,0,0,0,0,0
2026-09-09T22:54:25.007867500+00:00,1,1,0,0,0,0
2026-09-09T22:54:25.007874125+00:00,1,0,0,0,0,0
2026-09-09T22:54:25.007876375+00:00,1,1,0,0,0,0
2026-09-09T22:54:25.007882875+00:00,1,0,0,0,0,0
2026-09-09T22:54:25.007885375+00:00,1,1,0,0,0,0
2026-09-09T22:54:25.007892125+00:00,1,0,0,0,0,0
2026-09-09T22:54:25.007894250+00:00,1,1,0,0,0,0
2026-09-09T22:54:25.007900875+00:00,1,0,0,0,0,0
2026-09-09T22:54:25.007903250+00:00,1,1,0,0,0,0
2026-09-09T22:54:25.007910375+00:00,1,0,0,0,0,0
2026-09-09T22:54:25.007914000+00:00,1,1,0,0,0,0
2026-09-09T22:54:25.007919500+00:00,1,0,0,0,0,0
2026-09-09T22:54:25.007922375+00:00,1,1,0,0,0,0
2026-09-09T22:54:25.007928875+00:00,1,0,0,0,0,0
2026-09-09T22:54:25.007931000+00:00,1,1,0,0,0,0
2026-09-09T22:54:25.007936500+00:00,1,0,0,0,0,0
2026-09-09T22:54:25.007939250+00:00,1,1,0,0,0,0
2026-09-09T22:54:25.007945875+00:00,1,0,0,0,0,0
2026-09-09T22:54:25.007948000+00:00,1,1,0,0,0,0
2026-09-09T22:54:25.007954750+00:00,1,0,0,0,0,0
2026-09-09T22:54:25.007956875+00:00,1,1,0,0,0,0
2026-09-09T22:54:25.007962625+00:00,1,0,0,0,0,0
2026-09-09T22:54:25.007964875+00:00,1,1,0,0,0,0
2026-09-09T22:54:25.007970125+00:00,1,0,0,0,0,0
2026-09-09T22:54:25.007973000+00:00,1,1,0,0,0,0
2026-09-09T22:54:25.007979375+00:00,1,0,0,0,0,0
2026-09-09T22:54:25.007981875+00:00,1,1,0,0,0,0
2026-09-09T22:54:25.007988000+00:00,1,0,0,0,0,0
2026-09-09T22:54:25.007990875+00:00,1,1,0,0,0,0
2026-09-09T22:54:25.007997625+00:00,1,0,0,0,0,0
2026-09-09T22:54:25.008001875+00:00,1,1,0,0,0,0
2026-09-09T22:54:25.008008000+00:00,1,0,0,0,0,0
2026-09-09T22:54:25.008010750+00:00,1,1,0,0,0,0
2026-09-09T22:54:25.008017375+00:00,1,0,0,0,0,0
2026-09-09T22:54:25.008019500+00:00,1,1,0,0,0,0
2026-09-09T22:54:25.008025000+00:00,1,0,0,0,0,0
2026-09-09T22:54:25.008027500+00:00,1,1,0,0,0,0
2026-09-09T22:54:25.008033375+00:00,1,0,0,0,0,0
2026-09-09T22:54:25.008035500+00:00,1,1,0,0,0,0
2026-09-09T22:54:25.008041875+00:00,1,0,0,0,0,0
2026-09-09T22:54:25.008044625+00:00,1,1,0,0,0,0
2026-09-09T22:54:25.008051250+00:00,1,0,0,0,0,0
2026-09-09T22:54:25.008053375+00:00,1,1,0,0,0,0
2026-09-09T22:54:25.008060000+00:00,1,0,0,0,0,0
2026-09-09T22:54:25.008062500+00:00,1,1,0,0,0,0
2026-09-09T22:54:25.008069250+00:00,1,0,0,0,0,0
2026-09-09T22:54:25.008072500+00:00,1,1,0,0,0,0
2026-09-09T22:54:25.008078625+00:00,1,0,0,0,0,0
2026-09-09T22:54:25.008081375+00:00,1,1,0,0,0,0
2026-09-09T22:54:25.008089375+00:00,1,0,0,0,0,0
2026-09-09T22:54:25.008092250+00:00,1,1,0,0,0,0
2026-09-09T22:54:25.008098625+00:00,1,0,0,0,0,0
2026-09-09T22:54:25.008101125+00:00,1,1,0,0,0,0
2026-09-09T22:54:25.008108125+00:00,1,0,0,0,0,0
2026-09-09T22:54:25.008111250+00:00,1,1,0,0,0,0
2026-09-09T22:54:25.008117875+00:00,1,0,0,0,0,0
2026-09-09T22:54:25.008120000+00:00,1,1,0,0,0,0
2026-09-09T22:54:25.008126625+00:00,1,0,0,0,0,0
2026-09-09T22:54:25.008129125+00:00,1,1,0,0,0,0
2026-09-09T22:54:25.008135625+00:00,1,0,0,0,0,0
2026-09-09T22:54:25.008138125+00:00,1,1,0,0,0,0
2026-09-09T22:54:25.008144750+00:00,1,0,0,0,0,0
2026-09-09T22:54:25.008147000+00:00,1,1,0,0,0,0
2026-09-09T22:54:25.008153500+00:00,1,0,0,0,0,0
2026-09-09T22:54:25.008156000+00:00,1,1,0,0,0,0
2026-09-09T22:54:25.008162875+00:00,1,0,0,0,0,0
2026-09-09T22:54:25.008166000+00:00,1,1,0,0,0,0
2026-09-09T22:54:25.008173500+00:00,1,0,0,0,0,0
2026-09-09T22:54:25.008176000+00:00,1,1,0,0,0,0
2026-09-09T22:54:25.008182500+00:00,1,0,0,0,0,0
2026-09-09T22:54:25.008184750+00:00,1,1,0,0,0,0
2026-09-09T22:54:25.008191250+00:00,1,0,0,0,0,0
2026-09-09T22:54:25.008193750+00:00,1,1,0,0,0,0
2026-09-09T22:54:25.008200750+00:00,1,0,0,0,0,0
2026-09-09T22:54:25.008203875+00:00,1,1,0,0,0,0
2026-09-09T22:54:25.008210125+00:00,1,0,0,0,0,0
2026-09-09T22:54:25.008212625+00:00,1,1,0,0,0,0
2026-09-09T22:54:25.008219625+00:00,1,0,0,0,0,0
2026-09-09T22:54:25.008222750+00:00,1,1,0,0,0,0
2026-09-09T22:54:25.008229000+00:00,1,0,0,0,0,0
2026-09-09T22:54:25.008231500+00:00,1,1,0,0,0,0
2026-09-09T22:54:25.008238500+00:00,1,0,0,0,0,0
2026-09-09T22:54:25.008241625+00:00,1,1,0,0,0,0
2026-09-09T22:54:25.008247875+00:00,1,0,0,0,0,0
2026-09-09T22:54:25.008250375+00:00,1,1,0,0,0,0
2026-09-09T22:54:25.008256375+00:00,1,0,0,0,0,0
2026-09-09T22:54:25.008259625+00:00,1,1,0,0,0,0
2026-09-09T22:54:25.008265750+00:00,1,0,0,0,0,0
2026-09-09T22:54:25.008268250+00:00,1,1,0,0,0,0
2026-09-09T22:54:25.008275125+00:00,1,0,0,0,0,0
2026-09-09T22:54:25.008277250+00:00,1,1,0,0,0,0
2026-09-09T22:54:25.008284000+00:00,1,0,0,0,0,0
2026-09-09T22:54:25.008286375+00:00,1,1,0,0,0,0
2026-09-09T22:54:25.008293000+00:00,1,0,0,0,0,0
2026-09-09T22:54:25.008295125+00:00,1,1,0,0,0,0
2026-09-09T22:54:25.008301500+00:00,1,0,0,0,0,0
2026-09-09T22:54:25.008304000+00:00,1,1,0,0,0,0
2026-09-09T22:54:25.008310000+00:00,1,0,0,0,0,0
2026-09-09T22:54:25.008313125+00:00,1,1,0,0,0,0
2026-09-09T22:54:25.008319250+00:00,1,0,0,0,0,0
2026-09-09T22:54:25.008322125+00:00,1,1,0,0,0,0
2026-09-09T22:54:25.008329000+00:00,1,0,0,0,0,0
2026-09-09T22:54:25.008332125+00:00,1,1,0,0,0,0
2026-09-09T22:54:25.008338375+00:00,1,0,0,0,0,0
2026-09-09T22:54:25.008341125+00:00,1,1,0,0,0,0
2026-09-09T22:54:25.008349375+00:00,1,0,0,0,0,0
2026-09-09T22:54:25.008351875+00:00,1,1,0,0,0,0
2026-09-09T22:54:25.008358125+00:00,1,0,0,0,0,0
2026-09-09T22:54:25.008361000+00:00,1,1,0,0,0,0
2026-09-09T22:54:25.008367250+00:00,1,0,0,0,0,0
2026-09-09T22:54:25.008369750+00:00,1,1,0,0,0,0
2026-09-09T22:54:25.008376375+00:00,1,0,0,0,0,0
2026-09-09T22:54:25.008378875+00:00,1,1,0,0,0,0
2026-09-09T22:54:25.008385375+00:00,1,0,0,0,0,0
2026-09-09T22:54:25.008387875+00:00,1,1,0,0,0,0
2026-09-09T22:54:25.008393750+00:00,1,0,0,0,0,0
2026-09-09T22:54:25.008396500+00:00,1,1,0,0,0,0
2026-09-09T22:54:25.008402375+00:00,1,0,0,0,0,0
2026-09-09T22:54:25.008404500+00:00,1,1,0,0,0,0
2026-09-09T22:54:25.008410875+00:00,1,0,0,0,0,0
2026-09-09T22:54:25.008413625+00:00,1,1,0,0,0,0
2026-09-09T22:54:25.008420000+00:00,1,0,0,0,0,0
2026-09-09T22:54:25.008422500+00:00,1,1,0,0,0,0
2026-09-09T22:54:25.008429125+00:00,1,0,0,0,0,0
2026-09-09T22:54:25.008431875+00:00,1,1,0,0,0,0
2026-09-09T22:54:25.008438375+00:00,1,0,0,0,0,0
2026-09-09T22:54:25.008440500+00:00,1,1,0,0,0,0
2026-09-09T22:54:25.008446500+00:00,1,0,0,0,0,0
2026-09-09T22:54:25.008449250+00:00,1,1,0,0,0,0
2026-09-09T22:54:25.008455250+00:00,1,0,0,0,0,0
2026-09-09T22:54:25.008458500+00:00,1,1,0,0,0,0
2026-09-09T22:54:25.008464625+00:00,1,0,0,0,0,0
2026-09-09T22:54:25.008467375+00:00,1,1,0,0,0,0
2026-09-09T22:54:25.008473875+00:00,1,0,0,0,0,0
2026-09-09T22:54:25.008476375+00:00,1,1,0,0,0,0
2026-09-09T22:54:25.008482750+00:00,1,0,0,0,0,0
2026-09-09T22:54:25.008485125+00:00,1,1,0,0,0,0
2026-09-09T22:54:25.008492000+00:00,1,0,0,0,0,0
2026-09-09T22:54:25.008494250+00:00,1,1,0,0,0,0
2026-09-09T22:54:25.008500750+00:00,1,0,0,0,0,0
2026-09-09T22:54:25.008503250+00:00,1,1,0,0,0,0
2026-09-09T22:54:25.008509875+00:00,1,0,0,0,0,0
2026-09-09T22:54:25.008512000+00:00,1,1,0,0,0,0
2026-09-09T22:54:25.008519875+00:00,1,0,0,0,0,0
2026-09-09T22:54:25.008522000+00:00,1,1,0,0,0,0
2026-09-09T22:54:25.008528625+00:00,1,0,0,0,0,0
2026-09-09T22:54:25.008531125+00:00,1,1,0,0,0,0
2026-09-09T22:54:25.008537250+00:00,1,0,0,0,0,0
2026-09-09T22:54:25.008540000+00:00,1,1,0,0,0,0
2026-09-09T22:54:25.008546375+00:00,1,0,0,0,0,0
2026-09-09T22:54:25.008548875+00:00,1,1,0,0,0,0
2026-09-09T22:54:25.008555375+00:00,1,0,0,0,0,0
2026-09-09T22:54:25.008557875+00:00,1,1,0,0,0,0
2026-09-09T22:54:25.008564750+00:00,1,0,0,0,0,0
2026-09-09T22:54:25.008567625+00:00,1,1,0,0,0,0
2026-09-09T22:54:25.008573125+00:00,1,0,0,0,0,0
2026-09-09T22:54:25.008575625+00:00,1,1,0,0,0,0
2026-09-09T22:54:25.008581625+00:00,1,0,0,0,0,0
2026-09-09T22:54:25.008584750+00:00,1,1,0,0,0,0
2026-09-09T22:54:25.008591000+00:00,1,0,0,0,0,0
2026-09-09T22:54:25.008593750+00:00,1,1,0,0,0,0
2026-09-09T22:54:25.008600375+00:00,1,0,0,0,0,0
2026-09-09T22:54:25.008603875+00:00,1,1,0,0,0,0
2026-09-09T22:54:25.008609625+00:00,1,0,0,0,0,0
2026-09-09T22:54:25.008612375+00:00,1,1,0,0,0,0
2026-09-09T22:54:25.008618375+00:00,1,0,0,0,0,0
2026-09-09T22:54:25.008620500+00:00,1,1,0,0,0,0
2026-09-09T22:54:25.008626625+00:00,1,0,0,0,0,0
2026-09-09T22:54:25.008629375+00:00,1,1,0,0,0,0
2026-09-09T22:54:25.008636375+00:00,1,0,0,0,0,0
2026-09-09T22:54:25.008639250+00:00,1,1,0,0,0,0
2026-09-09T22:54:25.008645875+00:00,1,0,0,0,0,0
2026-09-09T22:54:25.008648375+00:00,1,1,0,0,0,0
2026-09-09T22:54:25.008654875+00:00,1,0,0,0,0,0
2026-09-09T22:54:25.008657375+00:00,1,1,0,0,0,0
2026-09-09T22:54:25.008663500+00:00,1,0,0,0,0,0
2026-09-09T22:54:25.008666375+00:00,1,1,0,0,0,0
2026-09-09T22:54:25.008672875+00:00,1,0,0,0,0,0
2026-09-09T22:54:25.008675375+00:00,1,1,0,0,0,0
2026-09-09T22:54:25.008681500+00:00,1,0,0,0,0,0
2026-09-09T22:54:25.008684000+00:00,1,1,0,0,0,0
2026-09-09T22:54:25.008692000+00:00,1,0,0,0,0,0
2026-09-09T22:54:25.008695125+00:00,1,1,0,0,0,0
2026-09-09T22:54:25.008701375+00:00,1,0,0,0,0,0
2026-09-09T22:54:25.008704125+00:00,1,1,0,0,0,0
2026-09-09T22:54:25.008710625+00:00,1,0,0,0,0,0
2026-09-09T22:54:25.008713125+00:00,1,1,0,0,0,0
2026-09-09T22:54:25.008719000+00:00,1,0,0,0,0,0
2026-09-09T22:54:25.008721750+00:00,1,1,0,0,0,0
2026-09-09T22:54:25.008727750+00:00,1,0,0,0,0,0
2026-09-09T22:54:25.008730875+00:00,1,1,0,0,0,0
2026-09-09T22:54:25.008737000+00:00,1,0,0,0,0,0
2026-09-09T22:54:25.008739875+00:00,1,1,0,0,0,0
2026-09-09T22:54:25.008746875+00:00,1,0,0,0,0,0
2026-09-09T22:54:25.008749625+00:00,1,1,0,0,0,0
2026-09-09T22:54:25.008756000+00:00,1,0,0,0,0,0
2026-09-09T22:54:25.008758750+00:00,1,1,0,0,0,0
2026-09-09T22:54:25.008765125+00:00,1,0,0,0,0,0
2026-09-09T22:54:25.008767625+00:00,1,1,0,0,0,0
2026-09-09T22:54:25.008773750+00:00,1,0,0,0,0,0
2026-09-09T22:54:25.008777000+00:00,1,1,0,0,0,0
2026-09-09T22:54:25.008783000+00:00,1,0,0,0,0,0
2026-09-09T22:54:25.008785500+00:00,1,1,0,0,0,0
2026-09-09T22:54:25.008792000+00:00,1,0,0,0,0,0
2026-09-09T22:54:25.008794500+00:00,1,1,0,0,0,0
2026-09-09T22:54:25.008801375+00:00,1,0,0,0,0,0
2026-09-09T22:54:25.008804500+00:00,1,1,0,0,0,0
2026-09-09T22:54:25.008810750+00:00,1,0,0,0,0,0
2026-09-09T22:54:25.008813500+00:00,1,1,0,0,0,0
2026-09-09T22:54:25.008819875+00:00,1,0,0,0,0,0
2026-09-09T22:54:25.008822375+00:00,1,1,0,0,0,0
2026-09-09T22:54:25.008828500+00:00,1,0,0,0,0,0
2026-09-09T22:54:25.008831375+00:00,1,1,0,0,0,0
2026-09-09T22:54:25.008837750+00:00,1,0,0,0,0,0
2026-09-09T22:54:25.008840250+00:00,1,1,0,0,0,0
2026-09-09T22:54:25.008846500+00:00,1,0,0,0,0,0
2026-09-09T22:54:25.008849375+00:00,1,1,0,0,0,0
2026-09-09T22:54:25.008855625+00:00,1,0,0,0,0,0
2026-09-09T22:54:25.008858125+00:00,1,1,0,0,0,0
2026-09-09T22:54:25.008866250+00:00,1,0,0,0,0,0
2026-09-09T22:54:25.008869000+00:00,1,1,0,0,0,0
2026-09-09T22:54:25.008876000+00:00,1,0,0,0,0,0
2026-09-09T22:54:25.008879250+00:00,1,1,0,0,0,0
2026-09-09T22:54:25.008885125+00:00,1,0,0,0,0,0
2026-09-09T22:54:25.008888000+00:00,1,1,0,0,0,0
2026-09-09T22:54:25.008894625+00:00,1,0,0,0,0,0
2026-09-09T22:54:25.008897125+00:00,1,1,0,0,0,0
2026-09-09T22:54:25.008903250+00:00,1,0,0,0,0,0
2026-09-09T22:54:25.008906000+00:00,1,1,0,0,0,0
2026-09-09T22:54:25.008912750+00:00,1,0,0,0,0,0
2026-09-09T22:54:25.008915875+00:00,1,1,0,0,0,0
2026-09-09T22:54:25.008922000+00:00,1,0,0,0,0,0
2026-09-09T22:54:25.008924750+00:00,1,1,0,0,0,0
2026-09-09T22:54:25.008931500+00:00,1,0,0,0,0,0
2026-09-09T22:54:25.008933625+00:00,1,1,0,0,0,0
2026-09-09T22:54:25.008939125+00:00,1,0,0,0,0,0
2026-09-09T22:54:25.008941625+00:00,1,1,0,0,0,0
2026-09-09T22:54:25.008949875+00:00,1,0,0,0,0,0
2026-09-09T22:54:25.008952750+00:00,1,1,0,0,0,0
2026-09-09T22:54:25.008959000+00:00,1,0,0,0,0,0
2026-09-09T22:54:25.008961750+00:00,1,1,0,0,0,0
2026-09-09T22:54:25.008968250+00:00,1,0,0,0,0,0
2026-09-09T22:54:25.008970500+00:00,1,1,0,0,0,0
2026-09-09T22:54:25.008977000+00:00,1,0,0,0,0,0
2026-09-09T22:54:25.008979500+00:00,1,1,0,0,0,0
2026-09-09T22:54:25.008986250+00:00,1,0,0,0,0,0
2026-09-09T22:54:25.008988375+00:00,1,1,0,0,0,0
2026-09-09T22:54:25.008994750+00:00,1,0,0,0,0,0
2026-09-09T22:54:25.008997500+00:00,1,1,0,0,0,0
2026-09-09T22:54:25.009003875+00:00,1,0,0,0,0,0
2026-09-09T22:54:25.009006375+00:00,1,1,0,0,0,0
2026-09-09T22:54:25.009013000+00:00,1,0,0,0,0,0
2026-09-09T22:54:25.009015375+00:00,1,1,0,0,0,0
2026-09-09T22:54:25.009022000+00:00,1,0,0,0,0,0
2026-09-09T22:54:25.009024125+00:00,1,1,0,0,0,0
2026-09-09T22:54:25.009030750+00:00,1,0,0,0,0,0
2026-09-09T22:54:25.009033125+00:00,1,1,0,0,0,0
2026-09-09T22:54:25.009040000+00:00,1,0,0,0,0,0
2026-09-09T22:54:25.009042125+00:00,1,1,0,0,0,0
2026-09-09T22:54:25.009048750+00:00,1,0,0,0,0,0
2026-09-09T22:54:25.009051250+00:00,1,1,0,0,0,0
2026-09-09T22:54:25.009057625+00:00,1,0,0,0,0,0
2026-09-09T22:54:25.009060125+00:00,1,1,0,0,0,0
2026-09-09T22:54:25.009066250+00:00,1,0,0,0,0,0
2026-09-09T22:54:25.009069000+00:00,1,1,0,0,0,0
2026-09-09T22:54:25.009075625+00:00,1,0,0,0,0,0
2026-09-09T22:54:25.009078125+00:00,1,1,0,0,0,0
2026-09-09T22:54:25.009084125+00:00,1,0,0,0,0,0
2026-09-09T22:54:25.009086875+00:00,1,1,0,0,0,0
2026-09-09T22:54:25.009093750+00:00,1,0,0,0,0,0
2026-09-09T22:54:25.009096875+00:00,1,1,0,0,0,0
2026-09-09T22:54:25.009103125+00:00,1,0,0,0,0,0
2026-09-09T22:54:25.009105875+00:00,1,1,0,0,0,0
2026-09-09T22:54:25.009113375+00:00,1,0,0,0,0,0
2026-09-09T22:54:25.009115875+00:00,1,1,0,0,0,0
2026-09-09T22:54:25.009123250+00:00,1,0,0,0,0,0
2026-09-09T22:54:25.009125750+00:00,1,1,0,0,0,0
2026-09-09T22:54:25.009132375+00:00,1,0,0,0,0,0
2026-09-09T22:54:25.009134875+00:00,1,1,0,0,0,0
2026-09-09T22:54:25.009140875+00:00,1,0,0,0,0,0
2026-09-09T22:54:25.009143750+00:00,1,1,0,0,0,0
2026-09-09T22:54:25.009150250+00:00,1,0,0,0,0,0
2026-09-09T22:54:25.009152500+00:00,1,1,0,0,0,0
2026-09-09T22:54:25.009158875+00:00,1,0,0,0,0,0
2026-09-09T22:54:25.009161375+00:00,1,1,0,0,0,0
2026-09-09T22:54:25.009168250+00:00,1,0,0,0,0,0
2026-09-09T22:54:25.009170500+00:00,1,1,0,0,0,0
2026-09-09T22:54:25.009177000+00:00,1,0,0,0,0,0
2026-09-09T22:54:25.009179500+00:00,1,1,0,0,0,0
2026-09-09T22:54:25.009186000+00:00,1,0,0,0,0,0
2026-09-09T22:54:25.009188500+00:00,1,1,0,0,0,0
2026-09-09T22:54:25.009194250+00:00,1,0,0,0,0,0
2026-09-09T22:54:25.009197500+00:00,1,1,0,0,0,0
2026-09-09T22:54:25.009203750+00:00,1,0,0,0,0,0
2026-09-09T22:54:25.009206250+00:00,1,1,0,0,0,0
2026-09-09T22:54:25.009213375+00:00,1,0,0,0,0,0
2026-09-09T22:54:25.009216250+00:00,1,1,0,0,0,0
2026-09-09T22:54:25.009222625+00:00,1,0,0,0,0,0
2026-09-09T22:54:25.009225000+00:00,1,1,0,0,0,0
2026-09-09T22:54:25.009231500+00:00,1,0,0,0,0,0
2026-09-09T22:54:25.009234000+00:00,1,1,0,0,0,0
2026-09-09T22:54:25.009240875+00:00,1,0,0,0,0,0
2026-09-09T22:54:25.009243000+00:00,1,1,0,0,0,0
2026-09-09T22:54:25.009249500+00:00,1,0,0,0,0,0
2026-09-09T22:54:25.009251875+00:00,1,1,0,0,0,0
2026-09-09T22:54:25.009258625+00:00,1,0,0,0,0,0
2026-09-09T22:54:25.009260875+00:00,1,1,0,0,0,0
2026-09-09T22:54:25.009266250+00:00,1,0,0,0,0,0
2026-09-09T22:54:25.009268750+00:00,1,1,0,0,0,0
2026-09-09T22:54:25.009274750+00:00,1,0,0,0,0,0
2026-09-09T22:54:25.009276875+00:00,1,1,0,0,0,0
2026-09-09T22:54:25.009283250+00:00,1,0,0,0,0,0
2026-09-09T22:54:25.009285750+00:00,1,1,0,0,0,0
2026-09-09T22:54:25.009294125+00:00,1,0,0,0,0,0
2026-09-09T22:54:25.009296625+00:00,1,1,0,0,0,0
2026-09-09T22:54:25.009303250+00:00,1,0,0,0,0,0
2026-09-09T22:54:25.009305750+00:00,1,1,0,0,0,0
2026-09-09T22:54:25.009312500+00:00,1,0,0,0,0,0
2026-09-09T22:54:25.009314625+00:00,1,1,0,0,0,0
2026-09-09T22:54:25.009320875+00:00,1,0,0,0,0,0
2026-09-09T22:54:25.009323750+00:00,1,1,0,0,0,0
2026-09-09T22:54:25.009330250+00:00,1,0,0,0,0,0
2026-09-09T22:54:25.009332375+00:00,1,1,0,0,0,0
2026-09-09T22:54:25.009337750+00:00,1,0,0,0,0,0
2026-09-09T22:54:25.009340625+00:00,1,1,0,0,0,0
2026-09-09T22:54:25.009347125+00:00,1,0,0,0,0,0
2026-09-09T22:54:25.009349625+00:00,1,1,0,0,0,0
2026-09-09T22:54:25.009355875+00:00,1,0,0,0,0,0
2026-09-09T22:54:25.009358375+00:00,1,1,0,0,0,0
2026-09-09T22:54:25.009365250+00:00,1,0,0,0,0,0
2026-09-09T22:54:25.009368500+00:00,1,1,0,0,0,0
2026-09-09T22:54:25.009374625+00:00,1,0,0,0,0,0
2026-09-09T22:54:25.009377500+00:00,1,1,0,0,0,0
2026-09-09T22:54:25.009385125+00:00,1,0,0,0,0,0
2026-09-09T22:54:25.009388375+00:00,1,1,0,0,0,0
2026-09-09T22:54:25.009394375+00:00,1,0,0,0,0,0
2026-09-09T22:54:25.009397250+00:00,1,1,0,0,0,0
2026-09-09T22:54:25.009403625+00:00,1,0,0,0,0,0
2026-09-09T22:54:25.009406125+00:00,1,1,0,0,0,0
2026-09-09T22:54:25.009412500+00:00,1,0,0,0,0,0
2026-09-09T22:54:25.009415250+00:00,1,1,0,0,0,0
2026-09-09T22:54:25.009421625+00:00,1,0,0,0,0,0
2026-09-09T22:54:25.009424125+00:00,1,1,0,0,0,0
2026-09-09T22:54:25.009430500+00:00,1,0,0,0,0,0
2026-09-09T22:54:25.009433000+00:00,1,1,0,0,0,0
2026-09-09T22:54:25.009440000+00:00,1,0,0,0,0,0
2026-09-09T22:54:25.009442875+00:00,1,1,0,0,0,0
2026-09-09T22:54:25.009448500+00:00,1,0,0,0,0,0
2026-09-09T22:54:25.009451000+00:00,1,1,0,0,0,0
2026-09-09T22:54:25.009457500+00:00,1,0,0,0,0,0
2026-09-09T22:54:25.009460000+00:00,1,1,0,0,0,0
2026-09-09T22:54:25.009467750+00:00,1,0,0,0,0,0
2026-09-09T22:54:25.009469875+00:00,1,1,0,0,0,0
2026-09-09T22:54:25.009476625+00:00,1,0,0,0,0,0
2026-09-09T22:54:25.009478750+00:00,1,1,0,0,0,0
2026-09-09T22:54:25.009485125+00:00,1,0,0,0,0,0
2026-09-09T22:54:25.009487875+00:00,1,1,0,0,0,0
2026-09-09T22:54:25.009494625+00:00,1,0,0,0,0,0
2026-09-09T22:54:25.009497750+00:00,1,1,0,0,0,0
2026-09-09T22:54:25.009503875+00:00,1,0,0,0,0,0
2026-09-09T22:54:25.009506750+00:00,1,1,0,0,0,0
2026-09-09T22:54:25.009513375+00:00,1,0,0,0,0,0
2026-09-09T22:54:25.009515500+00:00,1,1,0,0,0,0
2026-09-09T22:54:25.009522125+00:00,1,0,0,0,0,0
2026-09-09T22:54:25.009524625+00:00,1,1,0,0,0,0
2026-09-09T22:54:25.009531375+00:00,1,0,0,0,0,0
2026-09-09T22:54:25.009533500+00:00,1,1,0,0,0,0
2026-09-09T22:54:25.009540000+00:00,1,0,0,0,0,0
2026-09-09T22:54:25.009542500+00:00,1,1,0,0,0,0
2026-09-09T22:54:25.009549250+00:00,1,0,0,0,0,0
2026-09-09T22:54:25.009551375+00:00,1,1,0,0,0,0
2026-09-09T22:54:25.009558625+00:00,1,0,0,0,0,0
2026-09-09T22:54:25.009561500+00:00,1,1,0,0,0,0
2026-09-09T22:54:25.009567875+00:00,1,0,0,0,0,0
2026-09-09T22:54:25.009570375+00:00,1,1,0,0,0,0
2026-09-09T22:54:25.009576625+00:00,1,0,0,0,0,0
2026-09-09T22:54:25.009579125+00:00,1,1,0,0,0,0
2026-09-09T22:54:25.009585000+00:00,1,0,0,0,0,0
2026-09-09T22:54:25.009587250+00:00,1,1,0,0,0,0
2026-09-09T22:54:25.009593750+00:00,1,0,0,0,0,0
2026-09-09T22:54:25.009596250+00:00,1,1,0,0,0,0
2026-09-09T22:54:25.009602875+00:00,1,0,0,0,0,0
2026-09-09T22:54:25.009605000+00:00,1,1,0,0,0,0
2026-09-09T22:54:25.009611500+00:00,1,0,0,0,0,0
2026-09-09T22:54:25.009614000+00:00,1,1,0,0,0,0
2026-09-09T22:54:25.009620750+00:00,1,0,0,0,0,0
2026-09-09T22:54:25.009623000+00:00,1,1,0,0,0,0
2026-09-09T22:54:25.009629125+00:00,1,0,0,0,0,0
2026-09-09T22:54:25.009632000+00:00,1,1,0,0,0,0
2026-09-09T22:54:25.009640250+00:00,1,0,0,0,0,0
2026-09-09T22:54:25.009642750+00:00,1,1,0,0,0,0
2026-09-09T22:54:25.009648250+00:00,1,0,0,0,0,0
2026-09-09T22:54:25.009650750+00:00,1,1,0,0,0,0
2026-09-09T22:54:25.009657625+00:00,1,0,0,0,0,0
2026-09-09T22:54:25.009659750+00:00,1,1,0,0,0,0
2026-09-09T22:54:25.009666250+00:00,1,0,0,0,0,0
2026-09-09T22:54:25.009668750+00:00,1,1,0,0,0,0
2026-09-09T22:54:25.009675375+00:00,1,0,0,0,0,0
2026-09-09T22:54:25.009677875+00:00,1,1,0,0,0,0
2026-09-09T22:54:25.009684000+00:00,1,0,0,0,0,0
2026-09-09T22:54:25.009686875+00:00,1,1,0,0,0,0
2026-09-09T22:54:25.009693375+00:00,1,0,0,0,0,0
2026-09-09T22:54:25.009695500+00:00,1,1,0,0,0,0
2026-09-09T22:54:25.009702125+00:00,1,0,0,0,0,0
2026-09-09T22:54:25.009704625+00:00,1,1,0,0,0,0
2026-09-09T22:54:25.009711125+00:00,1,0,0,0,0,0
2026-09-09T22:54:25.009713625+00:00,1,1,0,0,0,0
2026-09-09T22:54:25.009719875+00:00,1,0,0,0,0,0
2026-09-09T22:54:25.009722375+00:00,1,1,0,0,0,0
2026-09-09T22:54:25.009730375+00:00,1,0,0,0,0,0
2026-09-09T22:54:25.009733500+00:00,1,1,0,0,0,0
2026-09-09T22:54:25.009739375+00:00,1,0,0,0,0,0
2026-09-09T22:54:25.009742250+00:00,1,1,0,0,0,0
2026-09-09T22:54:25.009749000+00:00,1,0,0,0,0,0
2026-09-09T22:54:25.009751500+00:00,1,1,0,0,0,0
2026-09-09T22:54:25.009757375+00:00,1,0,0,0,0,0
2026-09-09T22:54:25.009760250+00:00,1,1,0,0,0,0
2026-09-09T22:54:25.009767125+00:00,1,0,0,0,0,0
2026-09-09T22:54:25.009770250+00:00,1,1,0,0,0,0
2026-09-09T22:54:25.009776375+00:00,1,0,0,0,0,0
2026-09-09T22:54:25.009779250+00:00,1,1,0,0,0,0
2026-09-09T22:54:25.009785750+00:00,1,0,0,0,0,0
2026-09-09T22:54:25.009788000+00:00,1,1,0,0,0,0
2026-09-09T22:54:25.009793500+00:00,1,0,0,0,0,0
2026-09-09T22:54:25.009796000+00:00,1,1,0,0,0,0
2026-09-09T22:54:25.009802750+00:00,1,0,0,0,0,0
2026-09-09T22:54:25.009804875+00:00,1,1,0,0,0,0
2026-09-09T22:54:25.009810125+00:00,1,0,0,0,0,0
2026-09-09T22:54:25.009813125+00:00,1,1,0,0,0,0
2026-09-09T22:54:25.009819750+00:00,1,0,0,0,0,0
2026-09-09T22:54:25.009821875+00:00,1,1,0,0,0,0
2026-09-09T22:54:25.009828250+00:00,1,0,0,0,0,0
2026-09-09T22:54:25.009830750+00:00,1,1,0,0,0,0
2026-09-09T22:54:25.009837625+00:00,1,0,0,0,0,0
2026-09-09T22:54:25.009839750+00:00,1,1,0,0,0,0
2026-09-09T22:54:25.009846000+00:00,1,0,0,0,0,0
2026-09-09T22:54:25.009848750+00:00,1,1,0,0,0,0
2026-09-09T22:54:25.009855250+00:00,1,0,0,0,0,0
2026-09-09T22:54:25.009857750+00:00,1,1,0,0,0,0
2026-09-09T22:54:25.009863875+00:00,1,0,0,0,0,0
2026-09-09T22:54:25.009866750+00:00,1,1,0,0,0,0
2026-09-09T22:54:25.009873250+00:00,1,0,0,0,0,0
2026-09-09T22:54:25.009875750+00:00,1,1,0,0,0,0
2026-09-09T22:54:25.009881875+00:00,1,0,0,0,0,0
2026-09-09T22:54:25.009884625+00:00,1,1,0,0,0,0
2026-09-09T22:54:25.009891375+00:00,1,0,0,0,0,0
2026-09-09T22:54:25.009894500+00:00,1,1,0,0,0,0
2026-09-09T22:54:25.009902125+00:00,1,0,0,0,0,0
2026-09-09T22:54:25.009904625+00:00,1,1,0,0,0,0
2026-09-09T22:54:25.009911375+00:00,1,0,0,0,0,0
2026-09-09T22:54:25.009914500+00:00,1,1,0,0,0,0
2026-09-09T22:54:25.009920625+00:00,1,0,0,0,0,0
2026-09-09T22:54:25.009923500+00:00,1,1,0,0,0,0
2026-09-09T22:54:25.009930000+00:00,1,0,0,0,0,0
2026-09-09T22:54:25.009932250+00:00,1,1,0,0,0,0
2026-09-09T22:54:25.009938750+00:00,1,0,0,0,0,0
2026-09-09T22:54:25.009941250+00:00,1,1,0,0,0,0
2026-09-09T22:54:25.009948000+00:00,1,0,0,0,0,0
2026-09-09T22:54:25.009950125+00:00,1,1,0,0,0,0
2026-09-09T22:54:25.009956750+00:00,1,0,0,0,0,0
2026-09-09T22:54:25.009959250+00:00,1,1,0,0,0,0
2026-09-09T22:54:25.009966000+00:00,1,0,0,0,0,0
2026-09-09T22:54:25.009968125+00:00,1,1,0,0,0,0
2026-09-09T22:54:25.009974625+00:00,1,0,0,0,0,0
2026-09-09T22:54:25.009977125+00:00,1,1,0,0,0,0
2026-09-09T22:54:25.009985000+00:00,1,0,0,0,0,0
2026-09-09T22:54:25.009987875+00:00,1,1,0,0,0,0
2026-09-09T22:54:25.009993375+00:00,1,0,0,0,0,0
2026-09-09T22:54:25.009995875+00:00,1,1,0,0,0,0
2026-09-09T22:54:25.010002625+00:00,1,0,0,0,0,0
2026-09-09T22:54:25.010004875+00:00,1,1,0,0,0,0
2026-09-09T22:54:25.010011375+00:00,1,0,0,0,0,0
2026-09-09T22:54:25.010013875+00:00,1,1,0,0,0,0
2026-09-09T22:54:25.010020625+00:00,1,0,0,0,0,0
2026-09-09T22:54:25.010022750+00:00,1,1,0,0,0,0
2026-09-09T22:54:25.010029375+00:00,1,0,0,0,0,0
2026-09-09T22:54:25.010031875+00:00,1,1,0,0,0,0
2026-09-09T22:54:25.010038250+00:00,1,0,0,0,0,0
2026-09-09T22:54:25.010040750+00:00,1,1,0,0,0,0
2026-09-09T22:54:25.010046875+00:00,1,0,0,0,0,0
2026-09-09T22:54:25.010049750+00:00,1,1,0,0,0,0
2026-09-09T22:54:25.010056375+00:00,1,0,0,0,0,0
2026-09-09T22:54:25.010058500+00:00,1,1,0,0,0,0
2026-09-09T22:54:25.010065125+00:00,1,0,0,0,0,0
2026-09-09T22:54:25.010067625+00:00,1,1,0,0,0,0
2026-09-09T22:54:25.010075625+00:00,1,0,0,0,0,0
2026-09-09T22:54:25.010078500+00:00,1,1,0,0,0,0
2026-09-09T22:54:25.010085000+00:00,1,0,0,0,0,0
2026-09-09T22:54:25.010087500+00:00,1,1,0,0,0,0
2026-09-09T22:54:25.010094125+00:00,1,0,0,0,0,0
2026-09-09T22:54:25.010096250+00:00,1,1,0,0,0,0
2026-09-09T22:54:25.010101875+00:00,1,0,0,0,0,0
2026-09-09T22:54:25.010104375+00:00,1,1,0,0,0,0
2026-09-09T22:54:25.010110750+00:00,1,0,0,0,0,0
2026-09-09T22:54:25.010113250+00:00,1,1,0,0,0,0
2026-09-09T22:54:25.010119625+00:00,1,0,0,0,0,0
2026-09-09T22:54:25.010122375+00:00,1,1,0,0,0,0
2026-09-09T22:54:25.010128750+00:00,1,0,0,0,0,0
2026-09-09T22:54:25.010131250+00:00,1,1,0,0,0,0
2026-09-09T22:54:25.010137250+00:00,1,0,0,0,0,0
2026-09-09T22:54:25.010140125+00:00,1,1,0,0,0,0
2026-09-09T22:54:25.010146750+00:00,1,0,0,0,0,0
2026-09-09T22:54:25.010149250+00:00,1,1,0,0,0,0
2026-09-09T22:54:25.010155500+00:00,1,0,0,0,0,0
2026-09-09T22:54:25.010160125+00:00,1,1,0,0,0,0
2026-09-09T22:54:25.010166750+00:00,1,0,0,0,0,0
2026-09-09T22:54:25.010168875+00:00,1,1,0,0,0,0
2026-09-09T22:54:25.010174250+00:00,1,0,0,0,0,0
2026-09-09T22:54:25.010176750+00:00,1,1,0,0,0,0
2026-09-09T22:54:25.010182750+00:00,1,0,0,0,0,0
2026-09-09T22:54:25.010186000+00:00,1,1,0,0,0,0
2026-09-09T22:54:25.010192250+00:00,1,0,0,0,0,0
2026-09-09T22:54:25.010194750+00:00,1,1,0,0,0,0
2026-09-09T22:54:25.010201375+00:00,1,0,0,0,0,0
2026-09-09T22:54:25.010203875+00:00,1,1,0,0,0,0
2026-09-09T22:54:25.010209875+00:00,1,0,0,0,0,0
2026-09-09T22:54:25.010212750+00:00,1,1,0,0,0,0
2026-09-09T22:54:25.010219625+00:00,1,0,0,0,0,0
2026-09-09T22:54:25.010222750+00:00,1,1,0,0,0,0
2026-09-09T22:54:25.010228875+00:00,1,0,0,0,0,0
2026-09-09T22:54:25.010231625+00:00,1,1,0,0,0,0
2026-09-09T22:54:25.010238250+00:00,1,0,0,0,0,0
2026-09-09T22:54:25.010240750+00:00,1,1,0,0,0,0
2026-09-09T22:54:25.010247625+00:00,1,0,0,0,0,0
2026-09-09T22:54:25.010250500+00:00,1,1,0,0,0,0
2026-09-09T22:54:25.010257375+00:00,1,0,0,0,0,0
2026-09-09T22:54:25.010260625+00:00,1,1,0,0,0,0
2026-09-09T22:54:25.010266750+00:00,1,0,0,0,0,0
2026-09-09T22:54:25.010269625+00:00,1,1,0,0,0,0
2026-09-09T22:54:25.010276125+00:00,1,0,0,0,0,0
2026-09-09T22:54:25.010278375+00:00,1,1,0,0,0,0
2026-09-09T22:54:25.010284875+00:00,1,0,0,0,0,0
2026-09-09T22:54:25.010287375+00:00,1,1,0,0,0,0
2026-09-09T22:54:25.010294125+00:00,1,0,0,0,0,0
2026-09-09T22:54:25.010296250+00:00,1,1,0,0,0,0
2026-09-09T22:54:25.010302750+00:00,1,0,0,0,0,0
2026-09-09T22:54:25.010305250+00:00,1,1,0,0,0,0
2026-09-09T22:54:25.010312125+00:00,1,0,0,0,0,0
2026-09-09T22:54:25.010315250+00:00,1,1,0,0,0,0
2026-09-09T22:54:25.010321500+00:00,1,0,0,0,0,0
2026-09-09T22:54:25.010324000+00:00,1,1,0,0,0,0
2026-09-09T22:54:25.010331500+00:00,1,0,0,0,0,0
2026-09-09T22:54:25.010334000+00:00,1,1,0,0,0,0
2026-09-09T22:54:25.010339500+00:00,1,0,0,0,0,0
2026-09-09T22:54:25.010341875+00:00,1,1,0,0,0,0
2026-09-09T22:54:25.010348875+00:00,1,0,0,0,0,0
2026-09-09T22:54:25.010351000+00:00,1,1,0,0,0,0
2026-09-09T22:54:25.010357500+00:00,1,0,0,0,0,0
2026-09-09T22:54:25.010360000+00:00,1,1,0,0,0,0
2026-09-09T22:54:25.010366500+00:00,1,0,0,0,0,0
2026-09-09T22:54:25.010369000+00:00,1,1,0,0,0,0
2026-09-09T22:54:25.010375125+00:00,1,0,0,0,0,0
2026-09-09T22:54:25.010378000+00:00,1,1,0,0,0,0
2026-09-09T22:54:25.010384625+00:00,1,0,0,0,0,0
2026-09-09T22:54:25.010386750+00:00,1,1,0,0,0,0
2026-09-09T22:54:25.010393375+00:00,1,0,0,0,0,0
2026-09-09T22:54:25.010395875+00:00,1,1,0,0,0,0
2026-09-09T22:54:25.010402500+00:00,1,0,0,0,0,0
2026-09-09T22:54:25.010404750+00:00,1,1,0,0,0,0
2026-09-09T22:54:25.010411250+00:00,1,0,0,0,0,0
2026-09-09T22:54:25.010413750+00:00,1,1,0,0,0,0
2026-09-09T22:54:25.010420750+00:00,1,0,0,0,0,0
2026-09-09T22:54:25.010423625+00:00,1,1,0,0,0,0
2026-09-09T22:54:25.010429875+00:00,1,0,0,0,0,0
2026-09-09T22:54:25.010432750+00:00,1,1,0,0,0,0
2026-09-09T22:54:25.010439125+00:00,1,0,0,0,0,0
2026-09-09T22:54:25.010441625+00:00,1,1,0,0,0,0
2026-09-09T22:54:25.010447750+00:00,1,0,0,0,0,0
2026-09-09T22:54:25.010450625+00:00,1,1,0,0,0,0
2026-09-09T22:54:25.010457125+00:00,1,0,0,0,0,0
2026-09-09T22:54:25.010459250+00:00,1,1,0,0,0,0
2026-09-09T22:54:25.010465750+00:00,1,0,0,0,0,0
2026-09-09T22:54:25.010468250+00:00,1,1,0,0,0,0
2026-09-09T22:54:25.010474250+00:00,1,0,0,0,0,0
2026-09-09T22:54:25.010477500+00:00,1,1,0,0,0,0
2026-09-09T22:54:25.010483625+00:00,1,0,0,0,0,0
2026-09-09T22:54:25.010486375+00:00,1,1,0,0,0,0
2026-09-09T22:54:25.010493000+00:00,1,0,0,0,0,0
2026-09-09T22:54:25.010495250+00:00,1,1,0,0,0,0
2026-09-09T22:54:25.010503125+00:00,1,0,0,0,0,0
2026-09-09T22:54:25.010506250+00:00,1,1,0,0,0,0
2026-09-09T22:54:25.010512625+00:00,1,0,0,0,0,0
2026-09-09T22:54:25.010515125+00:00,1,1,0,0,0,0
2026-09-09T22:54:25.010521375+00:00,1,0,0,0,0,0
2026-09-09T22:54:25.010524250+00:00,1,1,0,0,0,0
2026-09-09T22:54:25.010530750+00:00,1,0,0,0,0,0
2026-09-09T22:54:25.010532875+00:00,1,1,0,0,0,0
2026-09-09T22:54:25.010539250+00:00,1,0,0,0,0,0
2026-09-09T22:54:25.010542000+00:00,1,1,0,0,0,0
2026-09-09T22:54:25.010548750+00:00,1,0,0,0,0,0
2026-09-09T22:54:25.010550875+00:00,1,1,0,0,0,0
2026-09-09T22:54:25.010557375+00:00,1,0,0,0,0,0
2026-09-09T22:54:25.010559875+00:00,1,1,0,0,0,0
2026-09-09T22:54:25.010566750+00:00,1,0,0,0,0,0
2026-09-09T22:54:25.010570000+00:00,1,1,0,0,0,0
2026-09-09T22:54:25.010576125+00:00,1,0,0,0,0,0
2026-09-09T22:54:25.010578875+00:00,1,1,0,0,0,0
2026-09-09T22:54:25.010585625+00:00,1,0,0,0,0,0
2026-09-09T22:54:25.010589625+00:00,1,1,0,0,0,0
2026-09-09T22:54:25.010596125+00:00,1,0,0,0,0,0
2026-09-09T22:54:25.010598625+00:00,1,1,0,0,0,0
2026-09-09T22:54:25.010605250+00:00,1,0,0,0,0,0
2026-09-09T22:54:25.010607750+00:00,1,1,0,0,0,0
2026-09-09T22:54:25.010613750+00:00,1,0,0,0,0,0
2026-09-09T22:54:25.010616500+00:00,1,1,0,0,0,0
2026-09-09T22:54:25.010623500+00:00,1,0,0,0,0,0
2026-09-09T22:54:25.010626625+00:00,1,1,0,0,0,0
2026-09-09T22:54:25.010633000+00:00,1,0,0,0,0,0
2026-09-09T22:54:25.010635500+00:00,1,1,0,0,0,0
2026-09-09T22:54:25.010642375+00:00,1,0,0,0,0,0
2026-09-09T22:54:25.010645500+00:00,1,1,0,0,0,0
2026-09-09T22:54:25.010651750+00:00,1,0,0,0,0,0
2026-09-09T22:54:25.010654500+00:00,1,1,0,0,0,0
2026-09-09T22:54:25.010661250+00:00,1,0,0,0,0,0
2026-09-09T22:54:25.010664375+00:00,1,1,0,0,0,0
2026-09-09T22:54:25.010670500+00:00,1,0,0,0,0,0
2026-09-09T22:54:25.010673375+00:00,1,1,0,0,0,0
2026-09-09T22:54:25.010679750+00:00,1,0,0,0,0,0
2026-09-09T22:54:25.010682375+00:00,1,1,0,0,0,0
2026-09-09T22:54:25.010688625+00:00,1,0,0,0,0,0
2026-09-09T22:54:25.010691125+00:00,1,1,0,0,0,0
2026-09-09T22:54:25.010698000+00:00,1,0,0,0,0,0
2026-09-09T22:54:25.010701125+00:00,1,1,0,0,0,0
2026-09-09T22:54:25.010707500+00:00,1,0,0,0,0,0
2026-09-09T22:54:25.010710000+00:00,1,1,0,0,0,0
2026-09-09T22:54:25.010716875+00:00,1,0,0,0,0,0
2026-09-09T22:54:25.010719000+00:00,1,1,0,0,0,0
2026-09-09T22:54:25.010725375+00:00,1,0,0,0,0,0
2026-09-09T22:54:25.010728125+00:00,1,1,0,0,0,0
2026-09-09T22:54:25.010734750+00:00,1,0,0,0,0,0
2026-09-09T22:54:25.010736875+00:00,1,1,0,0,0,0
2026-09-09T22:54:25.010743375+00:00,1,0,0,0,0,0
2026-09-09T22:54:25.010745875+00:00,1,1,0,0,0,0
2026-09-09T22:54:25.010752750+00:00,1,0,0,0,0,0
2026-09-09T22:54:25.010755875+00:00,1,1,0,0,0,0
2026-09-09T22:54:25.010763500+00:00,1,0,0,0,0,0
2026-09-09T22:54:25.010765625+00:00,1,1,0,0,0,0
2026-09-09T22:54:25.010772500+00:00,1,0,0,0,0,0
2026-09-09T22:54:25.010774625+00:00,1,1,0,0,0,0
2026-09-09T22:54:25.010781250+00:00,1,0,0,0,0,0
2026-09-09T22:54:25.010783750+00:00,1,1,0,0,0,0
2026-09-09T22:54:25.010790625+00:00,1,0,0,0,0,0
2026-09-09T22:54:25.010793750+00:00,1,1,0,0,0,0
2026-09-09T22:54:25.010800000+00:00,1,0,0,0,0,0
2026-09-09T22:54:25.010802500+00:00,1,1,0,0,0,0
2026-09-09T22:54:25.010809375+00:00,1,0,0,0,0,0
2026-09-09T22:54:25.010811625+00:00,1,1,0,0,0,0
2026-09-09T22:54:25.010818000+00:00,1,0,0,0,0,0
2026-09-09T22:54:25.010820500+00:00,1,1,0,0,0,0
2026-09-09T22:54:25.010827375+00:00,1,0,0,0,0,0
2026-09-09T22:54:25.010829500+00:00,1,1,0,0,0,0
2026-09-09T22:54:25.010836000+00:00,1,0,0,0,0,0
2026-09-09T22:54:25.010838500+00:00,1,1,0,0,0,0
2026-09-09T22:54:25.010845000+00:00,1,0,0,0,0,0
2026-09-09T22:54:25.010848750+00:00,1,1,0,0,0,0
2026-09-09T22:54:25.010854875+00:00,1,0,0,0,0,0
2026-09-09T22:54:25.010857375+00:00,1,1,0,0,0,0
2026-09-09T22:54:25.010863875+00:00,1,0,0,0,0,0
2026-09-09T22:54:25.010866375+00:00,1,1,0,0,0,0
2026-09-09T22:54:25.010872500+00:00,1,0,0,0,0,0
2026-09-09T22:54:25.010875250+00:00,1,1,0,0,0,0
2026-09-09T22:54:25.010881875+00:00,1,0,0,0,0,0
2026-09-09T22:54:25.010884375+00:00,1,1,0,0,0,0
2026-09-09T22:54:25.010890375+00:00,1,0,0,0,0,0
2026-09-09T22:54:25.010893250+00:00,1,1,0,0,0,0
2026-09-09T22:54:25.010899375+00:00,1,0,0,0,0,0
2026-09-09T22:54:25.010901875+00:00,1,1,0,0,0,0
2026-09-09T22:54:25.010907250+00:00,1,0,0,0,0,0
2026-09-09T22:54:25.010910125+00:00,1,1,0,0,0,0
2026-09-09T22:54:25.010916750+00:00,1,0,0,0,0,0
2026-09-09T22:54:25.010918875+00:00,1,1,0,0,0,0
2026-09-09T22:54:25.010925375+00:00,1,0,0,0,0,0
2026-09-09T22:54:25.010927875+00:00,1,1,0,0,0,0
2026-09-09T22:54:25.010936250+00:00,1,0,0,0,0,0
2026-09-09T22:54:25.010939000+00:00,1,1,0,0,0,0
2026-09-09T22:54:25.010945375+00:00,1,0,0,0,0,0
2026-09-09T22:54:25.010947875+00:00,1,1,0,0,0,0
2026-09-09T22:54:25.010954375+00:00,1,0,0,0,0,0
2026-09-09T22:54:25.010956875+00:00,1,1,0,0,0,0
2026-09-09T22:54:25.010963000+00:00,1,0,0,0,0,0
2026-09-09T22:54:25.010965875+00:00,1,1,0,0,0,0
2026-09-09T22:54:25.010972250+00:00,1,0,0,0,0,0
2026-09-09T22:54:25.010974750+00:00,1,1,0,0,0,0
2026-09-09T22:54:25.010980875+00:00,1,0,0,0,0,0
2026-09-09T22:54:25.010983625+00:00,1,1,0,0,0,0
2026-09-09T22:54:25.010990375+00:00,1,0,0,0,0,0
2026-09-09T22:54:25.010992500+00:00,1,1,0,0,0,0
2026-09-09T22:54:25.010999000+00:00,1,0,0,0,0,0
2026-09-09T22:54:25.011001375+00:00,1,1,0,0,0,0
2026-09-09T22:54:25.011008500+00:00,1,0,0,0,0,0
2026-09-09T22:54:25.011011625+00:00,1,1,0,0,0,0
2026-09-09T22:54:25.011017875+00:00,1,0,0,0,0,0
2026-09-09T22:54:25.011021375+00:00,1,1,0,0,0,0
2026-09-09T22:54:25.011028250+00:00,1,0,0,0,0,0
2026-09-09T22:54:25.011030375+00:00,1,1,0,0,0,0
2026-09-09T22:54:25.011036625+00:00,1,0,0,0,0,0
2026-09-09T22:54:25.011039500+00:00,1,1,0,0,0,0
2026-09-09T22:54:25.011046000+00:00,1,0,0,0,0,0
2026-09-09T22:54:25.011048250+00:00,1,1,0,0,0,0
2026-09-09T22:54:25.011054625+00:00,1,0,0,0,0,0
2026-09-09T22:54:25.011057125+00:00,1,1,0,0,0,0
2026-09-09T22:54:25.011064250+00:00,1,0,0,0,0,0
2026-09-09T22:54:25.011067000+00:00,1,1,0,0,0,0
2026-09-09T22:54:25.011072625+00:00,1,0,0,0,0,0
2026-09-09T22:54:25.011075125+00:00,1,1,0,0,0,0
2026-09-09T22:54:25.011082125+00:00,1,0,0,0,0,0
2026-09-09T22:54:25.011085250+00:00,1,1,0,0,0,0
2026-09-09T22:54:25.011091250+00:00,1,0,0,0,0,0
2026-09-09T22:54:25.011094000+00:00,1,1,0,0,0,0
2026-09-09T22:54:25.011101375+00:00,1,0,0,0,0,0
2026-09-09T22:54:25.011103875+00:00,1,1,0,0,0,0
2026-09-09T22:54:25.011110875+00:00,1,0,0,0,0,0
2026-09-09T22:54:25.011114000+00:00,1,1,0,0,0,0
2026-09-09T22:54:25.011120375+00:00,1,0,0,0,0,0
2026-09-09T22:54:25.011122875+00:00,1,1,0,0,0,0
2026-09-09T22:54:25.011128750+00:00,1,0,0,0,0,0
2026-09-09T22:54:25.011131875+00:00,1,1,0,0,0,0
2026-09-09T22:54:25.011138500+00:00,1,0,0,0,0,0
2026-09-09T22:54:25.011140750+00:00,1,1,0,0,0,0
2026-09-09T22:54:25.011147125+00:00,1,0,0,0,0,0
2026-09-09T22:54:25.011149625+00:00,1,1,0,0,0,0
2026-09-09T22:54:25.011156625+00:00,1,0,0,0,0,0
2026-09-09T22:54:25.011159750+00:00,1,1,0,0,0,0
2026-09-09T22:54:25.011166000+00:00,1,0,0,0,0,0
2026-09-09T22:54:25.011168500+00:00,1,1,0,0,0,0
2026-09-09T22:54:25.011174375+00:00,1,0,0,0,0,0
2026-09-09T22:54:25.011176625+00:00,1,1,0,0,0,0
2026-09-09T22:54:25.011183125+00:00,1,0,0,0,0,0
2026-09-09T22:54:25.011185625+00:00,1,1,0,0,0,0
2026-09-09T22:54:25.011193750+00:00,1,0,0,0,0,0
2026-09-09T22:54:25.011196500+00:00,1,1,0,0,0,0
2026-09-09T22:54:25.011202500+00:00,1,0,0,0,0,0
2026-09-09T22:54:25.011205250+00:00,1,1,0,0,0,0
2026-09-09T22:54:25.011212375+00:00,1,0,0,0,0,0
2026-09-09T22:54:25.011215500+00:00,1,1,0,0,0,0
2026-09-09T22:54:25.011221625+00:00,1,0,0,0,0,0
2026-09-09T22:54:25.011224375+00:00,1,1,0,0,0,0
2026-09-09T22:54:25.011231000+00:00,1,0,0,0,0,0
2026-09-09T22:54:25.011233125+00:00,1,1,0,0,0,0
2026-09-09T22:54:25.011239750+00:00,1,0,0,0,0,0
2026-09-09T22:54:25.011242250+00:00,1,1,0,0,0,0
2026-09-09T22:54:25.011248875+00:00,1,0,0,0,0,0
2026-09-09T22:54:25.011251000+00:00,1,1,0,0,0,0
2026-09-09T22:54:25.011256500+00:00,1,0,0,0,0,0
2026-09-09T22:54:25.011259000+00:00,1,1,0,0,0,0
2026-09-09T22:54:25.011265750+00:00,1,0,0,0,0,0
2026-09-09T22:54:25.011268000+00:00,1,1,0,0,0,0
2026-09-09T22:54:25.011274250+00:00,1,0,0,0,0,0
2026-09-09T22:54:25.011277125+00:00,1,1,0,0,0,0
2026-09-09T22:54:25.011284000+00:00,1,0,0,0,0,0
2026-09-09T22:54:25.011286875+00:00,1,1,0,0,0,0
2026-09-09T22:54:25.011293250+00:00,1,0,0,0,0,0
2026-09-09T22:54:25.011295750+00:00,1,1,0,0,0,0
2026-09-09T22:54:25.011301750+00:00,1,0,0,0,0,0
2026-09-09T22:54:25.011303875+00:00,1,1,0,0,0,0
2026-09-09T22:54:25.011310375+00:00,1,0,0,0,0,0
2026-09-09T22:54:25.011312750+00:00,1,1,0,0,0,0
2026-09-09T22:54:25.011319750+00:00,1,0,0,0,0,0
2026-09-09T22:54:25.011322875+00:00,1,1,0,0,0,0
2026-09-09T22:54:25.011329000+00:00,1,0,0,0,0,0
2026-09-09T22:54:25.011331875+00:00,1,1,0,0,0,0
2026-09-09T22:54:25.011338375+00:00,1,0,0,0,0,0
2026-09-09T22:54:25.011340500+00:00,1,1,0,0,0,0
2026-09-09T22:54:25.011346125+00:00,1,0,0,0,0,0
2026-09-09T22:54:25.011348625+00:00,1,1,0,0,0,0
2026-09-09T22:54:25.011355750+00:00,1,0,0,0,0,0
2026-09-09T22:54:25.011358500+00:00,1,1,0,0,0,0
2026-09-09T22:54:25.011366375+00:00,1,0,0,0,0,0
2026-09-09T22:54:25.011368500+00:00,1,1,0,0,0,0
2026-09-09T22:54:25.011375375+00:00,1,0,0,0,0,0
2026-09-09T22:54:25.011378500+00:00,1,1,0,0,0,0
2026-09-09T22:54:25.011384625+00:00,1,0,0,0,0,0
2026-09-09T22:54:25.011387500+00:00,1,1,0,0,0,0
2026-09-09T22:54:25.011394000+00:00,1,0,0,0,0,0
2026-09-09T22:54:25.011396500+00:00,1,1,0,0,0,0
2026-09-09T22:54:25.011402500+00:00,1,0,0,0,0,0
2026-09-09T22:54:25.011405375+00:00,1,1,0,0,0,0
2026-09-09T22:54:25.011411875+00:00,1,0,0,0,0,0
2026-09-09T22:54:25.011414375+00:00,1,1,0,0,0,0
2026-09-09T22:54:25.011420500+00:00,1,0,0,0,0,0
2026-09-09T22:54:25.011423250+00:00,1,1,0,0,0,0
2026-09-09T22:54:25.011429875+00:00,1,0,0,0,0,0
2026-09-09T22:54:25.011432000+00:00,1,1,0,0,0,0
2026-09-09T22:54:25.011437500+00:00,1,0,0,0,0,0
2026-09-09T22:54:25.011440000+00:00,1,1,0,0,0,0
2026-09-09T22:54:25.011445875+00:00,1,0,0,0,0,0
2026-09-09T22:54:25.011448000+00:00,1,1,0,0,0,0
2026-09-09T22:54:25.011455875+00:00,1,0,0,0,0,0
2026-09-09T22:54:25.011459125+00:00,1,1,0,0,0,0
2026-09-09T22:54:25.011465625+00:00,1,0,0,0,0,0
2026-09-09T22:54:25.011468125+00:00,1,1,0,0,0,0
2026-09-09T22:54:25.011474250+00:00,1,0,0,0,0,0
2026-09-09T22:54:25.011477000+00:00,1,1,0,0,0,0
2026-09-09T22:54:25.011483500+00:00,1,0,0,0,0,0
2026-09-09T22:54:25.011486000+00:00,1,1,0,0,0,0
2026-09-09T22:54:25.011492000+00:00,1,0,0,0,0,0
2026-09-09T22:54:25.011494750+00:00,1,1,0,0,0,0
2026-09-09T22:54:25.011501500+00:00,1,0,0,0,0,0
2026-09-09T22:54:25.011503750+00:00,1,1,0,0,0,0
2026-09-09T22:54:25.011510125+00:00,1,0,0,0,0,0
2026-09-09T22:54:25.011512625+00:00,1,1,0,0,0,0
2026-09-09T22:54:25.011518625+00:00,1,0,0,0,0,0
2026-09-09T22:54:25.011521750+00:00,1,1,0,0,0,0
2026-09-09T22:54:25.011527875+00:00,1,0,0,0,0,0
2026-09-09T22:54:25.011530750+00:00,1,1,0,0,0,0
2026-09-09T22:54:25.011538625+00:00,1,0,0,0,0,0
2026-09-09T22:54:25.011541500+00:00,1,1,0,0,0,0
2026-09-09T22:54:25.011547000+00:00,1,0,0,0,0,0
2026-09-09T22:54:25.011549500+00:00,1,1,0,0,0,0
2026-09-09T22:54:25.011556375+00:00,1,0,0,0,0,0
2026-09-09T22:54:25.011559500+00:00,1,1,0,0,0,0
2026-09-09T22:54:25.011565750+00:00,1,0,0,0,0,0
2026-09-09T22:54:25.011568500+00:00,1,1,0,0,0,0
2026-09-09T22:54:25.011574875+00:00,1,0,0,0,0,0
2026-09-09T22:54:25.011577375+00:00,1,1,0,0,0,0
2026-09-09T22:54:25.011583750+00:00,1,0,0,0,0,0
2026-09-09T22:54:25.011586500+00:00,1,1,0,0,0,0
2026-09-09T22:54:25.011592875+00:00,1,0,0,0,0,0
2026-09-09T22:54:25.011595375+00:00,1,1,0,0,0,0
2026-09-09T22:54:25.011601375+00:00,1,0,0,0,0,0
2026-09-09T22:54:25.011604250+00:00,1,1,0,0,0,0
2026-09-09T22:54:25.011611250+00:00,1,0,0,0,0,0
2026-09-09T22:54:25.011614375+00:00,1,1,0,0,0,0
2026-09-09T22:54:25.011620500+00:00,1,0,0,0,0,0
2026-09-09T22:54:25.011624750+00:00,1,1,0,0,0,0
2026-09-09T22:54:25.011631000+00:00,1,0,0,0,0,0
2026-09-09T22:54:25.011633125+00:00,1,1,0,0,0,0
2026-09-09T22:54:25.011639375+00:00,1,0,0,0,0,0
2026-09-09T22:54:25.011641875+00:00,1,1,0,0,0,0
2026-09-09T22:54:25.011647750+00:00,1,0,0,0,0,0
2026-09-09T22:54:25.011650000+00:00,1,1,0,0,0,0
2026-09-09T22:54:25.011656500+00:00,1,0,0,0,0,0
2026-09-09T22:54:25.011659000+00:00,1,1,0,0,0,0
2026-09-09T22:54:25.011665875+00:00,1,0,0,0,0,0
2026-09-09T22:54:25.011669000+00:00,1,1,0,0,0,0
2026-09-09T22:54:25.011675125+00:00,1,0,0,0,0,0
2026-09-09T22:54:25.011678000+00:00,1,1,0,0,0,0
2026-09-09T22:54:25.011684500+00:00,1,0,0,0,0,0
2026-09-09T22:54:25.011687000+00:00,1,1,0,0,0,0
2026-09-09T22:54:25.011693125+00:00,1,0,0,0,0,0
2026-09-09T22:54:25.011695875+00:00,1,1,0,0,0,0
2026-09-09T22:54:25.011702500+00:00,1,0,0,0,0,0
2026-09-09T22:54:25.011704625+00:00,1,1,0,0,0,0
2026-09-09T22:54:25.011712500+00:00,1,0,0,0,0,0
2026-09-09T22:54:25.011714625+00:00,1,1,0,0,0,0
2026-09-09T22:54:25.011721625+00:00,1,0,0,0,0,0
2026-09-09T22:54:25.011724750+00:00,1,1,0,0,0,0
2026-09-09T22:54:25.011731125+00:00,1,0,0,0,0,0
2026-09-09T22:54:25.011733500+00:00,1,1,0,0,0,0
2026-09-09T22:54:25.011740125+00:00,1,0,0,0,0,0
2026-09-09T22:54:25.011742625+00:00,1,1,0,0,0,0
2026-09-09T22:54:25.011748625+00:00,1,0,0,0,0,0
2026-09-09T22:54:25.011751500+00:00,1,1,0,0,0,0
2026-09-09T22:54:25.011758375+00:00,1,0,0,0,0,0
2026-09-09T22:54:25.011761500+00:00,1,1,0,0,0,0
2026-09-09T22:54:25.011767750+00:00,1,0,0,0,0,0
2026-09-09T22:54:25.011770250+00:00,1,1,0,0,0,0
2026-09-09T22:54:25.011777125+00:00,1,0,0,0,0,0
2026-09-09T22:54:25.011779375+00:00,1,1,0,0,0,0
2026-09-09T22:54:25.011785750+00:00,1,0,0,0,0,0
2026-09-09T22:54:25.011788250+00:00,1,1,0,0,0,0
2026-09-09T22:54:25.011794875+00:00,1,0,0,0,0,0
2026-09-09T22:54:25.011798125+00:00,1,1,0,0,0,0
2026-09-09T22:54:25.011804625+00:00,1,0,0,0,0,0
2026-09-09T22:54:25.011807125+00:00,1,1,0,0,0,0
2026-09-09T22:54:25.011814000+00:00,1,0,0,0,0,0
2026-09-09T22:54:25.011817125+00:00,1,1,0,0,0,0
2026-09-09T22:54:25.011823125+00:00,1,0,0,0,0,0
2026-09-09T22:54:25.011826000+00:00,1,1,0,0,0,0
2026-09-09T22:54:25.011832625+00:00,1,0,0,0,0,0
2026-09-09T22:54:25.011835125+00:00,1,1,0,0,0,0
2026-09-09T22:54:25.011841500+00:00,1,0,0,0,0,0
2026-09-09T22:54:25.011844000+00:00,1,1,0,0,0,0
2026-09-09T22:54:25.011850625+00:00,1,0,0,0,0,0
2026-09-09T22:54:25.011853125+00:00,1,1,0,0,0,0
2026-09-09T22:54:25.011859250+00:00,1,0,0,0,0,0
2026-09-09T22:54:25.011862000+00:00,1,1,0,0,0,0
2026-09-09T22:54:25.011868750+00:00,1,0,0,0,0,0
2026-09-09T22:54:25.011871875+00:00,1,1,0,0,0,0
2026-09-09T22:54:25.011877875+00:00,1,0,0,0,0,0
2026-09-09T22:54:25.011880625+00:00,1,1,0,0,0,0
2026-09-09T22:54:25.011888250+00:00,1,0,0,0,0,0
2026-09-09T22:54:25.011890750+00:00,1,1,0,0,0,0
2026-09-09T22:54:25.011897250+00:00,1,0,0,0,0,0
2026-09-09T22:54:25.011899750+00:00,1,1,0,0,0,0
2026-09-09T22:54:25.011906250+00:00,1,0,0,0,0,0
2026-09-09T22:54:25.011908750+00:00,1,1,0,0,0,0
2026-09-09T22:54:25.011914625+00:00,1,0,0,0,0,0
2026-09-09T22:54:25.011917500+00:00,1,1,0,0,0,0
2026-09-09T22:54:25.011924125+00:00,1,0,0,0,0,0
2026-09-09T22:54:25.011926625+00:00,1,1,0,0,0,0
2026-09-09T22:54:25.011932875+00:00,1,0,0,0,0,0
2026-09-09T22:54:25.011935375+00:00,1,1,0,0,0,0
2026-09-09T22:54:25.011942375+00:00,1,0,0,0,0,0
2026-09-09T22:54:25.011945500+00:00,1,1,0,0,0,0
2026-09-09T22:54:25.011951500+00:00,1,0,0,0,0,0
2026-09-09T22:54:25.011954250+00:00,1,1,0,0,0,0
2026-09-09T22:54:25.011961125+00:00,1,0,0,0,0,0
2026-09-09T22:54:25.011963250+00:00,1,1,0,0,0,0
2026-09-09T22:54:25.011971125+00:00,1,0,0,0,0,0
2026-09-09T22:54:25.011973250+00:00,1,1,0,0,0,0
2026-09-09T22:54:25.011980250+00:00,1,0,0,0,0,0
2026-09-09T22:54:25.011983375+00:00,1,1,0,0,0,0
2026-09-09T22:54:25.011989625+00:00,1,0,0,0,0,0
2026-09-09T22:54:25.011992125+00:00,1,1,0,0,0,0
2026-09-09T22:54:25.011998875+00:00,1,0,0,0,0,0
2026-09-09T22:54:25.012001125+00:00,1,1,0,0,0,0
2026-09-09T22:54:25.012007375+00:00,1,0,0,0,0,0
2026-09-09T22:54:25.012010250+00:00,1,1,0,0,0,0
2026-09-09T22:54:25.012016750+00:00,1,0,0,0,0,0
2026-09-09T22:54:25.012019000+00:00,1,1,0,0,0,0
2026-09-09T22:54:25.012025625+00:00,1,0,0,0,0,0
2026-09-09T22:54:25.012028125+00:00,1,1,0,0,0,0
2026-09-09T22:54:25.012034625+00:00,1,0,0,0,0,0
2026-09-09T22:54:25.012036750+00:00,1,1,0,0,0,0
2026-09-09T22:54:25.012042500+00:00,1,0,0,0,0,0
2026-09-09T22:54:25.012045000+00:00,1,1,0,0,0,0
2026-09-09T22:54:25.012051625+00:00,1,0,0,0,0,0
2026-09-09T22:54:25.012053875+00:00,1,1,0,0,0,0
2026-09-09T22:54:25.012060375+00:00,1,0,0,0,0,0
2026-09-09T22:54:25.012062875+00:00,1,1,0,0,0,0
2026-09-09T22:54:25.012069250+00:00,1,0,0,0,0,0
2026-09-09T22:54:25.012071750+00:00,1,1,0,0,0,0
2026-09-09T22:54:25.012078125+00:00,1,0,0,0,0,0
2026-09-09T22:54:25.012080625+00:00,1,1,0,0,0,0
2026-09-09T22:54:25.012087500+00:00,1,0,0,0,0,0
2026-09-09T22:54:25.012089625+00:00,1,1,0,0,0,0
2026-09-09T22:54:25.012096750+00:00,1,0,1,0,1,0
2026-09-09T22:54:25.012099625+00:00,1,1,1,0,1,0
2026-09-09T22:54:25.012106750+00:00,1,0,1,0,1,0
2026-09-09T22:54:25.012109625+00:00,1,1,1,0,1,0
2026-09-09T22:54:25.012116000+00:00,1,0,0,1,0,1
2026-09-09T22:54:25.012118500+00:00,1,1,0,1,0,1
2026-09-09T22:54:25.012125500+00:00,1,0,0,1,0,1
2026-09-09T22:54:25.012128375+00:00,1,1,0,1,0,1
2026-09-09T22:54:25.012135000+00:00,1,0,0,0,1,0
2026-09-09T22:54:25.012137375+00:00,1,1,0,0,1,0
2026-09-09T22:54:25.012145625+00:00,1,0,1,0,0,1
2026-09-09T22:54:25.012148375+00:00,1,1,1,0,0,1
2026-09-09T22:54:25.012154500+00:00,1,0,0,0,1,0
2026-09-09T22:54:25.012157375+00:00,1,1,0,0,1,0
2026-09-09T22:54:25.012164000+00:00,1,0,1,1,0,0
2026-09-09T22:54:25.012166125+00:00,1,1,1,1,0,0
2026-09-09T22:54:25.012172750+00:00,1,0,1,1,0,0
2026-09-09T22:54:25.012172875+00:00,1,0,0,0,1,0
2026-09-09T22:54:25.012175250+00:00,1,1,0,0,1,0
2026-09-09T22:54:25.012182000+00:00,1,0,1,1,1,0
2026-09-09T22:54:25.012185250+00:00,1,1,1,1,1,0
2026-09-09T22:54:25.012191500+00:00,1,0,1,1,0,1
2026-09-09T22:54:25.012194000+00:00,1,1,1,1,0,1
2026-09-09T22:54:25.012201000+00:00,1,0,0,0,0,1
2026-09-09T22:54:25.012204125+00:00,1,1,0,0,0,1
2026-09-09T22:54:25.012210500+00:00,1,0,0,1,1,0
2026-09-09T22:54:25.012213000+00:00,1,1,0,1,1,0
2026-09-09T22:54:25.012220250+00:00,1,0,1,0,0,1
2026-09-09T22:54:25.012223125+00:00,1,1,1,0,0,1
2026-09-09T22:54:25.012229625+00:00,1,0,1,1,0,0
2026-09-09T22:54:25.012232125+00:00,1,1,1,1,0,0
2026-09-09T22:54:25.012237000+00:00,1,0,0,0,0,0
2026-09-09T22:54:25.012239875+00:00,1,1,0,0,0,0
2026-09-09T22:54:25.012244625+00:00,1,0,0,0,0,0
2026-09-09T22:54:25.012244750+00:00,1,0,0,1,0,1
2026-09-09T22:54:25.012246875+00:00,1,1,0,1,0,1
2026-09-09T22:54:25.012251750+00:00,1,0,1,0,1,1
2026-09-09T22:54:25.012254875+00:00,1,1,1,0,1,1
2026-09-09T22:54:25.012259875+00:00,1,0,1,1,1,0
2026-09-09T22:54:25.012262625+00:00,1,1,1,1,1,0
2026-09-09T22:54:25.012267875+00:00,1,0,1,1,1,0
2026-09-09T22:54:25.012270750+00:00,1,1,1,1,1,0
2026-09-09T22:54:25.012275500+00:00,1,0,1,1,1,1
2026-09-09T22:54:25.012277750+00:00,1,1,1,1,1,1
2026-09-09T22:54:25.012282500+00:00,1,0,1,1,1,1
2026-09-09T22:54:25.012285750+00:00,1,1,1,1,1,1
2026-09-09T22:54:25.012290500+00:00,1,0,1,1,1,1
2026-09-09T22:54:25.012293625+00:00,1,1,1,1,1,1
2026-09-09T22:54:25.012298500+00:00,1,0,1,1,1,1
2026-09-09T22:54:25.012301625+00:00,1,1,1,1,1,1
2026-09-09T22:54:25.012306500+00:00,1,0,1,1,1,1
2026-09-09T22:54:25.012309625+00:00,1,1,1,1,1,1
2026-09-09T22:54:25.012315875+00:00,1,0,1,1,1,1
2026-09-09T22:54:25.012318375+00:00,1,1,1,1,1,1
2026-09-09T22:54:25.012323500+00:00,1,0,1,1,1,1
2026-09-09T22:54:25.012326375+00:00,1,1,1,1,1,1
2026-09-09T22:54:25.012331500+00:00,1,0,1,1,1,1
2026-09-09T22:54:25.012334250+00:00,1,1,1,1,1,1
2026-09-09T22:54:25.012339375+00:00,1,0,1,1,1,1
2026-09-09T22:54:25.012342250+00:00,1,1,1,1,1,1
2026-09-09T22:54:25.012347625+00:00,1,0,1,1,1,1
2026-09-09T22:54:25.012350250+00:00,1,1,1,1,1,1
2026-09-09T22:54:25.013467125+00:00,1,1,1,1,1,1
